user_id,user_name_hashed,email_hashed,signup_date,country,acquisition_channel,age,total_orders,lifetime_value_ltv,last_order_date,first_order_date,recency_days,is_churned
USR_1000,340353b22ffffceb,213bfa35e27ef6f7,2024-01-01 00:00:00.000000,NL,Organic,45,6,5414.18,2026-01-03 21:48:21.460292,2024-03-16 17:06:38.239647,178,0
USR_1001,e193a986eeaf1e8d,54bc5896bfcabbc7,2024-01-01 17:32:15.135135,TR,Paid Search,24,3,2024.77,2026-03-08 19:25:28.865773,2024-11-10 10:00:01.440288,114,0
USR_1002,d55653de3e1b6fff,98d28db99c10a605,2024-01-02 11:04:30.270270,CH,Referral,52,3,1347.88,2025-10-26 08:59:31.914382,2024-05-29 15:32:43.832766,247,1
USR_1003,0863373776cf83ee,e565ac552fb129a0,2024-01-03 04:36:45.405405,CH,Social Media,45,3,881.37,2025-03-30 04:31:38.299659,2024-02-24 18:21:14.654930,457,1
USR_1004,21f9dc444a052dac,da9b96cb408a4d16,2024-01-03 22:09:00.540540,DE,Referral,31,3,2406.35,2026-04-04 22:03:02.916583,2024-12-13 03:49:17.631526,87,0
USR_1005,75aaa3993a0f7601,1bf5b6742b782130,2024-01-04 15:41:15.675675,DE,Social Media,27,6,4435.73,2025-02-08 08:53:46.245249,2024-06-09 00:48:40.904180,507,1
USR_1006,ff4b47deecacc98b,03ca47db51a07dbf,2024-01-05 09:13:30.810810,DE,Social Media,33,5,3999.74,2026-05-26 11:55:49.389877,2024-05-02 04:28:10.898179,35,0
USR_1007,7d28c148d3b89ff4,8199fe33f9a96514,2024-01-06 02:45:45.945945,UK,Referral,33,5,6343.13,2026-03-10 17:53:52.726545,2024-09-16 20:17:54.454890,112,0
USR_1008,2f932f79e9a5e673,03194697ff7b55b8,2024-01-06 20:18:01.081081,CH,Organic,48,2,1360.54,2026-02-24 20:08:06.817363,2025-03-19 15:02:11.786357,126,0
USR_1009,dc9963c10a84b4bc,3543b016783a36b6,2024-01-07 13:50:16.216216,CH,Paid Search,59,6,2148.44,2026-01-05 03:22:47.553510,2024-02-03 15:22:21.628325,176,0
USR_1010,992161ab8533d605,5e7946a1a43fb1fb,2024-01-08 07:22:31.351351,DE,Organic,42,3,2258.72,2026-04-16 21:20:24.964993,2024-06-19 18:31:36.859371,75,0
USR_1011,b679e71e72c67aa2,322f6d156d7a6b29,2024-01-09 00:54:46.486486,TR,Email,30,5,2825.08,2026-03-06 08:16:36.679335,2024-04-05 01:50:36.847369,116,0
USR_1012,0b0d3454ef3bd7e3,29c98693861d0bd7,2024-01-09 18:27:01.621621,UK,Email,23,8,9146.21,2026-04-05 14:57:00.684136,2024-09-13 20:28:33.942788,86,0
USR_1013,8d8606a062c1f815,d13b4dc0da9b714d,2024-01-10 11:59:16.756756,DE,Organic,61,5,2977.01,2026-06-26 03:03:12.278455,2024-09-03 02:45:37.987597,4,0
USR_1014,a50f7e82209221c0,23e721cd1cc899c0,2024-01-11 05:31:31.891891,DE,Social Media,26,2,2419.88,2025-09-15 12:49:41.396279,2025-07-23 11:48:02.736547,288,1
USR_1015,ea4d28a75cfb2656,1543e1dfc7c8d045,2024-01-11 23:03:47.027027,DE,Email,62,1,833.16,2025-07-21 21:46:37.759551,2025-07-21 21:46:37.759551,344,1
USR_1016,d8aa732ff00541a2,7a81d150811c6106,2024-01-12 16:36:02.162162,NL,Organic,53,4,3708.37,2026-06-20 03:24:31.254250,2024-02-08 09:26:36.559311,10,0
USR_1017,1deb1cdee51ce4bf,f5a33665c4c7c420,2024-01-13 10:08:17.297297,NL,Social Media,60,3,1916.56,2025-11-24 22:45:58.151630,2024-06-16 01:48:18.579715,218,1
USR_1018,50f0facb8c62a5d9,a966a9a4d3191ce5,2024-01-14 03:40:32.432432,NL,Email,37,7,6243.36,2026-06-11 16:36:58.043608,2024-04-09 03:00:54.010802,19,0
USR_1019,ec2ba384c65b5551,e5c4ea23beceee91,2024-01-14 21:12:47.567567,DE,Organic,35,1,1932.71,2026-03-13 17:43:13.238647,2026-03-13 17:43:13.238647,109,0
USR_1020,0cada378287f5523,9896565f67bdd374,2024-01-15 14:45:02.702702,CH,Social Media,60,2,1125.13,2025-10-16 16:37:32.610522,2025-09-12 04:33:22.000400,257,1
USR_1021,13cfd283ed75e503,d5545be7a0425965,2024-01-16 08:17:17.837837,DE,Organic,38,6,3260.31,2025-11-09 23:39:15.591118,2024-03-07 21:52:06.145229,233,1
USR_1022,0f12c6d6ad48c4ff,a8fe03a53c10eb6d,2024-01-17 01:49:32.972972,DE,Email,21,0,0.0,,,999,1
USR_1023,d8eacbde450df1c1,b9c200e17f429af8,2024-01-17 19:21:48.108108,NL,Email,50,1,845.74,2025-10-29 00:21:53.542708,2025-10-29 00:21:53.542708,244,1
USR_1024,db4d5050198b027c,776495697db4b5ae,2024-01-18 12:54:03.243243,NL,Email,44,9,6274.81,2026-06-09 22:22:03.624724,2024-05-01 03:07:14.246849,21,0
USR_1025,9f2a17970f0018ce,c259c0f597fad436,2024-01-19 06:26:18.378378,UK,Paid Search,24,3,1498.26,2026-04-17 05:47:23.848769,2025-01-16 07:26:29.357871,74,0
USR_1026,08c718073ad1402c,056a650cf99536f2,2024-01-19 23:58:33.513513,DE,Referral,23,4,3315.19,2025-12-27 08:08:15.459091,2024-08-17 22:04:29.333866,185,1
USR_1027,052486da722af906,8d3be36478cd27a8,2024-01-20 17:30:48.648648,NL,Referral,32,3,2557.37,2026-05-06 18:44:51.898379,2024-11-29 22:57:29.489897,55,0
USR_1028,bccd6c7f05b780ae,0a076caf2fa21684,2024-01-21 11:03:03.783783,CH,Paid Search,35,2,346.15,2025-05-13 17:24:47.097419,2024-09-17 00:31:23.896779,413,1
USR_1029,d28aa62f4092e1ba,a5995d266e6406fc,2024-01-22 04:35:18.918918,DE,Referral,49,3,2342.4,2025-04-06 22:25:13.742748,2024-12-31 15:25:49.029805,450,1
USR_1030,5a297d2202a4f38b,eadb0731e2e2aaf5,2024-01-22 22:07:34.054054,CH,Organic,28,2,335.43,2025-06-22 12:13:40.964192,2024-10-07 14:49:48.597719,373,1
USR_1031,5a2437ab17fc67ff,9b3a5dca4a5c16e3,2024-01-23 15:39:49.189189,DE,Social Media,37,4,3975.35,2026-01-08 20:06:05.833166,2024-03-09 20:20:30.006001,173,0
USR_1032,579f0b436520029c,49449ddf55bff77c,2024-01-24 09:12:04.324324,DE,Organic,41,1,194.72,2024-04-08 05:53:26.801360,2024-04-08 05:53:26.801360,813,1
USR_1033,dc3b16f9031d7493,71b2c8c1a2876147,2024-01-25 02:44:19.459459,TR,Organic,32,0,0.0,,,999,1
USR_1034,5948671556509fe8,ea04d5a975beeb9b,2024-01-25 20:16:34.594594,TR,Organic,24,4,3133.27,2025-10-20 13:34:20.332066,2025-07-18 05:03:19.479895,253,1
USR_1035,294f57930a9fb9e0,1acf3d3c552a787c,2024-01-26 13:48:49.729729,UK,Social Media,38,2,2304.3,2025-04-21 13:04:57.419483,2024-10-04 19:13:57.527505,435,1
USR_1036,e53165bad5ecea34,776ef4a7d355fb51,2024-01-27 07:21:04.864864,NL,Paid Search,59,2,2989.48,2026-05-23 20:33:27.761552,2025-08-15 17:28:49.065813,38,0
USR_1037,3af9ff9850eaf4dc,699ecf5f46125709,2024-01-28 00:53:20.000000,DE,Social Media,43,3,1716.34,2024-10-19 05:40:11.762352,2024-03-02 23:34:21.772354,619,1
USR_1038,4e89c60e03d58b01,9535d3441e44310f,2024-01-28 18:25:35.135135,CH,Organic,61,6,2661.06,2026-03-19 17:21:54.262852,2024-05-10 23:42:42.992598,103,0
USR_1039,0365f4085630dbd4,14a72826c4a58842,2024-01-29 11:57:50.270270,NL,Paid Search,31,5,3559.68,2026-04-14 18:38:31.662332,2024-02-23 08:33:19.119823,77,0
USR_1040,d32468e0b1f2cba6,031791b0d9dd28bc,2024-01-30 05:30:05.405405,DE,Paid Search,54,3,3208.93,2026-01-14 19:44:46.857371,2024-02-12 06:23:24.280856,167,0
USR_1041,d2848ec90c6a0b25,9fad43adc94b87a8,2024-01-30 23:02:20.540540,NL,Referral,38,7,4967.31,2026-06-19 10:30:33.486697,2024-11-21 16:23:25.721144,11,0
USR_1042,bd393ca7ad5155db,43ded1a27c1d4801,2024-01-31 16:34:35.675675,DE,Paid Search,35,5,4771.41,2026-01-03 09:07:53.134626,2024-05-09 13:54:47.457491,178,0
USR_1043,f249206ad9e4cb53,4489e6b35ef5dab0,2024-02-01 10:06:50.810810,TR,Social Media,22,5,6877.63,2025-12-27 03:54:46.017203,2024-07-24 02:22:18.027605,185,1
USR_1044,4f98baadb1cbe71d,9b6564070700660f,2024-02-02 03:39:05.945945,DE,Referral,20,4,3316.43,2026-05-24 13:27:25.529105,2024-09-19 15:53:45.525105,37,0
USR_1045,84a266ed089142d7,2ea5de199c26cfad,2024-02-02 21:11:21.081081,CH,Social Media,40,2,2140.68,2025-05-31 07:53:51.286257,2024-05-03 22:43:05.317063,395,1
USR_1046,d04755d6450ac9de,ac7cb95fa056f233,2024-02-03 14:43:36.216216,NL,Organic,43,3,2064.14,2025-02-17 04:08:18.339667,2024-03-06 20:31:09.493898,498,1
USR_1047,c81f2f51d76eb2fd,742210c073565953,2024-02-04 08:15:51.351351,NL,Organic,54,5,3658.91,2025-09-13 01:40:49.209841,2024-07-20 13:52:29.189837,290,1
USR_1048,d9cd984f7d21a5ab,a96a685d9f49682b,2024-02-05 01:48:06.486486,NL,Referral,41,3,3163.0,2026-01-30 20:12:26.069213,2024-07-12 07:18:25.421084,151,0
USR_1049,1fbf0a922aa442c7,ad7718adbeeba5e0,2024-02-05 19:20:21.621621,DE,Organic,36,6,4586.38,2025-10-29 17:15:51.310262,2024-04-08 14:20:25.685137,244,1
USR_1050,296b6700ef93e769,d2895b53e094f131,2024-02-06 12:52:36.756756,TR,Referral,42,3,4010.85,2026-05-15 01:18:55.667133,2026-02-20 10:30:50.770154,46,0
USR_1051,50f51573d925372b,e959721f61a84e81,2024-02-07 06:24:51.891891,UK,Paid Search,38,4,3414.58,2025-11-30 22:24:39.175835,2024-06-05 03:51:53.182636,212,1
USR_1052,6f24f04e496397a2,a340b1ee0c8cdffe,2024-02-07 23:57:07.027027,TR,Email,29,2,2122.46,2025-07-15 01:00:29.525905,2024-10-26 10:53:18.879775,350,1
USR_1053,3093b5c70f691da5,e0a3d6de4cd86220,2024-02-08 17:29:22.162162,UK,Referral,58,5,3952.58,2025-12-16 22:52:18.387677,2024-05-05 21:11:29.177835,196,1
USR_1054,12c072c0bed30252,b694fdfff5fc4b11,2024-02-09 11:01:37.297297,CH,Email,50,2,1784.6,2026-06-14 12:12:49.113822,2026-05-28 01:57:14.366873,16,0
USR_1055,b2b14fd954888a32,69a282a36841d910,2024-02-10 04:33:52.432432,TR,Paid Search,21,4,2296.46,2026-01-08 07:25:37.507501,2024-12-29 04:16:56.843368,173,0
USR_1056,104df9253781a71b,5a44deb0b99dfe02,2024-02-10 22:06:07.567567,DE,Referral,59,5,5057.97,2026-06-26 19:57:10.046009,2024-07-08 18:48:36.583316,4,0
USR_1057,bf2129e5ed0c208b,2425edbe76422c24,2024-02-11 15:38:22.702702,DE,Paid Search,24,3,2701.73,2026-06-02 08:41:57.623524,2025-05-11 23:09:52.678535,28,0
USR_1058,9f45f30a51381205,9f9ed672285ebf70,2024-02-12 09:10:37.837837,DE,Paid Search,39,7,5499.28,2026-05-12 01:29:35.155031,2024-04-08 01:39:57.359471,49,0
USR_1059,c6d1e9de4a223068,2c3eceb686338a9d,2024-02-13 02:42:52.972972,NL,Social Media,50,3,1773.81,2025-04-15 04:59:17.511502,2024-10-03 05:12:32.550510,441,1
USR_1060,25a5d32b9f123ef1,1eb2345065b0053e,2024-02-13 20:15:08.108108,NL,Referral,34,4,4156.07,2025-12-16 18:38:48.945789,2024-05-13 23:32:03.504700,196,1
USR_1061,fef0ccd9346da2e5,b7fecc2aa0431931,2024-02-14 13:47:23.243243,DE,Email,41,3,1207.24,2026-05-25 02:07:53.854770,2024-07-18 15:24:05.329065,36,0
USR_1062,b1ef903b40fe1a70,1735228b71c14999,2024-02-15 07:19:38.378378,UK,Referral,51,4,2787.54,2026-05-04 16:02:58.595719,2024-05-26 03:02:54.994999,57,0
USR_1063,273016b51a47706e,c1097ff1de5b9efa,2024-02-16 00:51:53.513513,NL,Paid Search,45,4,2109.2,2025-08-21 17:07:30.090018,2024-09-07 16:36:23.476695,313,1
USR_1064,bfb6d767c1f9344f,e2a7f5b598344efb,2024-02-16 18:24:08.648648,DE,Paid Search,60,6,7731.98,2025-12-17 19:59:45.597119,2024-03-21 19:37:52.054410,195,1
USR_1065,b7caf8a8d5f50ef6,7e4dedb2ba549cc4,2024-02-17 11:56:23.783783,NL,Social Media,58,1,464.01,2025-08-06 22:14:16.971394,2025-08-06 22:14:16.971394,328,1
USR_1066,85161bf764384141,775c5b52bbdabe3a,2024-02-18 05:28:38.918918,DE,Organic,56,1,1259.23,2025-09-21 08:14:52.978595,2025-09-21 08:14:52.978595,282,1
USR_1067,ace8bdfac1f0dfef,a3df6acc8425bf49,2024-02-18 23:00:54.054054,UK,Organic,39,4,1941.64,2026-04-20 14:03:43.244648,2024-05-02 00:14:41.456291,71,0
USR_1068,3b4f6e051271adda,c9e935be1ac39ae9,2024-02-19 16:33:09.189189,DE,Paid Search,34,8,4554.56,2026-06-02 04:28:28.181636,2024-04-07 12:59:29.033806,28,0
USR_1069,f955c48ad346667f,67007d6d9cf7efce,2024-02-20 10:05:24.324324,TR,Organic,51,3,3548.89,2026-03-19 00:27:56.495299,2024-08-11 18:12:18.867773,103,0
USR_1070,447474942421654d,381257c326ee5888,2024-02-21 03:37:39.459459,UK,Organic,23,8,6062.94,2026-06-07 11:13:11.438287,2024-06-28 13:46:08.953790,23,0
USR_1071,49d6106c12affbed,8f0ce22532384dd6,2024-02-21 21:09:54.594594,DE,Organic,63,6,4626.14,2025-05-08 02:13:04.956991,2024-10-24 16:38:24.460892,418,1
USR_1072,afe458df0171877c,e73834591eeb8c04,2024-02-22 14:42:09.729729,DE,Organic,23,10,9262.93,2026-01-22 13:38:22.300460,2024-03-18 19:48:31.542308,159,0
USR_1073,b9b0069d47dee95b,edc11c3162f84c4d,2024-02-23 08:14:24.864864,UK,Organic,51,3,2828.4,2026-01-13 14:10:20.764152,2024-08-29 00:14:24.172834,168,0
USR_1074,7674e1589c167358,2b40a2f7ac973ff4,2024-02-24 01:46:40.000000,CH,Email,18,5,2867.84,2026-04-26 13:42:24.268853,2024-09-05 05:27:31.290258,65,0
USR_1075,ba0f85de46068a4f,c0798b6e70889193,2024-02-24 19:18:55.135135,CH,Paid Search,27,5,4840.78,2025-08-13 06:19:56.879375,2024-06-10 23:17:04.764952,321,1
USR_1076,2e746ee44497ebfd,b13697b1d5f1a07f,2024-02-25 12:51:10.270270,UK,Paid Search,38,2,2785.2,2025-05-21 15:31:51.982396,2024-08-15 19:22:36.031206,405,1
USR_1077,ea7f7b1440ccaee2,b1053da50e232738,2024-02-26 06:23:25.405405,DE,Social Media,22,4,2303.52,2026-05-31 22:54:02.088417,2024-03-24 19:27:12.566513,30,0
USR_1078,91e4d5385b5d22b5,63139cde063fa2a9,2024-02-26 23:55:40.540540,NL,Organic,19,7,5742.44,2026-01-25 05:00:43.928785,2024-04-29 00:25:20.944188,156,0
USR_1079,4f4fa897118317ea,eb23eab9e1e68305,2024-02-27 17:27:55.675675,DE,Email,39,0,0.0,,,999,1
USR_1080,8f2391dc2b9b97bc,28846b9d72562570,2024-02-28 11:00:10.810810,UK,Referral,19,4,2347.3,2026-06-22 23:00:22.324464,2024-03-14 18:38:14.378875,8,0
USR_1081,416dd45fb1b70ee8,e38be16f158ea391,2024-02-29 04:32:25.945945,CH,Organic,27,7,4563.14,2026-01-22 05:11:23.416683,2024-02-09 19:14:32.094418,159,0
USR_1082,9de58c1bad3990e3,a467187a0eeaef91,2024-02-29 22:04:41.081081,NL,Paid Search,51,3,1806.27,2025-12-06 05:09:22.432486,2024-12-04 04:21:16.095219,206,1
USR_1083,a5020c5d21ba242c,a33ef17a08ae3b64,2024-03-01 15:36:56.216216,DE,Referral,33,5,7189.38,2026-05-22 06:32:02.784556,2024-02-18 14:29:04.188837,39,0
USR_1084,794dc8e08874f203,c1d6aa7747819d22,2024-03-02 09:09:11.351351,NL,Email,56,6,2898.86,2026-06-01 03:07:31.530306,2024-03-01 01:05:57.911582,29,0
USR_1085,fe422455f600805e,f8be71bae6405f49,2024-03-03 02:41:26.486486,NL,Paid Search,39,2,2352.26,2025-05-18 11:29:02.028405,2024-10-05 07:54:25.853170,408,1
USR_1086,d173d770e3d01d79,438559077b23ee0d,2024-03-03 20:13:41.621621,CH,Social Media,29,5,4525.45,2026-02-13 13:44:42.536507,2024-06-10 14:50:05.881176,137,0
USR_1087,4e25eb2a07878a24,86ba0368c09fba61,2024-03-04 13:45:56.756756,CH,Organic,41,5,3632.66,2026-04-10 04:47:46.173234,2024-03-15 07:18:42.704540,81,0
USR_1088,66e00d53e3b5b28a,0026b2c42ed388de,2024-03-05 07:18:11.891891,UK,Email,64,2,2982.38,2025-09-28 13:28:00.096019,2024-03-30 23:19:23.032606,275,1
USR_1089,c8b05dad14fa457e,32baf854bba34430,2024-03-06 00:50:27.027027,NL,Organic,57,8,6229.79,2026-05-10 15:41:39.619923,2024-09-13 12:01:35.059011,51,0
USR_1090,2a6d9418f6415391,901449cd9ffe256f,2024-03-06 18:22:42.162162,DE,Email,55,3,2948.3,2024-12-24 14:26:11.354270,2024-02-09 15:01:02.652530,553,1
USR_1091,da263b6d187aaeaa,a9cd0af19f29ac9d,2024-03-07 11:54:57.297297,CH,Social Media,27,3,2114.73,2025-07-31 22:35:35.947189,2024-05-25 14:22:26.669333,334,1
USR_1092,6bd491a3ee58d7fc,270174e8a80dc72a,2024-03-08 05:27:12.432432,UK,Social Media,52,8,5847.01,2026-02-25 08:48:35.143028,2024-06-25 22:23:47.325465,125,0
USR_1093,c514017016bd9256,d2be02b967f810a8,2024-03-08 22:59:27.567567,CH,Paid Search,49,3,2742.0,2026-01-18 20:55:04.020804,2024-09-13 16:15:04.500900,163,0
USR_1094,d9b18269bc7816c2,a5aac86c08b89e47,2024-03-09 16:31:42.702702,UK,Organic,24,3,3123.13,2026-06-06 18:19:13.670734,2024-03-31 07:46:21.916383,24,0
USR_1095,c09fe5e16f3cdf14,058653f1cf5906f1,2024-03-10 10:03:57.837837,NL,Organic,38,6,4170.26,2025-04-23 11:33:21.280256,2024-03-16 00:12:40.472094,433,1
USR_1096,4d542c7fd6e03ae2,c51c23ad3b2ee499,2024-03-11 03:36:12.972972,NL,Organic,37,5,4714.63,2026-01-06 21:37:41.972394,2024-04-06 15:52:01.824364,175,0
USR_1097,196ed9d6405de687,a986d6dcb8ac2007,2024-03-11 21:08:28.108108,NL,Organic,43,4,3111.04,2025-11-05 09:48:30.102020,2024-04-18 23:36:22.756551,237,1
USR_1098,6bd68d9e7eb36b50,2d86a7f327118c0a,2024-03-12 14:40:43.243243,DE,Referral,21,4,3795.0,2026-04-24 11:00:30.966193,2024-02-15 10:26:14.234846,67,0
USR_1099,8e9438512b509179,7fc169aa6aef56c5,2024-03-13 08:12:58.378378,DE,Paid Search,63,2,1364.4,2024-04-26 21:43:27.641528,2024-03-22 16:45:19.263852,795,1
USR_1100,d73d0af60562bfaa,f893e6c804cfd8b5,2024-03-14 01:45:13.513513,DE,Organic,39,7,8339.17,2026-05-03 02:01:33.618723,2024-10-04 23:27:26.969393,58,0
USR_1101,de7ee11ffec6049e,51c9ad47c77b1e3c,2024-03-14 19:17:28.648648,CH,Email,32,1,671.91,2025-05-17 01:41:06.493298,2025-05-17 01:41:06.493298,409,1
USR_1102,3d4c9e6a950efc4f,1d8a53ad748a6c4d,2024-03-15 12:49:43.783783,NL,Referral,57,3,2733.23,2026-01-04 23:09:18.111622,2024-06-30 03:47:33.930786,177,0
USR_1103,b22425a14a565451,925bda3357b587e2,2024-03-16 06:21:58.918918,NL,Email,38,4,2608.51,2025-04-26 11:22:41.792358,2024-03-15 15:45:41.588317,430,1
USR_1104,6617b076189dfe70,61b29f5259e5cb0c,2024-03-16 23:54:14.054054,TR,Email,32,5,3428.05,2026-05-05 04:43:26.921384,2024-02-12 10:36:53.722744,56,0
USR_1105,8f8ac31c31ffdb8b,9f8f5fac85da8d80,2024-03-17 17:26:29.189189,DE,Organic,39,1,404.02,2024-10-15 08:43:24.040808,2024-10-15 08:43:24.040808,623,1
USR_1106,af43cf558c347d66,1b480f078e634759,2024-03-18 10:58:44.324324,NL,Paid Search,45,3,1637.65,2026-01-24 12:06:46.161232,2024-11-21 07:56:26.837367,157,0
USR_1107,ade09efafe5cd90e,e8464c2ce8c8168f,2024-03-19 04:30:59.459459,UK,Referral,31,4,4718.88,2026-04-07 21:52:23.428685,2024-04-23 00:46:39.919983,84,0
USR_1108,343972c54b01c10f,0a8b90827915d78d,2024-03-19 22:03:14.594594,DE,Social Media,44,7,6417.62,2026-06-15 05:06:46.881376,2024-02-16 07:33:41.444288,15,0
USR_1109,f6776d5a74b1694a,3ab638fbcc5d3e24,2024-03-20 15:35:29.729729,DE,Organic,58,4,2212.33,2026-03-22 08:44:15.891178,2024-10-02 03:51:35.899179,100,0
USR_1110,4b722a7b8be83029,ccf21f97e69da379,2024-03-21 09:07:44.864864,DE,Referral,57,8,5756.28,2025-10-08 10:03:28.841768,2024-03-12 15:56:21.076215,265,1
USR_1111,6ca27c271bbf0db3,8ab91ab46bab37a1,2024-03-22 02:40:00.000000,DE,Organic,45,10,7853.33,2026-04-04 17:49:33.474694,2024-03-05 10:43:13.958791,87,0
USR_1112,deefd2c33b9422c3,ee97597535fa82bb,2024-03-22 20:12:15.135135,TR,Organic,43,5,3153.34,2025-11-25 11:26:26.477295,2024-04-04 21:37:07.405481,217,1
USR_1113,9fc017288a942062,a42f25442e57d532,2024-03-23 13:44:30.270270,UK,Paid Search,19,5,2061.18,2026-01-11 07:14:58.019603,2024-02-10 07:55:00.420084,170,0
USR_1114,0112b7b6b48787b1,1ba61d660d418b53,2024-03-24 07:16:45.405405,CH,Social Media,42,2,1465.18,2024-11-27 20:15:36.187237,2024-06-18 17:10:40.208041,580,1
USR_1115,5a1429c0ee831c7b,584368d938d6efa9,2024-03-25 00:49:00.540540,UK,Social Media,20,5,3742.31,2025-10-27 06:06:59.123824,2024-02-08 22:07:04.884976,246,1
USR_1116,d7b9fd8819874641,571915ed666e41d5,2024-03-25 18:21:15.675675,UK,Organic,25,5,4989.6,2026-05-27 00:36:17.715543,2025-07-04 03:04:04.128825,34,0
USR_1117,56c91713bb787b51,7ce3abcdbba1f62b,2024-03-26 11:53:30.810810,DE,Referral,61,3,2171.01,2026-06-18 21:50:05.161032,2025-08-06 05:20:19.203840,12,0
USR_1118,8a50886f7341dbc3,e68f557a9679ce39,2024-03-27 05:25:45.945945,UK,Organic,50,2,1866.99,2026-03-01 09:58:52.306461,2024-11-30 11:37:57.815563,121,0
USR_1119,e13c184dc986a05f,d2eee8350ba7d22b,2024-03-27 22:58:01.081081,NL,Organic,59,4,2928.5,2026-03-18 07:33:58.727745,2024-08-13 04:00:14.402880,104,0
USR_1120,fc3224fdf7ef085a,70a5dde068ab7331,2024-03-28 16:30:16.216216,UK,Referral,52,4,4109.6,2026-03-05 06:55:40.028005,2024-05-30 08:26:41.600320,117,0
USR_1121,71728eb3a2970521,33ffd4ef61e8dd55,2024-03-29 10:02:31.351351,UK,Email,23,3,2570.71,2025-12-10 14:46:38.479695,2024-07-17 05:36:09.793958,202,1
USR_1122,d4379c5aaf520306,2c7a8f10369f33c9,2024-03-30 03:34:46.486486,NL,Referral,56,3,1725.08,2025-10-23 09:10:11.402280,2025-04-25 10:01:45.141028,250,1
USR_1123,cddcc3ce5c01529f,16599d6a4c187f13,2024-03-30 21:07:01.621621,DE,Referral,40,2,1407.99,2025-03-09 09:59:44.156831,2024-04-04 13:10:08.521704,478,1
USR_1124,960445972e966462,4240c8c9d5f434a0,2024-03-31 14:39:16.756756,DE,Social Media,42,6,5103.77,2025-12-22 14:04:00.528105,2024-08-27 01:46:00.312062,190,1
USR_1125,d68ad4f5c6a7f5ff,4232c0ab03d39e1f,2024-04-01 08:11:31.891891,NL,Social Media,60,5,6081.71,2025-12-08 12:04:45.177035,2024-04-05 06:04:06.289257,204,1
USR_1126,9ce4fb35d78985b5,b8ef57bd3c312725,2024-04-02 01:43:47.027027,UK,Organic,36,3,2762.29,2026-06-08 08:20:38.647729,2024-05-06 22:32:25.829165,22,0
USR_1127,ef639e721e58f271,8f991ae1cd168490,2024-04-02 19:16:02.162162,UK,Paid Search,22,7,7141.85,2026-05-30 13:06:06.553310,2024-03-23 05:25:47.589517,31,0
USR_1128,8d4bc0f5e8d552c4,250f7f6568ae89c3,2024-04-03 12:48:17.297297,DE,Paid Search,28,10,7283.18,2026-03-14 14:50:40.448089,2024-02-05 05:23:46.605321,108,0
USR_1129,41a48c14beedb4db,b0e882b787dfc7ae,2024-04-04 06:20:32.432432,NL,Organic,29,7,4816.45,2026-02-14 23:32:38.071614,2025-03-27 00:28:48.345669,136,0
USR_1130,89411ea6f5a842fe,e0f1cab27e9ea43a,2024-04-04 23:52:47.567567,NL,Social Media,27,2,1390.5,2026-01-28 13:17:03.324664,2025-05-14 10:18:44.864972,153,0
USR_1131,afe0a22cfdf792ca,8d90452084564cc0,2024-04-05 17:25:02.702702,DE,Paid Search,25,5,3070.52,2026-03-05 11:09:09.469893,2024-02-18 01:48:35.863172,117,0
USR_1132,0d7acd6de4a794d5,3b34de28d1431d6a,2024-04-06 10:57:17.837837,DE,Organic,41,0,0.0,,,999,1
USR_1133,11173ae2ae8df26a,28d5b147b806b2c2,2024-04-07 04:29:32.972972,NL,Organic,45,7,5423.71,2026-02-18 07:48:57.467493,2024-04-24 23:15:03.780756,132,0
USR_1134,c5a4920f8f50b181,d1b72d7ea9e0a3fc,2024-04-07 22:01:48.108108,TR,Social Media,58,5,2733.78,2026-03-14 06:23:41.564312,2024-05-27 21:17:49.413882,108,0
USR_1135,f188b1f42304ef82,9b13aefc1e85edba,2024-04-08 15:34:03.243243,NL,Organic,53,1,1061.0,2024-07-21 02:32:57.515503,2024-07-21 02:32:57.515503,709,1
USR_1136,e440ccb0ea957a38,b49d650bb7cf2b94,2024-04-09 09:06:18.378378,NL,Referral,54,6,4277.2,2025-09-16 14:10:38.047609,2024-05-02 12:55:09.781956,287,1
USR_1137,3061016d6939a724,f123c7ea71b90985,2024-04-10 02:38:33.513513,CH,Paid Search,38,3,4211.08,2025-03-26 20:15:18.903780,2024-08-27 05:59:29.753950,461,1
USR_1138,b6d7043a7134c4f4,e6db6feeed3d74eb,2024-04-10 20:10:48.648648,NL,Paid Search,25,3,1824.48,2024-11-27 03:21:38.419683,2024-07-08 01:54:38.815763,580,1
USR_1139,243b5a4472c8a8b6,c174a01ce0075007,2024-04-11 13:43:03.783783,TR,Social Media,26,3,1795.35,2026-04-03 12:15:07.381476,2024-04-06 03:11:33.498699,88,0
USR_1140,a9b716e214d9895f,7632ee19d9de0c6f,2024-04-12 07:15:18.918918,TR,Referral,64,4,3230.22,2025-07-30 08:34:10.970194,2024-04-10 21:15:48.429685,335,1
USR_1141,c9eb11ce4c06e41a,04ba34febe2b78c3,2024-04-13 00:47:34.054054,DE,Paid Search,32,0,0.0,,,999,1
USR_1142,370f52744cbabaf6,fb304d46e7263c04,2024-04-13 18:19:49.189189,NL,Social Media,63,4,2566.5,2026-04-15 15:45:58.871774,2024-11-14 19:37:17.487497,76,0
USR_1143,85161bf764384141,a315f50a9ea836d0,2024-04-14 11:52:04.324324,NL,Social Media,57,7,4798.57,2026-04-19 21:09:45.477095,2024-07-03 03:36:54.442888,72,0
USR_1144,3797435fd5502eff,33405b5fc19329da,2024-04-15 05:24:19.459459,DE,Organic,35,2,1910.79,2025-01-23 12:39:36.475295,2024-10-11 07:33:06.877375,523,1
USR_1145,f44e3c790dfd724e,cdd24a81a7dfe034,2024-04-15 22:56:34.594594,DE,Referral,59,6,4124.27,2026-06-26 11:30:11.162232,2025-01-18 01:41:23.776755,4,0
USR_1146,28be987dbafb9a3e,da049676f51fc53d,2024-04-16 16:28:49.729729,CH,Referral,37,5,5678.74,2026-06-04 02:56:52.042408,2024-06-21 00:06:02.952590,26,0
USR_1147,93708218df046fb8,64f10234914ed632,2024-04-17 10:01:04.864864,NL,Social Media,23,3,2344.11,2026-02-05 11:24:08.209641,2025-03-19 10:48:42.344468,145,0
USR_1148,80bc55f34faac401,ad93747a91f037ac,2024-04-18 03:33:20.000000,DE,Referral,29,2,1298.33,2026-02-26 10:09:31.794358,2024-11-27 16:02:06.745349,124,0
USR_1149,0d819dd2c69f8117,aee307a63812d7ca,2024-04-18 21:05:35.135135,DE,Referral,19,5,2440.43,2026-05-11 12:49:06.829365,2024-09-16 11:50:55.571114,50,0
USR_1150,ba26cf40913e4ef2,322fb0be30c263a1,2024-04-19 14:37:50.270270,TR,Social Media,24,5,2788.39,2026-05-22 14:59:01.668333,2024-03-31 20:26:50.242048,39,0
USR_1151,bc662993241a3b7b,36b5e0e3df043c3a,2024-04-20 08:10:05.405405,DE,Referral,33,2,2309.18,2026-01-20 10:56:28.997799,2025-10-13 21:01:41.540308,161,0
USR_1152,3a94991739b96c9c,b62d7d8c4db74a32,2024-04-21 01:42:20.540540,DE,Social Media,20,4,3462.49,2026-06-13 19:18:51.346269,2024-03-12 20:09:50.518103,17,0
USR_1153,3487efc8541e1d38,a2c56c24e0526a19,2024-04-21 19:14:35.675675,NL,Social Media,62,9,6027.57,2026-02-25 21:29:03.468693,2024-02-10 20:35:28.745749,125,0
USR_1154,2042cf27f3b704f0,54e336c2112110d8,2024-04-22 12:46:50.810810,TR,Social Media,20,7,5747.46,2026-02-21 20:18:46.305261,2024-02-02 09:47:55.535107,129,0
USR_1155,1355c3450be78227,71ab66f2a24b454e,2024-04-23 06:19:05.945945,DE,Referral,44,5,3831.3,2026-06-10 02:35:33.066613,2024-09-13 03:34:36.175235,20,0
USR_1156,8a66fabbe4b93b5d,4946f2bd8d572f68,2024-04-23 23:51:21.081081,CH,Organic,60,3,3078.14,2026-02-04 14:16:41.000200,2025-11-18 01:59:49.917983,146,0
USR_1157,8a3f1a84ac1d4b61,461125aa5b344145,2024-04-24 17:23:36.216216,UK,Referral,57,2,3366.95,2025-12-09 21:52:40.712142,2025-08-22 18:28:26.741348,203,1
USR_1158,aa5e8eb1495f16e9,8fae303bfc4d505e,2024-04-25 10:55:51.351351,DE,Referral,55,1,277.96,2025-03-24 09:06:26.717343,2025-03-24 09:06:26.717343,463,1
USR_1159,1fdcab93b7fd0d75,95e2afbbb314e21e,2024-04-26 04:28:06.486486,CH,Organic,50,0,0.0,,,999,1
USR_1160,d6753361a86effba,b175fdee29f4af1c,2024-04-26 22:00:21.621621,NL,Referral,45,5,3033.36,2026-03-31 08:12:17.427485,2024-05-14 20:39:30.714142,91,0
USR_1161,f2411c09061197e4,eecbecea86dfd69f,2024-04-27 15:32:36.756756,CH,Organic,18,3,2409.74,2025-12-20 11:22:07.225445,2024-12-15 14:58:09.817963,192,1
USR_1162,6f51b02badd30b99,86ea8092e93457b7,2024-04-28 09:04:51.891891,CH,Paid Search,25,3,2135.87,2025-03-24 17:33:25.601120,2024-12-14 09:23:43.724744,463,1
USR_1163,02951409ea1d2d15,7409150a0faa5a7b,2024-04-29 02:37:07.027027,NL,Social Media,54,7,5271.05,2026-03-31 03:58:47.985597,2024-05-02 17:08:39.223844,91,0
USR_1164,29b9c1158cdda6aa,bd519243aade60c5,2024-04-29 20:09:22.162162,DE,Organic,49,2,1371.15,2026-05-23 03:39:29.993998,2025-11-15 06:23:58.847769,38,0
USR_1165,5719a377ef1a00ef,6d13625a369fab8f,2024-04-30 13:41:37.297297,UK,Referral,60,7,5915.47,2026-01-14 15:31:17.415483,2024-04-20 09:24:18.291658,167,0
USR_1166,4e2b41011920cfbb,7d99923188033a89,2024-05-01 07:13:52.432432,NL,Referral,54,2,863.74,2026-05-08 08:46:16.875375,2024-03-17 05:47:06.565313,53,0
USR_1167,1bb10d18f040a176,a44638b7405739b6,2024-05-02 00:46:07.567567,DE,Paid Search,21,5,3514.45,2026-05-14 16:51:56.783356,2025-08-16 18:49:45.717143,47,0
USR_1168,1cbb58a115745241,94dedae9e4d5fe95,2024-05-02 18:18:22.702702,DE,Organic,47,4,2775.83,2026-03-01 22:39:20.632126,2024-03-03 16:28:19.539907,121,0
USR_1169,e33fc9bbf4a54653,d2ec8e4367a48feb,2024-05-03 11:50:37.837837,CH,Organic,23,2,1527.86,2026-05-10 03:01:11.294258,2024-09-02 09:51:40.220044,51,0
USR_1170,286e9f89f49f000d,408fa6cd8e0ec219,2024-05-04 05:22:52.972972,CH,Social Media,63,10,6064.32,2026-06-03 18:29:53.158631,2024-07-01 05:08:30.582116,27,0
USR_1171,621a962d33a85976,3a910481bd521d56,2024-05-04 22:55:08.108108,DE,Email,36,2,1526.97,2025-10-22 20:29:43.076615,2025-07-05 04:25:00.780156,251,1
USR_1172,df1bbabf3579c659,778018a9bd58189f,2024-05-05 16:27:23.243243,NL,Social Media,49,2,964.31,2025-02-04 03:29:59.639927,2024-02-03 11:08:52.186437,511,1
USR_1173,5a54b206eb3fabac,008ce7482c1a394d,2024-05-06 09:59:38.378378,DE,Organic,26,0,0.0,,,999,1
USR_1174,c0b5e42af377c2e2,23be5d2d05688a1e,2024-05-07 03:31:53.513513,CH,Social Media,29,7,5929.81,2025-08-07 15:08:14.738947,2024-03-21 02:43:54.286857,327,1
USR_1175,7390fa60d545ba15,6a06bd7036d09eda,2024-05-07 21:04:08.648648,DE,Paid Search,28,1,1247.82,2024-05-04 19:50:32.526505,2024-05-04 19:50:32.526505,787,1
USR_1176,4b51f7329853fd23,41d0febf456d6236,2024-05-08 14:36:23.783783,CH,Referral,63,7,6292.34,2026-03-30 06:51:20.776155,2024-06-07 06:33:46.485297,92,0
USR_1177,688dcf0c13a3d717,a4433a85b0d33d40,2024-05-09 08:08:38.918918,NL,Organic,33,2,776.76,2026-04-13 17:17:35.011002,2025-06-17 22:22:55.475095,78,0
USR_1178,00a58dc5c8f2f7e0,0e08efe7594f9076,2024-05-10 01:40:54.054054,TR,Referral,18,7,7464.7,2025-12-15 08:50:53.410682,2024-04-03 16:02:41.312262,197,1
USR_1179,7755700e093a67d6,b8007fc8c5dabe0a,2024-05-10 19:13:09.189189,DE,Paid Search,62,6,4782.32,2026-03-24 07:12:39.751950,2024-11-15 04:04:16.371274,98,0
USR_1180,20b354193afb68f6,053e2e8a74344ab3,2024-05-11 12:45:24.324324,NL,Email,38,7,5601.13,2026-04-27 06:36:22.036407,2024-02-25 19:42:11.306261,64,0
USR_1181,341ba77dfe1b9e57,45c18c4e6896bbea,2024-05-12 06:17:39.459459,DE,Paid Search,47,6,5282.21,2026-04-30 10:39:11.990398,2024-09-06 19:28:56.267253,61,0
USR_1182,8f5eafcc7052a702,db0f1817d400fe19,2024-05-12 23:49:54.594594,TR,Social Media,30,4,3318.51,2026-02-16 00:53:34.722944,2024-03-21 11:10:53.170634,134,0
USR_1183,48c085d4c76ffe6f,36856a44c3f8187d,2024-05-13 17:22:09.729729,UK,Email,51,5,4622.8,2026-06-15 17:47:15.207041,2024-09-13 07:48:05.617123,15,0
USR_1184,2b86fc1be9c69504,3e3dd1affa21b9d9,2024-05-14 10:54:24.864864,DE,Organic,21,6,4962.37,2025-12-28 22:09:40.436087,2024-03-06 03:37:11.726345,184,1
USR_1185,02685400c5a94475,139844f2cd80ea45,2024-05-15 04:26:40.000000,CH,Email,45,2,1669.05,2025-07-06 22:39:55.199039,2024-12-04 08:34:45.537107,359,1
USR_1186,bcb65ce84e12092c,44d8851bf6c862ed,2024-05-15 21:58:55.135135,UK,Social Media,55,8,6006.75,2026-01-10 05:54:01.368273,2024-05-22 18:46:35.599119,171,0
USR_1187,9364a44e8f0a6824,1babda2ae730388a,2024-05-16 15:31:10.270270,CH,Organic,48,5,2790.3,2026-04-11 06:08:42.824564,2024-05-24 00:21:01.692338,80,0
USR_1188,b494118710708568,44b604b200450439,2024-05-17 09:03:25.405405,NL,Paid Search,44,7,4889.89,2026-02-02 11:34:47.697539,2024-02-23 17:00:18.003600,148,0
USR_1189,a01fdafec155999e,2fd97ebb49b3c44b,2024-05-18 02:35:40.540540,DE,Social Media,22,3,2205.22,2025-07-30 04:20:41.528305,2024-10-08 16:10:45.249049,335,1
USR_1190,0d9a655d80036f4a,104bd0d899a4b420,2024-05-18 20:07:55.675675,DE,Organic,42,6,4460.64,2026-01-07 10:18:10.298059,2024-03-14 01:44:16.611322,174,0
USR_1191,ac95f1bc16db9221,1f7bdb3d459e6565,2024-05-19 13:40:10.810810,UK,Social Media,20,9,8278.72,2026-02-23 14:33:40.724144,2024-03-21 15:24:22.612522,127,0
USR_1192,3ee5181cd9505505,b075d62098174255,2024-05-20 07:12:25.945945,TR,Paid Search,50,8,6269.29,2026-06-12 05:17:26.369273,2024-02-12 23:17:22.048409,18,0
USR_1193,5cb71dfaef350552,0417bd4a2d45547d,2024-05-21 00:44:41.081081,CH,Social Media,21,5,3623.71,2025-04-17 07:41:10.814162,2024-03-15 11:32:12.146429,439,1
USR_1194,4941134de7036077,75d908789b2a5025,2024-05-21 18:16:56.216216,NL,Organic,42,8,4014.34,2025-07-22 06:13:36.643328,2024-06-23 15:28:24.580916,343,1
USR_1195,ef61a579c907bbed,b113d6a7f4cd4c58,2024-05-22 11:49:11.351351,NL,Referral,37,3,2952.38,2026-06-25 14:22:43.952790,2024-06-03 01:09:59.879975,5,0
USR_1196,4e79f6901bb98fad,346b1b5ddcdf3786,2024-05-23 05:21:26.486486,CH,Email,51,4,4067.1,2026-04-24 15:14:00.408081,2024-12-30 01:24:24.052810,67,0
USR_1197,e9018c5a87fec5b9,75f988e8084cd3d4,2024-05-23 22:53:41.621621,UK,Email,43,3,2324.23,2026-06-16 10:41:12.974594,2024-03-16 12:53:08.797759,14,0
USR_1198,d266161eced11706,7d7e504e5822aaa7,2024-05-24 16:25:56.756756,UK,Social Media,22,6,4989.37,2026-05-12 14:10:03.480696,2024-02-16 16:00:40.328065,49,0
USR_1199,537ced49f60ac5ce,c6ced56199e3cc7a,2024-05-25 09:58:11.891891,UK,Organic,52,4,1306.03,2026-04-28 03:43:49.245849,2025-05-20 05:43:56.447289,63,0
USR_1200,ee50ac8091f1279e,d50a696d88662961,2024-05-26 03:30:27.027027,CH,Referral,45,6,4242.57,2026-06-17 12:02:09.625925,2024-07-21 06:46:26.957391,13,0
USR_1201,34769b10a9051977,90766acad7157e22,2024-05-26 21:02:42.162162,DE,Organic,46,1,1373.34,2025-02-08 00:26:47.361472,2025-02-08 00:26:47.361472,507,1
USR_1202,c3a11a97c442fab3,ff3a4d31f4bf2352,2024-05-27 14:34:57.297297,DE,Organic,26,2,2356.38,2025-06-25 03:36:02.592518,2024-05-13 19:18:34.062812,370,1
USR_1203,7a742aa64b6f5cfd,411709bcb9ba9cda,2024-05-28 08:07:12.432432,UK,Paid Search,55,2,3054.89,2026-04-10 09:01:15.615123,2024-04-18 06:42:24.988997,81,0
USR_1204,6a5e3430a8a7d12e,a09008b619ab2b7c,2024-05-29 01:39:27.567567,CH,Paid Search,23,4,4734.54,2026-02-13 22:11:41.420284,2024-05-27 04:23:51.646329,137,0
USR_1205,22943b028f6c9dbd,4c1d70ea38f60dbb,2024-05-29 19:11:42.702702,DE,Referral,36,9,7171.62,2025-12-21 00:02:35.551110,2024-03-05 23:23:42.284456,191,1
USR_1206,0f79409a89ace749,6a6650608fcb31f8,2024-05-30 12:43:57.837837,DE,Social Media,61,10,6266.06,2026-05-22 10:45:32.226445,2024-07-02 02:15:57.791558,39,0
USR_1207,cbc1d7574b7cd0c7,5740e4643ba5a59e,2024-05-31 06:16:12.972972,CH,Paid Search,28,3,1565.35,2025-01-09 10:40:21.124224,2024-04-19 12:16:51.082216,537,1
USR_1208,750c74fb22b712d1,9de59512dcb6cebf,2024-05-31 23:48:28.108108,DE,Organic,19,7,5246.9,2026-06-28 14:12:04.464892,2025-01-08 17:46:23.356671,2,0
USR_1209,0769eb67e625664b,36d50daf7db8948d,2024-06-01 17:20:43.243243,DE,Email,64,4,4052.04,2026-06-27 08:37:38.371674,2024-04-03 20:16:10.754150,3,0
USR_1210,5e1b5c2955839034,b2b35e8bb09e4258,2024-06-02 10:52:58.378378,NL,Paid Search,61,7,6151.27,2026-06-18 09:09:36.835367,2024-08-30 01:35:20.824164,12,0
USR_1211,1748a0a3467fece4,1719d46dca2ee2b8,2024-06-03 04:25:13.513513,CH,Paid Search,61,5,4830.45,2026-03-10 09:26:53.842768,2024-03-01 09:32:56.795359,112,0
USR_1212,4d11bb2710e99349,3424cb900e967f8b,2024-06-03 21:57:28.648648,CH,Organic,26,3,2448.55,2026-03-26 01:27:34.170834,2024-03-08 02:05:35.587117,96,0
USR_1213,f62509ce4200c380,adaccbc63edb8105,2024-06-04 15:29:43.783783,DE,Referral,38,5,4307.45,2026-05-18 18:02:13.946789,2024-05-27 12:50:50.530106,43,0
USR_1214,e3977419db2c5ccf,d948697029ea14de,2024-06-05 09:01:58.918918,CH,Social Media,41,5,3189.83,2026-05-12 18:23:32.922584,2024-04-11 18:23:15.639127,49,0
USR_1215,cb7b9470254dc618,845053d7b42bc4f8,2024-06-06 02:34:14.054054,DE,Organic,51,2,1657.45,2025-11-20 00:28:13.778755,2025-10-04 21:33:40.004000,222,1
USR_1216,98e22f78848acc4a,ea901ec8e268f779,2024-06-06 20:06:29.189189,NL,Organic,39,4,2864.96,2025-10-05 14:27:37.771554,2024-08-14 01:07:41.612322,268,1
USR_1217,c7e0e4df88ee5d78,48645745a7189d93,2024-06-07 13:38:44.324324,CH,Social Media,20,4,2044.78,2026-03-30 23:45:18.543708,2024-04-14 18:12:36.151230,92,0
USR_1218,d917d1e0774c0b77,9568b013a20cb6a6,2024-06-08 07:10:59.459459,CH,Social Media,29,5,3314.41,2026-06-07 19:40:10.322064,2024-04-21 10:45:14.942988,23,0
USR_1219,4ace998ba334e2d7,3d9861db529822d0,2024-06-09 00:43:14.594594,UK,Organic,45,4,2860.5,2025-07-12 18:05:06.781356,2024-07-25 07:56:44.120824,353,1
USR_1220,943d3d57dbba148a,366d629d859ac4f8,2024-06-09 18:15:29.729729,CH,Email,47,5,4491.36,2026-04-30 02:12:13.106621,2024-02-19 11:36:31.398279,61,0
USR_1221,1e9b83ea85df0ecd,6342b4de34714b72,2024-06-10 11:47:44.864864,CH,Organic,43,4,3921.36,2025-11-03 07:06:36.799359,2024-08-05 05:53:09.517903,239,1
USR_1222,d04ec37abbac4a41,95142a0089b03c76,2024-06-11 05:20:00.000000,DE,Paid Search,38,2,2386.41,2024-10-05 16:21:24.736947,2024-09-23 00:10:04.920984,633,1
USR_1223,6fb9d26f65e9395b,01d3db8251d5d02b,2024-06-11 22:52:15.135135,NL,Email,45,4,2558.65,2025-10-26 04:46:02.472494,2024-10-21 16:49:03.948789,247,1
USR_1224,2dddf678d912abe3,6e3913852f512d76,2024-06-12 16:24:30.270270,DE,Paid Search,43,3,4666.87,2025-09-03 17:45:48.789757,2025-02-15 01:26:25.037007,300,1
USR_1225,23f28a8f6ff32d10,15f548dacce86bee,2024-06-13 09:56:45.405405,DE,Social Media,50,5,4174.28,2026-05-05 00:29:57.479495,2024-10-13 06:01:30.738147,56,0
USR_1226,a9b14109df9e82d0,a6ecd9b8a4d14278,2024-06-14 03:29:00.540540,TR,Paid Search,38,2,2390.34,2026-06-13 02:24:53.578715,2024-10-20 02:47:38.971794,17,0
USR_1227,0eaae2b809fc662a,2356642e195c8341,2024-06-14 21:01:15.675675,NL,Organic,52,3,3286.78,2025-11-22 11:37:05.965193,2024-12-03 11:27:18.327665,220,1
USR_1228,428eecd8b38bc763,cd677c7750e78a16,2024-06-15 14:33:30.810810,UK,Email,51,5,4536.94,2026-01-16 09:46:11.834366,2024-10-22 18:10:00.600120,165,0
USR_1229,9369267e6e6dd791,fae8032426292dbf,2024-06-16 08:05:45.945945,CH,Paid Search,58,3,2475.08,2025-10-22 12:02:44.192838,2024-04-21 23:25:43.268653,251,1
USR_1230,fda9c9dc2ebfc2bd,6d615a730821e45d,2024-06-17 01:38:01.081081,UK,Referral,64,1,848.8,2026-05-29 03:18:11.018203,2026-05-29 03:18:11.018203,32,0
USR_1231,910cc62d55cf96a3,50bdfc8d3eb171b2,2024-06-17 19:10:16.216216,NL,Organic,35,6,4590.29,2026-03-25 17:00:35.287057,2024-07-08 23:02:06.025205,97,0
USR_1232,ec5e95ae6fda9d61,b155a07730be779f,2024-06-18 12:42:31.351351,CH,Organic,28,3,2361.57,2026-02-06 00:04:36.535307,2024-11-26 10:27:40.652130,144,0
USR_1233,27758e699abddc31,c8563925a502aaca,2024-06-19 06:14:46.486486,NL,Organic,40,2,942.5,2024-09-22 11:29:36.595319,2024-06-19 10:04:37.975595,646,1
USR_1234,db76cd066127f3c2,d9d812cd5ea94ea9,2024-06-19 23:47:01.621621,DE,Social Media,39,2,1321.11,2024-08-25 20:11:34.218843,2024-06-17 11:36:14.114822,674,1
USR_1235,8de922d9c100802c,02e86aa104b68b9b,2024-06-20 17:19:16.756756,CH,Paid Search,34,3,2319.32,2025-11-04 16:54:32.334466,2024-10-01 06:44:08.689737,238,1
USR_1236,ca86423278b030ed,22686c1c857d6ac6,2024-06-21 10:51:31.891891,DE,Referral,22,10,8191.97,2026-06-14 03:45:50.230046,2024-07-30 18:54:56.819363,16,0
USR_1237,809ecff0753a4362,0ecab4fb63f2b250,2024-06-22 04:23:47.027027,DE,Paid Search,61,4,1502.4,2026-03-01 14:12:21.748349,2024-10-09 21:45:11.342268,121,0
USR_1238,e07e9eb2b0fa6554,88da315e19c22c14,2024-06-22 21:56:02.162162,CH,Email,28,6,4062.99,2026-05-14 04:11:28.457691,2024-06-12 17:31:59.183836,47,0
USR_1239,c23b30d68d66407a,df856873d47dd903,2024-06-23 15:28:17.297297,DE,Organic,47,0,0.0,,,999,1
USR_1240,920281318e1f0c2e,f0c62d15b8506547,2024-06-24 09:00:32.432432,TR,Referral,32,3,2701.11,2025-12-05 03:48:25.781156,2025-02-25 23:22:50.434086,207,1
USR_1241,98153c5a6739adc8,040dec2cb2f5796b,2024-06-25 02:32:47.567567,TR,Referral,44,3,1703.86,2026-03-17 10:26:31.518303,2024-06-01 02:41:36.019203,105,0
USR_1242,a6437cbf5afe9867,9bf397f2107e3098,2024-06-25 20:05:02.702702,TR,Referral,52,1,630.08,2025-05-16 17:14:07.609521,2025-05-16 17:14:07.609521,410,1
USR_1243,e51f576702b9f1e0,4dee3f982d69f2a1,2024-06-26 13:37:17.837837,NL,Referral,50,1,506.2,2025-06-11 05:50:16.683336,2025-06-11 05:50:16.683336,384,1
USR_1244,5f55449413e8ffaf,1817fa72cb7dce69,2024-06-27 07:09:32.972972,DE,Referral,37,5,2771.64,2025-08-27 20:59:40.556111,2024-03-19 21:09:28.193638,307,1
USR_1245,40cd9626b4243da1,e46b4f8c51acbf90,2024-06-28 00:41:48.108108,TR,Social Media,33,7,5441.86,2026-05-21 22:05:03.900780,2024-12-17 21:53:32.562512,40,0
USR_1246,a8fe83d8ef33c170,4f88fed5913a182a,2024-06-28 18:14:03.243243,NL,Organic,51,10,7779.14,2026-05-13 15:31:00.132026,2024-02-04 12:29:48.837767,48,0
USR_1247,49f2220f29366efa,06e07635df348876,2024-06-29 11:46:18.378378,TR,Organic,19,4,3391.99,2026-03-18 20:14:27.053410,2024-05-09 01:14:19.131826,104,0
USR_1248,7287789e3d05ae04,1953e3d434d79963,2024-06-30 05:18:33.513513,TR,Email,52,3,2445.77,2025-09-01 15:03:55.487097,2025-01-18 14:21:52.102420,302,1
USR_1249,a5550091f4b8eae1,9eaafb946f6df97d,2024-06-30 22:50:48.648648,UK,Social Media,57,4,4761.34,2026-04-07 00:44:56.219243,2024-07-21 10:59:56.399279,84,0
USR_1250,3f77e2ceb6cd782c,5935e2ab7a83b9bb,2024-07-01 16:23:03.783783,DE,Referral,45,5,4681.86,2026-04-02 19:21:09.613922,2024-07-01 13:35:29.465893,89,0
USR_1251,3d4812ffed6f7a18,785fb6316db0b8e0,2024-07-02 09:55:18.918918,NL,Paid Search,64,3,1725.46,2026-06-29 07:06:02.232446,2024-05-24 21:28:28.901780,1,0
USR_1252,1320e12708bd0c40,8e43c3a962a75cc5,2024-07-03 03:27:34.054054,UK,Organic,56,6,5299.15,2026-03-11 15:01:19.935987,2024-08-20 21:53:49.845969,111,0
USR_1253,04d77de061f13976,d61bbc9a872c9147,2024-07-03 20:59:49.189189,NL,Organic,23,3,2391.88,2026-04-11 01:55:13.382676,2024-02-27 01:16:37.399479,80,0
USR_1254,4645bb267fd10b5a,23ebc38052d5913a,2024-07-04 14:32:04.324324,DE,Social Media,26,4,2578.63,2026-05-06 01:50:54.130826,2025-06-26 17:37:27.569513,55,0
USR_1255,9b2120e4341fce1e,8211b062f3d2bfc5,2024-07-05 08:04:19.459459,CH,Paid Search,37,6,4988.67,2026-04-22 12:32:07.105421,2024-02-14 13:18:47.025405,69,0
USR_1256,5ce11d09edc8029c,bb7fbabfe1a57252,2024-07-06 01:36:34.594594,TR,Organic,18,1,449.86,2025-06-27 06:17:55.895179,2025-06-27 06:17:55.895179,368,1
USR_1257,2830d9b8a95defa1,4be703cff309d3e3,2024-07-06 19:08:49.729729,CH,Paid Search,25,3,2395.28,2026-06-20 16:04:59.579915,2026-03-26 05:41:03.612722,10,0
USR_1258,84e1477a4f408955,1b945cea062e0e1c,2024-07-07 12:41:04.864864,CH,Organic,40,1,850.39,2025-07-05 17:05:29.105821,2025-07-05 17:05:29.105821,360,1
USR_1259,607b90e828649ac6,7445f64a8307dc31,2024-07-08 06:13:20.000000,DE,Social Media,20,4,2684.49,2025-11-20 08:55:12.662532,2025-06-02 14:49:14.030806,222,1
USR_1260,b632b119c9f6f29d,d5abda50a9deca70,2024-07-08 23:45:35.135135,CH,Organic,21,1,1206.8,2025-09-18 12:39:01.908381,2025-09-18 12:39:01.908381,285,1
USR_1261,c8aa661c06d6ef36,b007c47702da0599,2024-07-09 17:17:50.270270,TR,Referral,42,4,1818.82,2026-06-06 22:32:43.112622,2024-03-19 08:28:59.867973,24,0
USR_1262,9a968bebac0b2fd1,807afb0eb128788b,2024-07-10 10:50:05.405405,DE,Paid Search,64,2,1821.92,2025-05-28 16:31:29.657931,2025-03-02 21:40:34.806961,398,1
USR_1263,6d330cc5d8846a8e,69642f59d957329b,2024-07-11 04:22:20.540540,NL,Paid Search,55,2,1788.28,2024-09-23 12:50:33.246649,2024-08-16 12:16:33.798759,645,1
USR_1264,3b8298af52e4d1d9,82d5f06e2435fbde,2024-07-11 21:54:35.675675,UK,Organic,32,6,5573.02,2026-01-24 20:33:45.045009,2024-02-03 23:49:20.512102,157,0
USR_1265,de7ee11ffec6049e,3096da616e8a58ae,2024-07-12 15:26:50.810810,CH,Organic,38,7,6054.72,2026-06-06 14:05:44.228845,2024-02-11 17:42:55.955191,24,0
USR_1266,8d35e286457c02b5,8554e24fbd56506e,2024-07-13 08:59:05.945945,CH,Paid Search,52,4,2899.54,2026-03-07 18:04:32.214442,2024-07-29 09:07:01.284256,115,0
USR_1267,e65f9873630cf804,9e720fada8107dd1,2024-07-14 02:31:21.081081,CH,Paid Search,63,3,2649.88,2025-06-25 16:16:30.918183,2024-09-25 11:18:57.107421,370,1
USR_1268,52d42f00727a5486,4e236db82bac1972,2024-07-14 20:03:36.216216,NL,Social Media,31,6,6479.15,2025-08-05 12:26:21.436287,2024-06-28 17:59:38.395679,329,1
USR_1269,a104234e29daac7b,2ab423d0226fbba4,2024-07-15 13:35:51.351351,DE,Organic,53,6,4264.53,2026-01-04 06:15:20.344068,2024-03-25 08:07:40.892178,177,0
USR_1270,2b04bc9e76d9a6ff,3da715fc19d1f88e,2024-07-16 07:08:06.486486,UK,Social Media,29,8,7041.93,2026-06-29 15:33:01.116223,2024-02-21 22:45:23.584716,1,0
USR_1271,b80ca52d8f249dbc,3ad84b03e2ce79e3,2024-07-17 00:40:21.621621,UK,Referral,34,2,1235.53,2025-09-17 07:04:35.815163,2024-11-10 01:33:02.556511,286,1
USR_1272,5c7d166301c2c651,a6c7809fb10c22b6,2024-07-17 18:12:36.756756,UK,Referral,56,5,4509.5,2026-01-29 10:24:30.534106,2024-11-29 01:50:02.280456,152,0
USR_1273,ff78268618e78f24,2b7cd6daa5a43a6f,2024-07-18 11:44:51.891891,TR,Organic,26,3,3534.89,2026-01-21 03:50:26.765353,2024-02-08 13:40:06.001200,160,0
USR_1274,007504a13829d8c3,c7b0950afb51d492,2024-07-19 05:17:07.027027,NL,Paid Search,52,4,2210.65,2026-06-18 04:56:07.393478,2024-05-16 19:07:54.574914,12,0
USR_1275,f2e3e0bdee19329c,cd4f6482553d3679,2024-07-19 22:49:22.162162,NL,Organic,30,6,3217.88,2026-02-15 07:59:36.955391,2024-08-18 02:17:58.775755,135,0
USR_1276,fc5541e462841eda,34b31394d21e88d5,2024-07-20 16:21:37.297297,UK,Organic,32,3,2461.48,2026-06-12 22:11:24.136827,2024-06-04 10:57:55.415083,18,0
USR_1277,c4ea3846075039a2,351d5498372f27d6,2024-07-21 09:53:52.432432,CH,Email,35,6,4867.62,2025-12-12 04:48:03.456691,2024-02-13 07:44:20.932186,200,1
USR_1278,b7140daa2fb41348,1174d132fe2cc29e,2024-07-22 03:26:07.567567,CH,Organic,50,3,1849.1,2026-06-28 09:58:35.023004,2024-02-26 08:22:39.631926,2,0
USR_1279,60e8c79033354409,da0d7e7809d98e5d,2024-07-22 20:58:22.702702,UK,Paid Search,23,1,1109.11,2024-02-23 00:06:20.236047,2024-02-23 00:06:20.236047,858,1
USR_1280,574b30a5cced7a79,6cc4e5a81b1df0f0,2024-07-23 14:30:37.837837,UK,Social Media,44,3,1262.35,2026-05-02 04:54:06.409281,2025-02-18 01:15:45.549109,59,0
USR_1281,69ea0a8df03820ec,3b62869fd5b11177,2024-07-24 08:02:52.972972,NL,Social Media,40,5,5828.27,2026-04-09 20:20:47.289457,2024-06-28 05:19:10.070014,82,0
USR_1282,bb82df2dbffa1a10,42c10a6cbea0c907,2024-07-25 01:35:08.108108,NL,Social Media,44,10,10357.2,2026-06-20 07:38:00.696139,2024-02-23 04:19:49.677935,10,0
USR_1283,e988584ba9635c5d,0a81c835bca4813e,2024-07-25 19:07:23.243243,DE,Organic,51,3,2689.43,2026-01-09 13:00:03.600720,2025-01-28 06:43:51.406281,172,0
USR_1284,002a015d288282e2,4cb3a3969ff1725e,2024-07-26 12:39:38.378378,CH,Paid Search,63,5,5698.54,2026-06-25 05:55:45.069013,2024-06-12 13:18:29.741948,5,0
USR_1285,e882f509093e3b6a,a5a174936b124bfa,2024-07-27 06:11:53.513513,DE,Paid Search,55,2,680.88,2026-02-09 21:01:24.256851,2025-12-07 14:57:17.967593,141,0
USR_1286,02c0ac548a286ed3,9885907b08badb47,2024-07-27 23:44:08.648648,NL,Organic,31,5,5033.45,2026-01-03 00:40:54.250850,2024-11-01 23:12:28.229645,178,0
USR_1287,30209fc9305dee98,2711cbedd08fc3b0,2024-07-28 17:16:23.783783,NL,Paid Search,53,5,5501.71,2026-06-29 02:52:32.790558,2024-12-02 22:46:50.002000,1,0
USR_1288,7ee67b72259a34cc,1967aef27bb937c0,2024-07-29 10:48:38.918918,DE,Organic,25,5,3439.57,2026-03-25 21:14:04.728945,2024-04-10 17:02:18.987797,97,0
USR_1289,fa2391be820a07f2,887eaf6236b766a8,2024-07-30 04:20:54.054054,CH,Organic,52,1,1217.92,2024-02-25 02:48:13.538707,2024-02-25 02:48:13.538707,856,1
USR_1290,4cbbd88c5f646a90,7e943f2151b0cf76,2024-07-30 21:53:09.189189,DE,Paid Search,36,3,2727.78,2025-06-18 11:03:23.800760,2025-02-12 05:50:33.966793,377,1
USR_1291,21a69e4babdb3283,071254c6c5d28925,2024-07-31 15:25:24.324324,DE,Organic,47,2,3111.67,2026-01-11 03:01:28.577715,2025-06-19 08:10:51.010202,170,0
USR_1292,225b35209b8def44,1ab3750b84b48ae1,2024-08-01 08:57:39.459459,UK,Social Media,31,1,781.04,2025-03-09 18:26:43.040608,2025-03-09 18:26:43.040608,478,1
USR_1293,d289fae352ed5b3f,09435b5ede336855,2024-08-02 02:29:54.594594,NL,Social Media,37,6,4399.24,2026-05-11 04:22:07.945589,2025-04-24 12:54:17.931586,50,0
USR_1294,9cc9d6d4194c5900,381a18bac6217c0b,2024-08-02 20:02:09.729729,DE,Referral,42,3,2374.47,2025-11-26 00:06:54.802960,2024-04-21 06:31:45.501100,216,1
USR_1295,fea4e485e5c0cc7f,640eb661486a75ae,2024-08-03 13:34:24.864864,NL,Organic,57,7,6153.04,2025-11-29 12:36:43.640728,2024-05-13 15:05:04.620924,213,1
USR_1296,1c5188a1f862fc67,53378002092b4700,2024-08-04 07:06:40.000000,UK,Organic,41,1,1459.62,2026-05-28 18:51:12.134426,2026-05-28 18:51:12.134426,33,0
USR_1297,738c577aee5e904a,57d51f1ed1ef117d,2024-08-05 00:38:55.135135,DE,Organic,31,5,3927.76,2026-03-21 20:03:47.565513,2025-02-28 10:31:42.620524,101,0
USR_1298,0a63f815ab0e6bd3,dbcd4ae09d58b80f,2024-08-05 18:11:10.270270,CH,Social Media,43,4,2175.46,2025-05-21 11:18:22.540508,2024-05-13 02:24:36.295259,405,1
USR_1299,6cc7e24231eea11c,4e32991051a7208b,2024-08-06 11:43:25.405405,DE,Social Media,55,4,4072.4,2026-05-26 07:42:19.947989,2024-08-01 00:29:22.912582,35,0
USR_1300,7ac2ee89a5dea165,16a62d1d06060f6e,2024-08-07 05:15:40.540540,DE,Organic,40,2,998.47,2026-02-07 18:19:30.954190,2024-05-01 20:01:12.014402,143,0
USR_1301,a10450a87dc3ceb1,cfc95b11a6c3f21c,2024-08-07 22:47:55.675675,NL,Email,39,2,1952.34,2026-02-01 18:40:49.929986,2025-03-28 10:16:43.880776,149,0
USR_1302,b5a03b359981032b,70de184e99ef87a3,2024-08-08 16:20:10.810810,NL,Organic,36,4,1917.2,2025-04-09 18:01:04.812962,2024-02-16 20:14:09.769953,447,1
USR_1303,4fd492b64373b113,d7b86f599ada4157,2024-08-09 09:52:25.945945,CH,Paid Search,63,4,1704.66,2026-02-14 15:05:39.187837,2024-05-15 17:46:57.923584,136,0
USR_1304,9c4ed41eb030ea6f,b68cd6b1c40696ea,2024-08-10 03:24:41.081081,CH,Social Media,20,3,1690.9,2025-10-07 21:23:00.516103,2024-06-29 06:40:06.721344,266,1
USR_1305,7a12a66cf12565e2,40f32799f19a24b2,2024-08-10 20:56:56.216216,TR,Referral,59,6,4279.11,2026-06-04 11:23:50.926185,2024-03-04 13:35:46.749349,26,0
USR_1306,29f2cdb2d14497da,5a3bb0d3e178ddf0,2024-08-11 14:29:11.351351,NL,Social Media,36,4,3204.16,2026-06-25 18:36:13.394678,2026-03-07 13:51:02.772554,5,0
USR_1307,ec46104fe62593b8,53e3b60c2dbe8fba,2024-08-12 08:01:26.486486,NL,Referral,26,4,3136.92,2026-01-31 17:19:53.278655,2024-11-01 06:18:30.462092,150,0
USR_1308,62ce7af76897d2c7,30e8c6f76d8f7826,2024-08-13 01:33:41.621621,UK,Paid Search,45,5,5775.06,2026-05-03 18:55:31.386277,2024-04-24 06:21:06.013202,58,0
USR_1309,c18a38ea083a057e,1c47a38b98b34f1b,2024-08-13 19:05:56.756756,DE,Referral,37,6,3255.7,2026-04-02 23:34:39.055811,2024-03-08 06:19:05.029005,89,0
USR_1310,572f11adf042ab6e,c3298fec6c6210cf,2024-08-14 12:38:11.891891,NL,Organic,62,3,2948.69,2025-03-12 09:49:04.668933,2024-06-05 20:45:50.950190,475,1
USR_1311,1134a98f10578c33,a1d262349e73f292,2024-08-15 06:10:27.027027,DE,Referral,24,2,882.45,2025-10-20 05:07:21.448289,2024-06-03 18:03:57.647529,253,1
USR_1312,e86fd37a1d589309,a5771fcd0436ba9d,2024-08-15 23:42:42.162162,DE,Paid Search,31,4,4422.91,2025-06-05 14:38:34.542908,2024-03-17 18:27:34.890978,390,1
USR_1313,9524983447ebdd5c,169f1b5caf1ecc95,2024-08-16 17:14:57.297297,TR,Referral,26,6,4823.91,2026-01-02 16:13:55.367073,2024-05-14 16:26:01.272254,179,0
USR_1314,d81794f47b6d222d,7c12e633236cb2ef,2024-08-17 10:47:12.432432,UK,Paid Search,36,6,4579.87,2025-07-31 05:41:38.179635,2024-02-11 21:56:25.397079,334,1
USR_1315,99d46f9366afae2d,2c1b7c78cb950982,2024-08-18 04:19:27.567567,CH,Social Media,64,1,864.85,2025-02-14 08:32:27.269453,2025-02-14 08:32:27.269453,501,1
USR_1316,bf92a833490d9136,866e735cd0086b18,2024-08-18 21:51:42.702702,NL,Paid Search,31,5,3472.53,2025-10-28 03:14:26.333266,2024-06-27 08:11:42.860572,245,1
USR_1317,3b9fe32ca2c3e32c,4908ba283b3f5b9d,2024-08-19 15:23:57.837837,DE,Social Media,55,4,2828.82,2025-11-23 00:17:34.290858,2024-04-08 10:06:56.243248,219,1
USR_1318,0d6d81760e31433d,99683b8abc69319a,2024-08-20 08:56:12.972972,DE,Organic,53,2,865.44,2025-07-31 14:08:37.063412,2024-06-04 19:24:54.298859,334,1
USR_1319,245c30acba918765,3d31e86b904cb85e,2024-08-21 02:28:28.108108,DE,Organic,57,1,623.59,2025-06-11 18:30:45.009001,2025-06-11 18:30:45.009001,384,1
USR_1320,31fbbcbf4b040742,91ab2bbad0ffa10c,2024-08-21 20:00:43.243243,NL,Organic,34,4,3431.88,2025-12-15 04:37:23.968793,2024-11-21 03:42:57.395479,197,1
USR_1321,499e4424eb1b0076,6fb52215654cf1fc,2024-08-22 13:32:58.378378,CH,Organic,47,5,2461.89,2026-06-18 00:42:37.951590,2024-02-01 04:13:29.441888,12,0
USR_1322,45bf330a1777f677,6b060e8a571bb354,2024-08-23 07:05:13.513513,CH,Referral,26,1,301.61,2025-08-03 18:11:27.017403,2025-08-03 18:11:27.017403,331,1
USR_1323,375b09c8127b55e7,1abc9dc7168c4be9,2024-08-24 00:37:28.648648,DE,Organic,50,2,1170.4,2025-10-05 06:00:38.887777,2024-02-09 23:28:01.536307,268,1
USR_1324,2f931a6e43682f96,70d53b393527b827,2024-08-24 18:09:43.783783,TR,Email,42,4,3608.21,2026-05-27 21:43:44.924985,2024-04-16 04:00:31.686337,34,0
USR_1325,1bb59dd4451afac7,c97a6fdf03d9b914,2024-08-25 11:41:58.918918,CH,Paid Search,31,4,2472.66,2025-05-13 08:57:48.213642,2024-02-28 15:18:02.376475,413,1
USR_1326,f1f4fae502adbbe3,ba12e09a8f9acf38,2024-08-26 05:14:14.054054,CH,Organic,28,8,6361.78,2025-12-21 12:43:03.876775,2024-02-05 22:17:44.372874,191,1
USR_1327,20819f83b3fee3fe,3ab6f082ae6657e9,2024-08-26 22:46:29.189189,CH,Referral,52,4,3576.35,2025-10-17 17:58:29.261852,2024-11-06 21:30:12.602520,256,1
USR_1328,35fa7c5d24b143bf,a3e0fee52b4eada0,2024-08-27 16:18:44.324324,NL,Social Media,58,3,509.31,2026-06-19 23:11:01.812362,2025-09-15 04:22:42.512502,11,0
USR_1329,4a782ee6a8e21213,3b4bd9542329356b,2024-08-28 09:50:59.459459,DE,Paid Search,31,6,7585.82,2026-04-12 15:56:38.359671,2024-06-23 19:41:54.022804,79,0
USR_1330,924d5e0ec610d20a,fec096267d48351f,2024-08-29 03:23:14.594594,NL,Social Media,47,5,1743.34,2025-10-14 01:15:10.982196,2024-04-05 14:31:05.173034,259,1
USR_1331,4e7376a550516279,769f467453f62ff3,2024-08-29 20:55:29.729729,UK,Social Media,58,1,933.09,2025-04-21 00:24:29.093818,2025-04-21 00:24:29.093818,435,1
USR_1332,9522d25caf270bea,cfa8a0ea2ed34e1f,2024-08-30 14:27:44.864864,DE,Organic,21,4,4129.56,2026-05-24 00:46:57.203440,2024-07-13 00:12:23.188637,37,0
USR_1333,57c16bb59060e682,2ddf001de1bf973e,2024-08-31 08:00:00.000000,DE,Email,21,6,4223.46,2026-02-06 04:18:05.977195,2025-02-21 05:18:35.503100,144,0
USR_1334,82574d3978a5696f,c73546f3547e5b65,2024-09-01 01:32:15.135135,DE,Email,45,6,4014.42,2026-06-28 22:39:03.348669,2024-05-25 10:08:57.227445,2,0
USR_1335,04ab6b325c72cca1,1b88125c91eafbe5,2024-09-01 19:04:30.270270,DE,Social Media,25,5,4293.81,2026-05-07 03:11:50.782156,2024-07-05 02:05:18.303660,54,0
USR_1336,c73e3115c9bea5cf,b06ea16e80c471fa,2024-09-02 12:36:45.405405,UK,Organic,19,4,2789.27,2026-02-14 06:38:40.304060,2025-01-21 01:30:44.288857,136,0
USR_1337,0b72fcac5cb1184d,1e20a369e3285eea,2024-09-03 06:09:00.540540,CH,Social Media,58,5,4216.68,2026-01-23 14:59:18.951790,2024-04-13 16:51:39.499899,158,0
USR_1338,7be32273adf6d4fc,91c34cd2735cda84,2024-09-03 23:41:15.675675,NL,Organic,63,6,3390.74,2026-04-05 19:10:30.126025,2024-03-27 19:16:33.078615,86,0
USR_1339,771067e10de2e3b4,6c1771d07ba4db25,2024-09-04 17:13:30.810810,DE,Organic,39,6,6214.4,2025-12-23 23:51:56.063212,2024-08-09 19:43:55.007001,189,1
USR_1340,0cecfa3e02010ed5,c1103defbbda88fa,2024-09-05 10:45:45.945945,NL,Organic,58,3,1021.09,2025-03-30 00:18:08.857771,2024-05-06 18:18:56.387277,457,1
USR_1341,8e6b9d6dbbbf3a70,7602c281d0c89fbe,2024-09-06 04:18:01.081081,NL,Paid Search,33,3,2890.15,2025-11-17 00:38:53.266653,2024-03-02 02:26:54.562912,225,1
USR_1342,39e8d284220f6477,0efb6cb2cc5fa68e,2024-09-06 21:50:16.216216,DE,Referral,46,5,5110.95,2025-08-29 19:28:04.416883,2024-09-05 22:21:29.057811,305,1
USR_1343,ef215416b28c5537,4fefbcad5e965361,2024-09-07 15:22:31.351351,NL,Social Media,47,3,2359.71,2026-06-27 21:18:06.697339,2025-05-09 20:27:59.375875,3,0
USR_1344,b40a91be874292a6,4f7836517287e391,2024-09-08 08:54:46.486486,NL,Social Media,29,6,4000.14,2025-09-11 11:39:24.232846,2024-04-19 03:49:52.198439,292,1
USR_1345,2c480574e1decacb,c8fc1f91f02a3d27,2024-09-09 02:27:01.621621,CH,Paid Search,52,0,0.0,,,999,1
USR_1346,492bdf798ccfdf15,ad5c4b1d362e44a1,2024-09-09 19:59:16.756756,CH,Paid Search,28,3,1870.11,2025-11-07 12:30:23.404680,2025-08-27 04:05:42.788557,235,1
USR_1347,fa9890a65f8597f5,bc878e8872c54656,2024-09-10 13:31:31.891891,DE,Paid Search,63,4,2626.46,2025-07-17 16:22:51.154230,2024-07-19 08:18:03.096619,348,1
USR_1348,1c8d283dc1babf20,7fdda95b375f6ed3,2024-09-11 07:03:47.027027,NL,Email,38,4,3719.38,2025-11-05 05:35:00.660132,2024-02-02 18:14:54.418883,237,1
USR_1349,6f8a0288bb185a53,e8769cb56caf6252,2024-09-12 00:36:02.162162,CH,Organic,38,1,1391.62,2025-02-04 16:10:27.965593,2025-02-04 16:10:27.965593,511,1
USR_1350,97a627abbfa051af,5ad90f68482eb4c1,2024-09-12 18:08:17.297297,NL,Referral,22,2,679.76,2024-12-15 23:25:08.701740,2024-08-20 09:13:21.520304,562,1
USR_1351,66989ca3dfbc3305,80433240f99bcb77,2024-09-13 11:40:32.432432,UK,Social Media,37,2,1851.91,2026-01-16 22:26:40.160032,2025-08-22 14:14:57.299459,165,0
USR_1352,f3f1c6685a64c5aa,48ca11a86f4ca75f,2024-09-14 05:12:47.567567,CH,Paid Search,54,1,1287.74,2026-04-22 16:45:36.547309,2026-04-22 16:45:36.547309,69,0
USR_1353,edf6ef8127fd6277,1380505ebb5d8a2c,2024-09-14 22:45:02.702702,DE,Social Media,20,2,731.06,2024-06-24 21:02:50.674134,2024-02-13 11:57:50.374074,736,1
USR_1354,a302b4fb4b764d03,9089d61c4cdc598b,2024-09-15 16:17:17.837837,DE,Paid Search,61,10,6478.57,2026-04-15 07:18:59.987997,2024-07-23 09:28:20.260052,76,0
USR_1355,23c75b6476621ddb,a2737f7a22fb6a8f,2024-09-16 09:49:32.972972,CH,Referral,50,1,725.7,2025-04-22 22:52:52.954590,2025-04-22 22:52:52.954590,434,1
USR_1356,ee160fd01e511c17,d5425260e1345c81,2024-09-17 03:21:48.108108,DE,Email,26,3,3118.22,2026-02-22 08:59:14.630926,2025-06-30 10:20:45.849169,128,0
USR_1357,307c83d8c915881f,b6550f4b420645a2,2024-09-17 20:54:03.243243,CH,Paid Search,26,3,4836.69,2026-05-30 00:25:38.227645,2024-09-28 19:35:16.503300,31,0
USR_1358,a7adbaaab73acd96,6b961a891c2b7469,2024-09-18 14:26:18.378378,TR,Organic,21,2,1393.77,2025-05-29 00:58:28.541708,2024-02-07 16:32:38.791758,397,1
USR_1359,44aecfe14081a100,714dcd58df26c735,2024-09-19 07:58:33.513513,CH,Social Media,52,3,2576.58,2024-12-31 02:45:20.704140,2024-10-01 19:24:37.015403,546,1
USR_1360,d12b622ffd97fe6f,ade191c4bb32f11a,2024-09-20 01:30:48.648648,NL,Email,34,4,3120.45,2025-11-01 21:18:41.264252,2024-04-14 05:32:07.825565,241,1
USR_1361,067ee7c441b5d847,0ea4c8a8374c940a,2024-09-20 19:03:03.783783,CH,Organic,51,2,1958.63,2026-04-14 01:44:33.894778,2024-06-07 10:47:15.927185,77,0
USR_1362,8b10b6aee533fd20,dc6438ad3622e4a3,2024-09-21 12:35:18.918918,NL,Social Media,41,5,4442.19,2025-12-01 06:51:38.059611,2024-05-23 15:54:02.808561,211,1
USR_1363,b20ac6a40d5586ca,6e852e5e2e98fe54,2024-09-22 06:07:34.054054,NL,Social Media,49,6,4339.33,2026-03-01 05:45:22.864572,2024-09-27 18:14:19.851970,121,0
USR_1364,4b72e4edf2664ece,cce6c4fbb7088f26,2024-09-22 23:39:49.189189,TR,Social Media,18,3,3619.04,2026-05-26 03:28:50.506101,2024-08-19 20:32:53.194638,35,0
USR_1365,3f6e9455cdf20524,a26e71c472c74d87,2024-09-23 17:12:04.324324,NL,Organic,25,5,2449.55,2025-09-21 20:55:21.304260,2024-05-12 17:57:37.411482,282,1
USR_1366,1127daddf9024fae,a68af2371b311734,2024-09-24 10:44:19.459459,TR,Social Media,62,10,7175.41,2026-05-16 19:33:50.086017,2024-02-22 19:52:50.794158,45,0
USR_1367,f635b7064eace55f,48082bfde9e2184e,2024-09-25 04:16:34.594594,TR,Email,40,7,4683.36,2026-05-09 01:40:14.642928,2024-07-21 23:40:24.724944,52,0
USR_1368,bab355dbbb72a8ad,2af5281d32e7c8d3,2024-09-25 21:48:49.729729,DE,Organic,64,6,4480.26,2026-05-18 22:15:43.388677,2024-03-23 18:06:15.915183,43,0
USR_1369,9f843f6d80690514,2c1533e39cda76e4,2024-09-26 15:21:04.864864,DE,Organic,57,2,1488.76,2025-08-07 10:54:45.297059,2024-12-07 12:37:35.491098,327,1
USR_1370,09c143e7ee91c6f9,f8bc7c921fbccbcb,2024-09-27 08:53:20.000000,DE,Email,29,6,4376.66,2026-06-16 14:54:42.416483,2024-08-02 14:30:47.889577,14,0
USR_1371,99f5427b725851af,57b9a8de1028f124,2024-09-28 02:25:35.135135,DE,Organic,29,4,2736.58,2026-06-09 05:28:05.857171,2024-06-13 18:52:55.835167,21,0
USR_1372,8b2542f015c6dcf6,3c6895181c445c63,2024-09-28 19:57:50.270270,DE,Referral,63,2,1990.49,2026-06-22 06:06:24.556911,2026-06-16 19:08:11.858371,8,0
USR_1373,a6994a4e5b090ce0,98625b064846a207,2024-09-29 13:30:05.405405,CH,Paid Search,64,1,1098.27,2025-08-10 14:57:35.251050,2025-08-10 14:57:35.251050,324,1
USR_1374,a033f0ee17655e28,d6e9b54191b0785e,2024-09-30 07:02:20.540540,DE,Organic,32,7,4629.86,2026-03-16 09:05:34.866973,2024-04-02 18:55:14.102820,106,0
USR_1375,a54520cf3912f4eb,124004c47707ea50,2024-10-01 00:34:35.675675,NL,Referral,58,5,3175.2,2026-01-23 23:26:17.835567,2024-04-01 04:53:49.125825,158,0
USR_1376,b4daa7d8fa83b7d6,60c58ab69a13686a,2024-10-01 18:06:50.810810,UK,Paid Search,36,2,1972.92,2026-04-29 05:04:45.897179,2025-06-20 17:58:46.545309,62,0
USR_1377,b19e7cc6e17b0ca9,f99f1bf77ea29a59,2024-10-02 11:39:05.945945,DE,Paid Search,43,5,3605.98,2026-06-06 05:38:45.345069,2024-03-17 01:33:37.123424,24,0
USR_1378,e1a93bceff99291d,13925ea6bafd7e2e,2024-10-03 05:11:21.081081,UK,Paid Search,46,1,211.08,2024-03-06 16:17:40.052010,2024-03-06 16:17:40.052010,846,1
USR_1379,6ea25e045a114444,491252916578ae43,2024-10-03 22:43:36.216216,DE,Social Media,39,2,2042.22,2024-09-24 18:24:59.339867,2024-07-02 23:23:25.001000,644,1
USR_1380,c158e3589c53b20a,cf5a449afe757d42,2024-10-04 16:15:51.351351,DE,Organic,57,4,5115.53,2025-09-15 00:09:13.070614,2025-01-23 08:26:07.033406,288,1
USR_1381,54c1b31608164bcd,896c344aeb56869a,2024-10-05 09:48:06.486486,CH,Paid Search,38,5,3321.38,2026-05-13 19:44:29.573914,2024-03-06 07:50:41.168233,48,0
USR_1382,e37292f99034ad4c,931f3ecf3e98dbe9,2024-10-06 03:20:21.621621,CH,Email,55,7,8077.53,2025-10-25 03:25:05.821164,2024-08-28 07:20:26.405281,248,1
USR_1383,fe63724441576b03,449903adf4819d76,2024-10-06 20:52:36.756756,UK,Organic,37,8,8380.36,2026-06-11 20:50:27.485497,2024-03-01 17:59:55.679135,19,0
USR_1384,778ef4040ab61b8d,03e80ff70e4ed00a,2024-10-07 14:24:51.891891,CH,Social Media,46,2,2296.13,2025-01-07 03:44:58.379675,2024-05-30 12:40:11.042208,539,1
USR_1385,1267cdbc78e503b1,6029a6ffef48e50f,2024-10-08 07:57:07.027027,UK,Paid Search,21,2,1612.81,2025-11-07 20:57:22.288457,2025-04-16 14:47:13.046609,235,1
USR_1386,32bea913f2cf7318,461b1a901c18f283,2024-10-09 01:29:22.162162,DE,Referral,24,9,6333.75,2026-06-12 13:44:25.253050,2024-04-18 15:09:23.872774,18,0
USR_1387,35ef51474e2d9e86,44cad5f43fe606b1,2024-10-09 19:01:37.297297,DE,Organic,45,7,6671.57,2026-06-23 20:07:49.533906,2024-08-08 18:22:58.355671,7,0
USR_1388,bcf9fef78d5ddd70,04103227e27e1ca7,2024-10-10 12:33:52.432432,UK,Email,45,1,981.94,2025-10-25 20:19:03.588717,2025-10-25 20:19:03.588717,248,1
USR_1389,8336217f140cb6b6,d77994c2173e1fee,2024-10-11 06:06:07.567567,UK,Paid Search,21,6,4468.14,2026-03-16 21:46:03.192638,2024-05-20 11:51:12.854570,106,0
USR_1390,a174a3f6411b78bd,7c1b2f2453d54d91,2024-10-11 23:38:22.702702,TR,Organic,39,3,855.24,2025-12-26 19:27:47.133426,2024-02-29 12:25:29.585917,186,1
USR_1391,02d0c47b216a18b9,5afbf9099e8417d8,2024-10-12 17:10:37.837837,NL,Organic,29,5,4205.84,2026-05-31 01:46:34.878975,2024-04-14 13:59:06.709341,30,0
USR_1392,410b532d3a49712c,b531afd96c9bc100,2024-10-13 10:42:52.972972,NL,Organic,62,1,1168.59,2025-02-14 04:18:57.827565,2025-02-14 04:18:57.827565,501,1
USR_1393,64c4d987f3bfcf18,0bbec6c0a7b23b52,2024-10-14 04:15:08.108108,UK,Paid Search,20,1,597.27,2026-05-29 15:58:39.343868,2026-05-29 15:58:39.343868,32,0
USR_1394,caa1bf796ee9de01,b1dd9063fc5dcd37,2024-10-14 21:47:23.243243,NL,Paid Search,39,1,1233.97,2024-08-01 04:42:52.354470,2024-08-01 04:42:52.354470,698,1
USR_1395,a84a580b28cb3728,804c54d51855bf2a,2024-10-15 15:19:38.378378,TR,Referral,61,3,4071.13,2026-04-30 23:19:40.316063,2024-08-02 10:17:18.447689,61,0
USR_1396,49d5b1ee1ba0e8c6,34cac699d6bba890,2024-10-16 08:51:53.513513,UK,Paid Search,19,1,784.18,2026-04-12 03:16:10.034006,2026-04-12 03:16:10.034006,79,0
USR_1397,c88a2ced8bd4ff42,d5e6acd91c5bfb3f,2024-10-17 02:24:08.648648,NL,Organic,41,3,1701.68,2026-02-09 12:34:25.373074,2025-01-25 15:21:29.777955,141,0
USR_1398,a6ce54ed1a0b0219,b14e4c43d517be1d,2024-10-17 19:56:23.783783,UK,Social Media,51,4,4387.82,2026-04-29 17:45:14.222844,2024-02-18 18:42:33.630726,62,0
USR_1399,95ff185f2ab5c26d,326d57d70a6872de,2024-10-18 13:28:38.918918,UK,Social Media,44,4,4059.57,2025-04-25 14:15:14.582916,2024-07-26 05:04:11.330266,431,1
USR_1400,91edacc0eb1d5b4c,776d63284900f72a,2024-10-19 07:00:54.054054,DE,Organic,58,6,4181.73,2025-04-29 15:25:31.746349,2024-02-13 03:30:51.490298,427,1
USR_1401,27cc11dc23a29b01,420b1706a77697b8,2024-10-20 00:33:09.189189,TR,Organic,18,4,3684.98,2026-05-24 17:40:54.970994,2025-09-11 03:12:25.349069,37,0
USR_1402,b5859b3be769b9b6,893d3288e1366eae,2024-10-20 18:05:24.324324,NL,Organic,25,3,2424.54,2026-05-24 05:00:26.645329,2024-02-16 03:20:12.002400,37,0
USR_1403,71a693eaf36356e1,b12483581ae4651b,2024-10-21 11:37:39.459459,UK,Social Media,40,5,3981.94,2026-01-23 19:12:48.393678,2024-02-06 15:11:42.140428,158,0
USR_1404,28be172f2bdc9ab0,25877c59a94fcc0c,2024-10-22 05:09:54.594594,NL,Social Media,55,5,4434.13,2026-02-26 01:42:32.910582,2024-02-17 17:21:36.979395,124,0
USR_1405,9fd896db9afa2fa5,8503873cfcf228dd,2024-10-22 22:42:09.729729,UK,Paid Search,23,3,3910.84,2024-11-03 04:46:54.322864,2024-09-08 22:10:49.569913,604,1
USR_1406,a7535319eba189a5,87b770470bf81097,2024-10-23 16:14:24.864864,NL,Referral,39,3,3795.19,2025-01-15 18:46:01.032206,2024-03-16 21:20:07.681536,531,1
USR_1407,defef5f81bd72320,5923e784fd26a331,2024-10-24 09:46:40.000000,DE,Referral,42,3,1910.68,2026-02-02 07:21:18.255651,2025-04-16 06:20:14.162832,148,0
USR_1408,774b76be9fba46f3,7350f50549a29cf8,2024-10-25 03:18:55.135135,TR,Social Media,35,3,2140.97,2026-04-21 15:24:39.895979,2024-05-07 02:45:55.271054,70,0
USR_1409,7cd096081209a08c,216c10b151fc5de1,2024-10-25 20:51:10.270270,DE,Referral,34,6,4207.95,2026-04-05 02:16:32.358471,2025-03-30 12:58:37.183436,86,0
USR_1410,683ad99f7a24d366,d1b0b8f71095142c,2024-10-26 14:23:25.405405,NL,Organic,29,2,1796.86,2025-12-04 06:40:58.571714,2025-05-24 15:21:12.494498,208,1
USR_1411,d67a2fdb2f3f17f6,758fd388305f35ec,2024-10-27 07:55:40.540540,TR,Organic,23,4,2829.22,2025-07-12 09:38:07.897579,2024-04-16 08:14:01.128225,353,1
USR_1412,61f6858135f0c172,f407265c9ced1040,2024-10-28 01:27:55.675675,TR,Organic,43,3,862.23,2025-12-08 16:18:14.618923,2024-04-27 14:37:25.409081,204,1
USR_1413,b8699eb40d558f41,42cf536fd550ac75,2024-10-28 19:00:10.810810,CH,Organic,44,8,6159.49,2026-05-24 09:13:56.087217,2024-04-24 02:07:36.571314,37,0
USR_1414,d6c55d938f7006f0,c9cd4c0f370db78b,2024-10-29 12:32:25.945945,CH,Paid Search,25,4,1950.2,2025-10-28 07:27:55.775155,2024-08-23 21:43:10.358071,245,1
USR_1415,499a40998acd8dfb,43a3d9c51fc255ee,2024-10-30 06:04:41.081081,NL,Email,36,5,3770.36,2025-07-14 03:53:02.316463,2024-06-17 15:49:43.556711,351,1
USR_1416,a2ae689e6559ebbf,4e3f2f35dbbf2ae1,2024-10-30 23:36:56.216216,DE,Organic,59,1,1518.07,2024-11-16 18:05:41.348269,2024-11-16 18:05:41.348269,591,1
USR_1417,6851f2470fd70936,cd402a0e32d41640,2024-10-31 17:09:11.351351,NL,Organic,18,1,1131.74,2024-03-18 02:54:33.774754,2024-03-18 02:54:33.774754,834,1
USR_1418,07bc9a6923a25968,275355b89467ccca,2024-11-01 10:41:26.486486,CH,Paid Search,46,5,5372.18,2025-08-18 13:04:40.136027,2024-03-24 11:00:13.682736,316,1
USR_1419,dcdd9ca0add8a47e,6143a6542b33a4a0,2024-11-02 04:13:41.621621,UK,Email,62,7,5312.28,2026-05-25 06:21:23.296659,2024-05-24 13:01:30.018003,36,0
USR_1420,2f920784bfefb251,99809ec6cf6f0eac,2024-11-02 21:45:56.756756,UK,Paid Search,52,6,3557.41,2026-04-17 14:14:22.732546,2024-02-22 07:12:22.468493,74,0
USR_1421,478ff552845552a3,6ef5ea9355102e68,2024-11-03 15:18:11.891891,UK,Paid Search,57,7,5489.02,2026-04-26 22:09:23.152630,2024-10-25 22:12:50.554110,65,0
USR_1422,3a46d312c733eab2,cf1e40787747bb87,2024-11-04 08:50:27.027027,DE,Organic,31,3,2327.87,2026-06-21 21:39:25.673134,2024-03-16 04:26:09.913982,9,0
USR_1423,a6669f601f0da6dc,2f1f78b805161a96,2024-11-05 02:22:42.162162,NL,Organic,52,4,5120.27,2026-01-15 08:25:15.183036,2024-10-09 13:18:12.458491,166,0
USR_1424,4b6c86def6434410,200508e840c271d9,2024-11-05 19:54:57.297297,DE,Email,62,6,2954.94,2026-05-05 21:37:24.688937,2024-04-17 13:48:27.221444,56,0
USR_1425,b4c2c10f592c0122,845e1a780afc2cd7,2024-11-06 13:27:12.432432,NL,Email,37,4,2372.14,2026-06-12 17:57:54.694938,2024-06-10 10:36:36.439287,18,0
USR_1426,3986bb98e0635327,430291597cba4b4a,2024-11-07 06:59:27.567567,NL,Organic,30,4,3028.61,2026-01-14 07:04:18.531706,2025-03-16 02:32:22.948589,167,0
USR_1427,46f68a37c3fc4e9a,3dbe46b7c936f3bc,2024-11-08 00:31:42.702702,UK,Email,55,4,3233.64,2026-05-26 20:22:48.273654,2024-03-31 16:13:20.800160,35,0
USR_1428,504c7356c1d9f5af,372303b1730db74b,2024-11-08 18:03:57.837837,NL,Social Media,63,8,7380.14,2026-06-23 15:54:20.092018,2024-07-22 03:53:54.166833,7,0
USR_1429,7ee8d39bd05589fa,04bff4617bac0fa0,2024-11-09 11:36:12.972972,DE,Referral,25,1,582.0,2024-09-09 23:31:46.221244,2024-09-09 23:31:46.221244,659,1
USR_1430,db515b96e5227cf6,ffd80d9fddf4043b,2024-11-10 05:08:28.108108,DE,Paid Search,60,2,1193.46,2025-12-02 12:26:04.152830,2025-02-27 21:51:14.294858,210,1
USR_1431,3fe4c5040d906095,9afe7d7abc9da30f,2024-11-10 22:40:43.243243,UK,Paid Search,37,4,4809.01,2025-10-25 16:05:34.146829,2025-01-22 11:18:39.823964,248,1
USR_1432,45fdd33ed76eb076,ca76f5d4cef3b258,2024-11-11 16:12:58.378378,CH,Paid Search,50,7,2675.58,2026-01-27 20:23:05.557111,2024-02-25 11:15:12.422484,154,0
USR_1433,63670d84d13d829a,3b68ec7dcee4c7a5,2024-11-12 09:45:13.513513,DE,Social Media,43,6,4210.36,2026-05-06 10:17:53.014602,2024-09-10 07:58:45.105021,55,0
USR_1434,75478f1d839e982b,16db7c24c80b956d,2024-11-13 03:17:28.648648,DE,Organic,56,5,2611.99,2026-03-27 15:28:59.147829,2024-07-09 07:29:04.908981,95,0
USR_1435,99d56bf0f217ac43,d52d0d8e5f2fafff,2024-11-13 20:49:43.783783,CH,Organic,38,4,4616.89,2026-03-30 02:37:51.334266,2024-03-12 11:42:51.634326,92,0
USR_1436,66b2f5b00f1be8a1,04b28304090e0e3d,2024-11-14 14:21:58.918918,DE,Paid Search,59,2,2157.79,2025-05-12 03:23:22.120424,2024-08-08 05:42:30.030006,414,1
USR_1437,fd70053229f8dc9e,0ffb2464bcd726fa,2024-11-15 07:54:14.054054,UK,Social Media,60,4,5130.98,2025-06-04 04:50:39.007801,2024-02-04 04:02:49.953990,391,1
USR_1438,3f442d5a78b5b2ad,99a9acfe00cd1e4f,2024-11-16 01:26:29.189189,CH,Organic,58,12,10809.12,2025-11-22 07:23:36.523304,2024-04-21 02:18:16.059211,220,1
USR_1439,067e2ff51fce2da4,47e9ea1628bcd8c1,2024-11-16 18:58:44.324324,DE,Social Media,26,3,2449.54,2025-12-12 00:34:34.014802,2025-04-23 03:06:22.396479,200,1
USR_1440,c6db57a8a7165682,129cee3fd4cc0715,2024-11-17 12:30:59.459459,DE,Email,41,5,4303.67,2026-03-08 02:31:31.098219,2025-03-19 06:35:12.902580,114,0
USR_1441,251e32f498149d5a,9327c0065246a4e2,2024-11-18 06:03:14.594594,TR,Organic,54,5,5914.05,2026-02-04 05:49:42.116423,2024-07-25 20:37:12.446489,146,0
USR_1442,cc6e4cfd74167ff4,d8a8766a0f57c84d,2024-11-18 23:35:29.729729,NL,Social Media,58,6,4519.5,2025-07-15 09:27:28.409681,2024-03-10 00:33:59.447889,350,1
USR_1443,9c8585e70b7d2844,96c876cf9463dfa5,2024-11-19 17:07:44.864864,NL,Paid Search,34,7,3702.34,2026-05-30 08:52:37.111422,2024-06-03 09:36:58.763752,31,0
USR_1444,6b29a616e78be045,7352366f246474a6,2024-11-20 10:40:00.000000,UK,Referral,41,3,1835.06,2026-06-03 05:49:24.832966,2024-07-29 00:40:02.400480,27,0
USR_1445,1b2c764cf10a1be6,8cf72bf2381422bd,2024-11-21 04:12:15.135135,TR,Organic,38,6,3261.54,2026-06-05 08:31:18.135627,2024-10-10 23:06:07.993598,25,0
USR_1446,d69999acc2a92b46,bb4fc2afad1d75f6,2024-11-21 21:44:30.270270,TR,Social Media,56,5,3844.94,2026-03-07 22:18:01.656331,2024-10-18 16:59:43.436687,115,0
USR_1447,cae0038bde0210e4,9a0bb141af3d0620,2024-11-22 15:16:45.405405,UK,Referral,58,4,2925.36,2025-11-14 13:30:01.080216,2025-01-17 17:14:24.892978,228,1
USR_1448,f26f63cca6645de0,aa2d40f9e398fd79,2024-11-23 08:49:00.540540,NL,Email,56,2,2080.63,2024-12-30 22:31:51.262252,2024-06-24 08:22:22.348469,547,1
USR_1449,5f4a83a64dfbf471,594e6f6b45acf1f0,2024-11-24 02:21:15.675675,DE,Social Media,30,6,3568.63,2026-01-28 17:30:32.766553,2024-04-09 19:54:51.778355,153,0
USR_1450,1d850bb12d48b327,ad165fa1d70523f7,2024-11-24 19:53:30.810810,UK,Paid Search,28,3,2030.66,2025-07-21 04:52:39.991998,2024-02-02 22:28:23.860772,344,1
USR_1451,ecf19591de9c56dc,f1f1975175df7414,2024-11-25 13:25:45.945945,CH,Social Media,63,6,5122.2,2025-12-20 19:49:06.109221,2024-03-23 09:39:17.031406,192,1
USR_1452,98c6f6f7644fd27e,690ba8334b771e91,2024-11-26 06:58:01.081081,NL,Referral,36,4,2823.62,2026-05-29 07:31:40.460092,2024-10-08 20:24:14.690938,32,0
USR_1453,e9c8eb2d60153626,65128a5693966cc2,2024-11-27 00:30:16.216216,TR,Social Media,28,2,2259.57,2025-04-21 08:51:27.977595,2025-02-12 01:37:04.524904,435,1
USR_1454,415e0549b8cd1846,e4883d6f5b288321,2024-11-27 18:02:31.351351,DE,Organic,30,2,2092.07,2025-06-26 21:50:57.011402,2024-08-15 10:55:37.147429,369,1
USR_1455,e66d2c4e76bb772d,bb7233bc0895b617,2024-11-28 11:34:46.486486,NL,Email,63,1,1328.24,2024-02-01 12:40:28.325665,2024-02-01 12:40:28.325665,880,1
USR_1456,a6c8348f9ef09a2b,609cfd0ff8c47a61,2024-11-29 05:07:01.621621,DE,Social Media,62,5,2861.0,2026-02-13 09:31:13.094618,2024-06-12 09:05:00.300060,137,0
USR_1457,a6d4d602f3da9665,c2cefa86863c8b77,2024-11-29 22:39:16.756756,NL,Social Media,18,3,3604.18,2024-09-06 23:42:25.709141,2024-03-30 19:05:53.590718,662,1
USR_1458,71d3634503dbaafb,25062abd79c97f2d,2024-11-30 16:11:31.891891,DE,Organic,57,5,4466.93,2026-04-12 11:43:08.917783,2024-08-21 14:47:47.613522,79,0
USR_1459,4ce4921f42d13399,bea57753e350ed53,2024-12-01 09:43:47.027027,DE,Social Media,61,3,2825.13,2026-03-11 10:47:50.494098,2024-12-06 19:43:37.723544,111,0
USR_1460,3b4734c8ef7ea163,ec2f798cb5d6d1c0,2024-12-02 03:16:02.162162,DE,Paid Search,36,4,4125.11,2026-05-16 23:47:19.527905,2025-03-11 08:28:08.017603,45,0
USR_1461,0dd2b9b0a96b0fe6,9a12f51a75d21982,2024-12-02 20:48:17.297297,CH,Social Media,29,4,5478.13,2025-04-26 19:49:40.676135,2024-02-17 21:35:06.421284,430,1
USR_1462,d28aa62f4092e1ba,46bb68f73cf0673e,2024-12-03 14:20:32.432432,CH,Organic,25,2,1984.04,2025-08-23 15:35:53.950790,2025-01-26 04:01:58.103620,311,1
USR_1463,c5d95c6c1e67eb1b,3ef75a14820a7da4,2024-12-04 07:52:47.567567,CH,Social Media,25,6,5438.71,2026-05-17 16:41:17.295459,2024-04-04 04:43:09.637927,44,0
USR_1464,6f178ec4fbeadf42,ca40127ebb5c9789,2024-12-05 01:25:02.702702,TR,Email,62,4,4637.76,2025-07-27 08:44:50.458091,2024-06-10 19:03:35.323064,338,1
USR_1465,60198e10ac147ed8,dd7f023b4b68d4f5,2024-12-05 18:57:17.837837,NL,Organic,29,2,2170.44,2026-06-22 01:52:55.115023,2025-08-25 05:37:18.927785,8,0
USR_1466,7bd9ed8ac7346ee0,9b211e2c165f7079,2024-12-06 12:29:32.972972,DE,Email,50,4,3011.94,2025-10-07 17:09:31.074214,2024-11-14 11:10:18.603720,266,1
USR_1467,93b546b89217e9bd,50677af23bf0eaa2,2024-12-07 06:01:48.108108,UK,Paid Search,62,5,5525.35,2026-05-25 14:48:22.180436,2024-04-17 09:34:57.779555,36,0
USR_1468,7313deb1ff364bda,35c0f9c70a46b5b9,2024-12-07 23:34:03.243243,DE,Referral,43,2,2182.6,2026-05-20 12:17:08.365673,2026-03-10 05:13:24.400880,41,0
USR_1469,5ba6f485b9693d3a,fac36733bf76d809,2024-12-08 17:06:18.378378,TR,Referral,56,1,289.09,2025-11-29 21:03:42.524504,2025-11-29 21:03:42.524504,213,1
USR_1470,5143e52725c91284,60d6122a326b6c6d,2024-12-09 10:38:33.513513,DE,Social Media,45,6,5528.92,2025-12-11 07:40:36.247249,2024-02-25 15:28:41.864372,201,1
USR_1471,f04ae306be1469db,b2794ad8985ecb9b,2024-12-10 04:10:48.648648,TR,Social Media,22,5,3636.55,2026-05-13 07:04:01.248249,2024-12-07 04:10:36.607321,48,0
USR_1472,e31302274ce4da7c,2936649afb17c78f,2024-12-10 21:43:03.783783,DE,Referral,25,1,127.19,2024-11-09 17:06:03.672734,2024-11-09 17:06:03.672734,598,1
USR_1473,95c1d93f9a72718a,eba7f0a29ae74ed8,2024-12-11 15:15:18.918918,UK,Paid Search,42,6,5135.11,2026-05-16 06:53:21.760352,2024-03-22 08:18:20.380076,45,0
USR_1474,93ba0a546134226a,e35480ece84b3a75,2024-12-12 08:47:34.054054,NL,Paid Search,44,2,2207.02,2025-05-15 03:12:42.632526,2024-02-21 10:04:55.259051,411,1
USR_1475,a637bb4a8eda4ce0,cbb061f8cb4e381a,2024-12-13 02:19:49.189189,TR,Social Media,63,1,671.37,2025-05-03 12:22:19.467893,2025-05-03 12:22:19.467893,423,1
USR_1476,e13c184dc986a05f,139695c01819eb16,2024-12-13 19:52:04.324324,DE,Referral,40,4,1794.33,2026-03-25 00:06:37.519503,2024-03-18 15:35:02.100420,97,0
USR_1477,1b96e9db40e65dfe,04fcecaf6f8d430d,2024-12-14 13:24:19.459459,CH,Referral,47,4,3762.71,2026-05-18 01:08:16.179235,2025-03-24 04:52:57.275455,43,0
USR_1478,964cec0c697ea722,aeff792c001ad6ae,2024-12-15 06:56:34.594594,TR,Referral,62,4,3089.59,2026-06-02 21:22:25.949189,2024-07-17 09:49:39.235847,28,0
USR_1479,28c901a1f5d4a211,557674da6b58e1a5,2024-12-16 00:28:49.729729,NL,Paid Search,64,8,7909.98,2026-02-20 23:11:19.095819,2024-03-11 06:08:25.541108,130,0
USR_1480,3c47a26d01bf2d69,3288362244c3ce96,2024-12-16 18:01:04.864864,CH,Referral,40,5,4649.8,2025-09-10 01:51:28.697739,2024-04-25 20:22:30.990198,293,1
USR_1481,9494dc8c08ace32d,418fe6fa22f9d61c,2024-12-17 11:33:20.000000,CH,Organic,64,6,4883.22,2026-04-24 19:27:29.849970,2024-07-19 20:58:31.422284,67,0
USR_1482,2c8b79b70d43fdf7,392af58aea6e9802,2024-12-18 05:05:35.135135,NL,Paid Search,37,3,1830.73,2025-08-16 14:36:16.275255,2024-04-23 13:27:08.245649,318,1
USR_1483,fe166e1c1e5770cc,c7577f1127187a5b,2024-12-18 22:37:50.270270,CH,Organic,35,2,1875.28,2026-06-04 07:10:21.484296,2025-10-24 14:44:37.495499,26,0
USR_1484,df9c6fa036ace0a8,f6f226d0627810ed,2024-12-19 16:10:05.405405,CH,Paid Search,35,5,3128.58,2025-12-22 22:30:59.411882,2024-06-15 13:07:50.254050,190,1
USR_1485,68d29d94047691b2,155ef7123f7d849f,2024-12-20 09:42:20.540540,TR,Paid Search,19,3,2710.47,2026-06-09 13:55:04.740948,2024-10-09 04:51:13.574714,21,0
USR_1486,0abb8d6d089f9bda,e0ab4a8ed6de0d02,2024-12-21 03:14:35.675675,DE,Paid Search,21,5,4651.69,2026-04-19 00:02:18.267653,2024-11-02 20:19:55.439087,72,0
USR_1487,31100348e392eb20,3e1ed22342b8b165,2024-12-21 20:46:50.810810,DE,Social Media,47,3,1430.76,2025-11-02 09:59:09.589917,2024-03-24 15:13:43.124624,240,1
USR_1488,d2416608e7abd6c2,9949c96431fe5b1f,2024-12-22 14:19:05.945945,TR,Paid Search,50,4,4777.97,2025-08-20 20:00:02.880576,2024-03-14 22:51:43.820764,314,1
USR_1489,fc6ead3506b4fdc5,48b6bf1a5b939798,2024-12-23 07:51:21.081081,UK,Paid Search,53,6,5132.42,2025-06-12 07:11:13.334666,2024-05-19 18:57:15.087017,383,1
USR_1490,0ff1be05e28511ad,8cba5f06ae99c7a9,2024-12-24 01:23:36.216216,NL,Organic,35,5,3287.82,2025-09-13 05:54:18.651730,2025-01-20 12:50:15.963192,290,1
USR_1491,0f5c06a44e339e9e,6910582abbe92347,2024-12-24 18:55:51.351351,CH,Paid Search,54,2,1651.0,2025-12-16 10:11:50.062012,2024-12-08 01:18:03.816763,196,1
USR_1492,28c2313643aeb60b,7d4fb2cc09b42541,2024-12-25 12:28:06.486486,DE,Organic,36,3,2021.63,2025-09-29 19:02:26.189237,2024-05-10 15:15:44.108821,274,1
USR_1493,511de8bc6959bda9,cf45cf2e1bdc9b3d,2024-12-26 06:00:21.621621,DE,Organic,64,8,7662.09,2026-01-10 01:40:31.926385,2024-02-21 01:37:56.375275,171,0
USR_1494,da61fb95d1046c4f,b1a3daeb9146a993,2024-12-26 23:32:36.756756,NL,Social Media,45,5,3978.67,2025-08-08 03:48:43.064612,2024-04-21 19:12:13.826765,326,1
USR_1495,7fdb5fb5cdc58d3c,e31b1974a74c1db0,2024-12-27 17:04:51.891891,NL,Social Media,57,6,4412.23,2026-04-18 07:08:20.500100,2024-03-06 12:04:10.610122,73,0
USR_1496,dca3e3e03988033d,2cd0ad972784688d,2024-12-28 10:37:07.027027,CH,Social Media,37,2,1297.99,2026-06-17 03:35:10.742148,2024-11-09 08:39:04.788957,13,0
USR_1497,aecc90eab65ebd6f,63249201773900c3,2024-12-29 04:09:22.162162,DE,Paid Search,50,5,4836.88,2026-01-10 10:07:30.810162,2024-11-12 00:01:26.417283,171,0
USR_1498,5931198c196c8900,f6601b9c73513f03,2024-12-29 21:41:37.297297,TR,Paid Search,29,7,4628.32,2025-12-08 20:31:44.060812,2024-02-05 01:10:17.163432,204,1
USR_1499,4d3d31fd496a3432,39faac1d3337c245,2024-12-30 15:13:52.432432,TR,Referral,32,2,1609.19,2024-11-04 18:48:19.299859,2024-04-04 00:29:40.196039,603,1
USR_1500,5814c46084eb010a,a2cd6e1443af32c0,2024-12-31 08:46:07.567567,CH,Paid Search,58,1,981.76,2025-12-24 16:45:53.830766,2025-12-24 16:45:53.830766,188,1
USR_1501,aae984fd8e4e35d5,d8a3a83dde46a6b7,2025-01-01 02:18:22.702702,NL,Paid Search,56,4,1933.59,2025-11-05 18:15:28.985797,2025-06-16 21:01:58.823764,237,1
USR_1502,b0a924f760ecab25,cc189ee30d992633,2025-01-01 19:50:37.837837,NL,Organic,19,6,3550.31,2026-05-19 15:09:41.156231,2024-05-15 22:00:27.365473,42,0
USR_1503,68f1ef25e9120ce4,21ea6cfb3582aa76,2025-01-02 13:22:52.972972,UK,Paid Search,46,6,4528.96,2026-06-18 13:23:06.277255,2024-03-07 17:38:36.703340,12,0
USR_1504,a3174534b0f0f459,382393062e967c5e,2025-01-03 06:55:08.108108,CH,Paid Search,58,5,4542.58,2025-04-14 07:51:50.302060,2024-02-21 05:51:25.817163,442,1
USR_1505,2b5c15c83f2ed1b2,34194338f06d6c6e,2025-01-04 00:27:23.243243,DE,Paid Search,27,3,2420.12,2025-11-30 01:17:11.966393,2024-11-23 10:38:20.140028,212,1
USR_1506,880795f49586d879,299358c6eb19ae96,2025-01-04 17:59:38.378378,TR,Social Media,19,4,2776.09,2026-05-27 09:03:16.599319,2024-05-06 14:05:26.945389,34,0
USR_1507,229478a08cc43172,54ee58dcbea08c9b,2025-01-05 11:31:53.513513,UK,Paid Search,28,6,4157.49,2025-09-24 20:44:41.816363,2024-04-27 06:10:26.525305,279,1
USR_1508,70dabcd34a0e78cf,2b4256d2b652c830,2025-01-06 05:04:08.648648,TR,Social Media,30,6,4426.13,2026-06-17 20:29:08.509701,2024-05-20 07:37:43.412682,13,0
USR_1509,6fedd1221e6c7990,af994203f5cba140,2025-01-06 22:36:23.783783,CH,Referral,27,2,853.83,2026-05-04 11:49:29.153830,2024-12-11 05:20:53.770754,57,0
USR_1510,a3838e265f079c75,1825d9d3a36e5f64,2025-01-07 16:08:38.918918,CH,Referral,31,6,6659.64,2025-05-06 07:58:10.538107,2024-03-03 03:47:51.214242,420,1
USR_1511,a837e6eeff91dd6d,149c92d7a3e3b1ea,2025-01-08 09:40:54.054054,NL,Social Media,35,2,1561.28,2026-02-16 17:47:32.490498,2026-01-12 17:02:53.554710,134,0
USR_1512,b43b70f4be833a00,6668399a560c9d97,2025-01-09 03:13:09.189189,TR,Email,26,4,2918.37,2026-05-08 04:32:47.433486,2025-06-15 07:00:33.846769,53,0
USR_1513,aca4fab084e03b40,fbc0c6d4c57c0692,2025-01-09 20:45:24.324324,UK,Organic,56,5,1844.14,2026-02-09 08:20:55.931186,2024-04-01 00:40:19.683936,141,0
USR_1514,d75901d19e71cc31,450bc3a8e0848262,2025-01-10 14:17:39.459459,DE,Organic,45,4,2326.89,2026-01-02 12:00:25.925185,2024-03-01 13:46:26.237247,179,0
USR_1515,36bfa82ec707ebea,57a7e1da4f04d27b,2025-01-11 07:49:54.594594,DE,Organic,20,3,1201.17,2025-09-15 17:03:10.838167,2024-10-05 12:07:55.295059,288,1
USR_1516,9ca023b0e9907dab,550eedd3e74cbe74,2025-01-12 01:22:09.729729,NL,Social Media,37,5,4447.46,2026-06-10 06:49:02.508501,2024-04-06 20:05:31.266253,20,0
USR_1517,8c5b4492d57d85a7,e8970689bbc6d264,2025-01-12 18:54:24.864864,UK,Referral,23,5,4951.92,2026-01-04 18:55:48.669733,2024-04-15 19:33:32.802560,177,0
USR_1518,4bfcaeb8a33d8539,d9ce39962b26c745,2025-01-13 12:26:40.000000,TR,Organic,44,5,4110.72,2025-10-21 14:55:16.983396,2024-04-02 06:14:45.777155,252,1
USR_1519,000f568b3d079af5,a2d019fbcf1792f6,2025-01-14 05:58:55.135135,DE,Email,19,3,2281.43,2025-07-19 23:18:13.898779,2025-03-06 05:56:54.202840,346,1
USR_1520,35d38b28a9c2195c,9e922856e535408c,2025-01-14 23:31:10.270270,CH,Organic,46,5,2588.12,2026-05-03 10:28:32.502500,2025-09-16 05:43:39.163832,58,0
USR_1521,2d4918c3eaf2f68d,12fcdaa7d03cbdc9,2025-01-15 17:03:25.405405,NL,Email,55,4,2713.8,2026-03-10 00:59:54.958991,2025-04-13 23:24:51.418283,112,0
USR_1522,2631111827dfad1e,199209d5fd0c9086,2025-01-16 10:35:40.540540,TR,Paid Search,20,5,4446.01,2026-02-23 06:06:41.840368,2024-09-27 01:20:22.084416,127,0
USR_1523,61868b61c9af19aa,9b9210ed0a63136d,2025-01-17 04:07:55.675675,UK,Organic,33,4,1029.22,2026-04-23 05:26:04.872974,2025-04-17 20:21:39.139827,68,0
USR_1524,3d42f1cbfeba8e30,dd1c8964d0f242ad,2025-01-17 21:40:10.810810,UK,Paid Search,47,4,3386.32,2026-03-31 16:39:16.311262,2024-03-29 00:50:59.171834,91,0
USR_1525,79345eec144b40a2,c82f204b0f32c667,2025-01-18 15:12:25.945945,NL,Organic,57,5,2992.31,2026-03-11 19:14:49.377875,2024-04-11 22:36:45.081016,111,0
USR_1526,2c54fd82b37d2ae7,6a5a5a155231d8f9,2025-01-19 08:44:41.081081,NL,Organic,19,3,1659.36,2026-01-09 00:19:35.275055,2025-04-17 16:08:09.697939,172,0
USR_1527,e76a10c30172787f,dd10d5fa24f0bdbb,2025-01-20 02:16:56.216216,DE,Paid Search,34,10,8770.01,2026-05-22 23:26:00.552110,2024-03-07 13:25:07.261452,39,0
USR_1528,2b13513281be0aed,f4e89d1a87fb7df8,2025-01-20 19:49:11.351351,DE,Referral,58,7,6495.42,2026-06-27 12:51:07.813562,2024-07-01 00:55:01.140228,3,0
USR_1529,0c8cb34ff3aecc00,e5ec9aa7d2425a55,2025-01-21 13:21:26.486486,UK,Paid Search,29,10,9671.87,2026-06-10 19:29:30.834166,2024-05-25 18:35:56.111222,20,0
USR_1530,a6ea64f64b256e76,3cbb636c5e1a8a6a,2025-01-22 06:53:41.621621,UK,Paid Search,52,3,1289.78,2026-01-26 06:21:40.580116,2025-04-03 05:41:55.463092,155,0
USR_1531,ae0e1c05f78b9578,0e181da0cc091ca3,2025-01-23 00:25:56.756756,TR,Social Media,60,5,4529.98,2025-12-03 22:13:59.687937,2024-07-13 12:52:51.514302,209,1
USR_1532,08a119e7935d296b,c2d06ed2be736616,2025-01-23 17:58:11.891891,TR,Social Media,18,0,0.0,,,999,1
USR_1533,1e3951821f116d5a,2af2f3a5bfad1190,2025-01-24 11:30:27.027027,CH,Organic,62,5,2220.92,2025-12-07 23:24:16.851370,2024-07-10 08:50:01.560312,205,1
USR_1534,74ac51d5c992c48e,e18dd71d429c41dc,2025-01-25 05:02:42.162162,UK,Paid Search,32,3,2645.05,2026-02-24 07:27:38.491698,2024-06-04 02:30:56.531306,126,0
USR_1535,7803c1ee1243c220,ae44fa3eef805487,2025-01-25 22:34:57.297297,TR,Organic,43,2,857.34,2024-02-24 14:07:45.213042,2024-02-24 09:54:15.771154,857,1
USR_1536,1a372d485006dad4,2e5dc6bd22571181,2025-01-26 16:07:12.432432,UK,Organic,54,3,1656.76,2026-02-03 08:42:14.906981,2024-03-05 06:29:44.516903,147,0
USR_1537,41497476732f3145,731329af289d60b5,2025-01-27 09:39:27.567567,DE,Social Media,38,5,6027.68,2026-02-07 09:52:32.070414,2025-06-05 18:52:03.984796,143,0
USR_1538,b5d8ac2076649014,3d37146405205050,2025-01-28 03:11:42.702702,NL,Organic,48,1,587.66,2026-05-17 08:14:18.411682,2026-05-17 08:14:18.411682,44,0
USR_1539,78ad982d23d6b913,f71815f14d84665a,2025-01-28 20:43:57.837837,DE,Paid Search,42,7,4376.89,2025-08-18 08:51:10.694138,2024-06-19 14:18:07.417483,316,1
USR_1540,7a5f8154cd0242af,ac7310f638deab36,2025-01-29 14:16:12.972972,TR,Social Media,40,5,4414.12,2025-07-03 10:10:06.361272,2024-07-02 06:29:27.233446,362,1
USR_1541,3d80e6d8370d20f5,0f7ab2c8532aa5e6,2025-01-30 07:48:28.108108,CH,Organic,41,6,4544.88,2026-03-29 05:30:24.124824,2024-03-04 17:49:16.191238,93,0
USR_1542,44ade836e1de15ed,375a468ee589551d,2025-01-31 01:20:43.243243,DE,Social Media,55,2,1643.04,2025-12-09 17:39:11.270254,2025-01-05 09:30:03.960792,203,1
USR_1543,ed66d3bc04a9f2e8,db241b3eb6d50b65,2025-01-31 18:52:58.378378,CH,Organic,45,7,3902.63,2026-04-11 14:35:41.708341,2024-03-22 20:58:48.705741,80,0
USR_1544,bc6daaac4d12c1df,3fe5b21c33861844,2025-02-01 12:25:13.513513,CH,Email,38,1,350.3,2026-04-27 10:49:51.478295,2026-04-27 10:49:51.478295,64,0
USR_1545,9fe709f428018846,910fe7686228d8b8,2025-02-02 05:57:28.648648,NL,Paid Search,60,7,6815.66,2026-04-03 20:42:06.265253,2024-02-04 20:56:47.721544,88,0
USR_1546,6168ec85528dc5d0,62ec1dee5ed1b0da,2025-02-02 23:29:43.783783,DE,Referral,35,5,4282.14,2026-02-27 19:57:27.329465,2024-06-09 09:15:39.787957,123,0
USR_1547,ede58563e05591cb,28e88daa31a8abab,2025-02-03 17:01:58.918918,CH,Social Media,53,2,1355.52,2025-10-11 14:06:18.795759,2024-06-06 22:06:47.601520,262,1
USR_1548,5525aba58daf5611,79b4e586d752be92,2025-02-04 10:34:14.054054,NL,Organic,52,3,2133.35,2025-09-24 12:17:42.932586,2024-05-22 01:52:37.831566,279,1
USR_1549,d25a0545384d2720,4dc2f11a751c2dfd,2025-02-05 04:06:29.189189,UK,Social Media,62,4,3291.91,2025-11-06 23:49:55.079015,2024-05-16 10:40:55.691138,236,1
USR_1550,06f6e67e2b170742,4e31c158f9b72643,2025-02-05 21:38:44.324324,NL,Email,26,5,3479.67,2026-06-23 03:13:51.766353,2024-03-07 09:11:37.819563,7,0
USR_1551,940bfba1e3fafc9d,c16ba4e3fe1c65c0,2025-02-06 15:10:59.459459,UK,Social Media,55,4,4325.72,2026-06-13 10:51:52.462492,2024-02-17 08:54:38.095619,17,0
USR_1552,fc6e50308248577a,a0f3f3c8df11c730,2025-02-07 08:43:14.594594,CH,Referral,47,4,4747.88,2026-01-08 15:52:36.391278,2024-02-19 20:03:30.282056,173,0
USR_1553,5b9a1ccaf2806284,ff16499a2b2738ff,2025-02-08 02:15:29.729729,CH,Referral,61,5,3939.05,2026-06-19 06:17:04.044808,2025-07-14 20:47:00.084016,11,0
USR_1554,2ae43d43117f02a6,12c29c4d97dfdc76,2025-02-08 19:47:44.864864,UK,Organic,51,1,856.63,2026-06-05 16:58:17.019403,2026-06-05 16:58:17.019403,25,0
USR_1555,c5102803205186eb,4cc173abc8e23c9d,2025-02-09 13:20:00.000000,NL,Organic,49,6,4431.12,2026-03-16 00:38:35.983196,2024-12-15 02:17:41.492298,106,0
USR_1556,64035261ef8ae367,a796db2a906b00c3,2025-02-10 06:52:15.135135,DE,Social Media,20,5,3784.39,2026-01-22 00:57:53.974794,2024-07-13 04:25:52.630526,159,0
USR_1557,1209e9628bca57c9,5861f8f1646fecaa,2025-02-11 00:24:30.270270,DE,Paid Search,20,6,4509.38,2026-02-15 16:26:35.839167,2024-02-20 17:10:57.491498,135,0
USR_1558,c6d1e9de4a223068,92d789cef7b0c6f0,2025-02-11 17:56:45.405405,UK,Referral,45,4,2185.03,2026-01-24 07:53:16.719343,2024-06-20 11:25:34.626925,157,0
USR_1559,6248f6b412283d4d,c3e0f48b56783cfb,2025-02-12 11:29:00.540540,CH,Email,61,8,6554.22,2026-05-14 21:05:26.225245,2024-03-12 07:29:22.192438,47,0
USR_1560,cdd2d68c403c5aca,8839a29463dfe480,2025-02-13 05:01:15.675675,CH,Paid Search,32,6,4340.44,2026-05-13 02:50:31.806361,2024-03-20 14:03:25.961192,48,0
USR_1561,3f9956ba6bfb1363,a17842a0b2dc5489,2025-02-13 22:33:30.810810,DE,Organic,58,2,918.98,2025-10-31 07:17:16.287257,2024-09-01 16:57:42.452490,242,1
USR_1562,4e1258f104ab1927,58c3c92354e597f1,2025-02-14 16:05:45.945945,DE,Referral,40,3,1212.63,2026-03-17 23:06:59.843968,2024-09-01 04:17:14.126825,105,0
USR_1563,95deb824b298ca6b,a43aa631d2765d21,2025-02-15 09:38:01.081081,DE,Organic,57,2,698.04,2025-01-05 13:43:33.402680,2024-09-29 12:29:14.270854,541,1
USR_1564,016900c81537505d,eccffbfb9672f8a0,2025-02-16 03:10:16.216216,NL,Referral,28,2,1388.75,2024-11-15 20:58:14.138827,2024-04-05 10:17:35.731146,592,1
USR_1565,46c54b12a091123b,5f50f4e8718d29d1,2025-02-16 20:42:31.351351,CH,Paid Search,49,4,2478.92,2025-10-16 20:51:02.052410,2024-02-28 11:04:32.934586,257,1
USR_1566,198b1d8fadb32169,349ef1c4877f8058,2025-02-17 14:14:46.486486,NL,Social Media,53,7,7169.78,2025-12-29 15:03:38.203640,2024-02-01 08:26:58.883776,183,1
USR_1567,0280590707d6ed05,9a477e8e66203bc8,2025-02-18 07:47:01.621621,NL,Organic,50,5,3608.88,2026-04-27 19:16:50.362072,2024-05-22 14:33:06.157231,64,0
USR_1568,266c7525d2d9c26d,605a38279ad1cbf2,2025-02-19 01:19:16.756756,TR,Social Media,41,4,3632.57,2025-12-13 01:55:30.666133,2024-04-07 00:19:00.708141,199,1
USR_1569,e8101b031241b3a4,35c4ab0b6535dcff,2025-02-19 18:51:31.891891,NL,Paid Search,56,5,4538.29,2026-04-26 05:15:25.385077,2024-04-15 23:47:02.244448,65,0
USR_1570,cbbf998e2a249477,3e852dcaeae8d6dc,2025-02-20 12:23:47.027027,NL,Social Media,51,4,3293.94,2025-01-17 13:00:55.451090,2024-07-24 10:49:16.911382,529,1
USR_1571,a9ca1e2ce9ac12cb,96b2370cbc776cdf,2025-02-21 05:56:02.162162,UK,Organic,45,2,943.59,2025-09-26 02:19:07.909581,2024-07-16 16:55:41.468293,277,1
USR_1572,187dcb3588111998,285f5e97726f5cc9,2025-02-21 23:28:17.297297,NL,Social Media,54,7,4193.04,2026-05-03 14:42:01.944388,2024-05-28 01:31:18.855771,58,0
USR_1573,8c9963d0ceaba8f1,6f1ab9a323a727c3,2025-02-22 17:00:32.432432,CH,Referral,24,8,5366.99,2026-06-21 00:31:58.463692,2024-04-14 22:26:05.593118,9,0
USR_1574,e443469aede86e2b,25194687330bf1df,2025-02-23 10:32:47.567567,UK,Organic,21,7,3866.96,2026-06-20 20:18:29.021804,2024-03-20 09:49:56.519303,10,0
USR_1575,03d3d2a66af603a9,37b6b44ecb36aa97,2025-02-24 04:05:02.702702,TR,Organic,54,3,2824.14,2025-06-10 21:23:17.799559,2024-07-27 02:11:38.539707,385,1
USR_1576,4e1191ae4d031eb7,8e5a5d78a98800f0,2025-02-24 21:37:17.837837,DE,Organic,18,1,1880.06,2025-05-27 02:30:04.680936,2025-05-27 02:30:04.680936,399,1
USR_1577,b8b4f591d37c8aa1,306b02141f74d298,2025-02-25 15:09:32.972972,TR,Social Media,18,2,799.06,2025-04-15 09:12:46.953390,2024-12-18 06:20:31.446289,441,1
USR_1578,0c899df684db46ce,9306da6fb4abc2aa,2025-02-26 08:41:48.108108,NL,Social Media,64,2,2662.97,2025-12-31 21:59:00.948189,2024-12-10 16:40:25.445089,181,1
USR_1579,981584a9085afdc3,332ec5ca7c1d06c3,2025-02-27 02:14:03.243243,DE,Paid Search,37,4,2571.89,2026-05-27 04:49:47.157431,2024-02-14 04:51:48.141628,34,0
USR_1580,36cc980b94f4615a,79e8228322da638b,2025-02-27 19:46:18.378378,NL,Organic,36,1,350.54,2024-02-26 16:49:38.515703,2024-02-26 16:49:38.515703,855,1
USR_1581,f990aa473ec41c68,22b4bf9c191babef,2025-02-28 13:18:33.513513,TR,Paid Search,46,6,2910.52,2025-11-29 16:50:13.082616,2024-03-19 04:15:30.426085,213,1
USR_1582,149e244b5274331d,b1af127bef482e63,2025-03-01 06:50:48.648648,NL,Social Media,27,5,4671.17,2026-01-05 07:36:16.995399,2024-04-18 10:55:54.430886,176,0
USR_1583,4078bd93fb22cd6d,0a68d5cd11e88b3c,2025-03-02 00:23:03.783783,NL,Paid Search,35,2,1103.84,2026-03-28 21:03:25.241048,2024-06-22 01:26:59.603920,94,0
USR_1584,9389179ea363d614,fceedaef09276d4f,2025-03-02 17:55:18.918918,CH,Email,45,1,350.3,2024-12-30 05:37:53.494698,2024-12-30 05:37:53.494698,547,1
USR_1585,ed59c690fdadc87b,5621a9bbeb5e8798,2025-03-03 11:27:34.054054,DE,Organic,52,7,5668.16,2026-04-28 20:37:47.013402,2024-04-20 05:10:48.849769,63,0
USR_1586,c4df1e62bcf532bd,6056dee837ce1fd6,2025-03-04 04:59:49.189189,DE,Social Media,60,3,3093.06,2025-10-02 06:11:18.375675,2024-09-15 14:43:28.361672,271,1
USR_1587,ffda1d58bd9261e9,a6e473742f229235,2025-03-04 22:32:04.324324,DE,Paid Search,64,5,3445.14,2026-01-29 18:51:29.417883,2024-12-09 02:39:00.468093,152,0
USR_1588,111b81c5cfa2442a,6d81696f953199e6,2025-03-05 16:04:19.459459,DE,Paid Search,48,7,7643.56,2026-04-08 10:32:51.754350,2024-05-17 12:01:52.342468,83,0
USR_1589,9d810f2251b27af4,6c0b1de1f068c948,2025-03-06 09:36:34.594594,DE,Social Media,44,3,2951.03,2026-02-11 02:35:50.350070,2025-01-11 13:22:14.426885,139,0
USR_1590,08bcd264f0f28dfa,57749af53da7f80a,2025-03-07 03:08:49.729729,DE,Social Media,28,4,1650.73,2025-11-01 00:11:14.054810,2024-04-11 14:09:46.197239,241,1
USR_1591,29dbc5b03410655c,9d4f5cf1893fbb09,2025-03-07 20:41:04.864864,CH,Email,55,2,1673.83,2025-10-09 11:24:25.493098,2025-08-16 23:03:15.159031,264,1
USR_1592,82951c232003992e,ee0cb8bcda0b324c,2025-03-08 14:13:20.000000,DE,Organic,22,2,483.36,2025-11-13 12:09:04.428885,2024-08-01 17:23:20.680136,229,1
USR_1593,3ca6ef0729ce3ac1,76de7f632c84cdb2,2025-03-09 07:45:35.135135,NL,Organic,25,2,2506.14,2026-01-03 04:54:23.692738,2025-10-02 01:57:48.933786,178,0
USR_1594,1d11e5ed0fb20647,fac6ffaed722f3eb,2025-03-10 01:17:50.270270,UK,Social Media,51,4,1722.29,2026-04-30 06:25:42.548509,2024-04-03 11:49:11.870374,61,0
USR_1595,de42a9c8c8efaede,19ebf96d2ca110c4,2025-03-10 18:50:05.405405,NL,Social Media,29,6,5311.01,2026-03-27 07:02:00.264052,2024-04-23 09:13:38.803760,95,0
USR_1596,e9632c5435d53c2d,c842198759f15b15,2025-03-11 12:22:20.540540,CH,Organic,55,4,2151.16,2025-11-12 15:01:37.219443,2024-06-15 04:40:51.370274,230,1
USR_1597,9f52e0da8ddc952f,c9e4b7955c94b3ad,2025-03-12 05:54:35.675675,DE,Organic,18,2,1723.5,2024-08-23 13:16:11.474294,2024-07-04 21:51:48.861772,676,1
USR_1598,4c627d917e65c3b3,951030f311d397a9,2025-03-12 23:26:50.810810,DE,Organic,48,4,4776.14,2026-06-17 07:48:40.184036,2024-06-13 01:58:58.067613,13,0
USR_1599,b8b4d990e0d9bf56,8ac780611b1a3208,2025-03-13 16:59:05.945945,DE,Referral,21,2,2136.76,2025-09-14 15:42:14.186837,2025-05-31 16:20:50.170034,289,1
USR_1600,9b5aad5b7bb999ec,06b731ce20aae90d,2025-03-14 10:31:21.081081,DE,Organic,62,8,6180.24,2026-04-01 01:06:15.195039,2024-02-05 13:50:45.489097,90,0
USR_1601,0bbe1e7126b8e923,b68d798db93efdc9,2025-03-15 04:03:36.216216,DE,Paid Search,22,4,2356.8,2026-04-22 04:05:08.221644,2025-01-01 16:46:45.681136,69,0
USR_1602,d112702499dfba06,a28645e63c407463,2025-03-15 21:35:51.351351,DE,Organic,47,3,1571.72,2024-05-18 21:49:47.877575,2024-02-01 21:07:27.209441,773,1
USR_1603,6aa5eced80285c77,a908183c8b45e749,2025-03-16 15:08:06.486486,DE,Paid Search,41,2,2768.17,2026-05-31 10:13:33.762752,2025-08-30 16:35:31.626325,30,0
USR_1604,8aa251ba23076b24,ad1411d4f48f3a16,2025-03-17 08:40:21.621621,DE,Organic,20,5,4235.9,2026-06-11 12:23:28.601720,2024-02-05 18:04:14.930986,19,0
USR_1605,c593e9672ab096e9,f8d170931eba07a2,2025-03-18 02:12:36.756756,NL,Paid Search,28,7,5622.4,2025-08-05 03:59:22.552510,2024-02-06 23:38:41.024204,329,1
USR_1606,77bba43f8dd85f49,358b832077037ee4,2025-03-18 19:44:51.891891,DE,Organic,62,6,5072.01,2025-07-07 15:33:52.966593,2024-09-23 21:17:32.130426,358,1
USR_1607,e63d00c8ed70de5d,59109b8c5987636b,2025-03-19 13:17:07.027027,NL,Referral,21,4,1806.31,2025-12-21 16:56:33.318663,2024-08-12 06:52:47.193438,191,1
USR_1608,ee57a4a4ae9ce87f,72eb3d24ba5772cf,2025-03-20 06:49:22.162162,NL,Organic,43,5,4581.08,2026-06-05 04:17:48.693738,2024-12-06 11:16:38.839767,25,0
USR_1609,cb99ae4c00246f47,8cc3b23ab5ac8394,2025-03-21 00:21:37.297297,CH,Paid Search,44,8,7087.28,2026-05-15 09:45:54.550910,2024-04-30 18:40:15.363072,46,0
USR_1610,6a91e810c679834d,ccec4aaf2eaa0632,2025-03-21 17:53:52.432432,DE,Referral,63,10,7329.96,2026-06-28 05:45:05.581116,2024-02-07 08:05:39.907981,2,0
USR_1611,9cafe534c34b3f05,4461a7a8e01932d4,2025-03-22 11:26:07.567567,UK,Social Media,60,5,3580.39,2026-06-21 04:45:27.905581,2025-01-21 18:24:42.056411,9,0
USR_1612,c4043490810a7000,247fa3b239b1466a,2025-03-23 04:58:22.702702,CH,Paid Search,44,4,2721.19,2025-04-18 00:35:08.581716,2024-02-02 05:34:26.093218,438,1
USR_1613,c44db81f935598b0,087d16f356a69cc6,2025-03-23 22:30:37.837837,DE,Paid Search,59,2,1684.46,2025-07-23 20:15:01.620324,2024-05-30 16:53:40.484096,342,1
USR_1614,feeadc088184892a,b4eac2f5ed5de6fb,2025-03-24 16:02:52.972972,UK,Paid Search,23,7,3958.81,2026-04-25 12:21:27.617523,2024-02-20 12:57:28.049609,66,0
USR_1615,fee527768975dacc,0537ff2becd5cfa0,2025-03-25 09:35:08.108108,TR,Social Media,32,4,5679.32,2026-04-06 12:04:27.893578,2024-07-30 02:00:59.051810,85,0
USR_1616,447a87bf57e2ce63,9d8f14ce3e750248,2025-03-26 03:07:23.243243,DE,Email,47,3,2470.32,2026-01-03 17:34:52.018403,2025-09-20 23:47:54.094818,178,0
USR_1617,b679d14298bdd7d4,a7a6899d742525f6,2025-03-26 20:39:38.378378,DE,Social Media,59,7,6984.2,2026-02-27 07:16:59.003800,2024-05-04 02:56:34.758951,123,0
USR_1618,1c404cc1b16d50a6,d2d57b3c11b32d38,2025-03-27 14:11:53.513513,UK,Social Media,54,2,2702.2,2024-07-17 14:03:08.677735,2024-05-20 16:04:42.296459,713,1
USR_1619,735e2efc7c488cba,40cb5f8a7203bc12,2025-03-28 07:44:08.648648,CH,Social Media,54,6,4164.41,2026-06-06 09:52:14.786957,2024-06-15 21:34:49.137827,24,0
USR_1620,fa36a6fad41c94c9,7e862c293ab486c0,2025-03-29 01:16:23.783783,DE,Paid Search,59,6,4088.71,2025-12-28 05:15:42.668533,2024-06-01 15:22:04.344868,184,1
USR_1621,fcb3c0490fe09729,05e96a56e801e683,2025-03-29 18:48:38.918918,DE,Organic,54,7,5026.08,2026-03-28 08:22:56.915383,2024-06-07 02:20:17.043408,94,0
USR_1622,f66c1a75e9b7682a,fb99ba2244538cd8,2025-03-30 12:20:54.054054,NL,Social Media,52,2,1112.5,2025-09-19 05:32:59.675935,2025-07-18 17:43:47.805561,284,1
USR_1623,b0a032a2a5bb128a,e85a0d6e67f1d9bf,2025-03-31 05:53:09.189189,NL,Email,40,3,2114.63,2025-02-08 13:07:15.687137,2024-06-14 03:19:54.718943,507,1
USR_1624,edf78b1e9db2b00f,9ae6d87fc53c6abb,2025-03-31 23:25:24.324324,CH,Organic,23,4,3444.18,2025-11-24 10:05:29.825965,2024-02-07 12:19:09.349869,218,1
USR_1625,d24ab9c6e0c5c90e,124fa3ef6b0eb34c,2025-04-01 16:57:39.459459,NL,Social Media,21,3,676.91,2024-11-04 06:07:50.974194,2024-04-03 03:22:12.986597,603,1
USR_1626,754d2380709176c8,5938b4b47a99812a,2025-04-02 10:29:54.594594,NL,Organic,35,3,1413.85,2026-01-07 06:04:40.856171,2025-05-20 22:37:54.214842,174,0
USR_1627,cf8c0368f5b2956b,0e4510a79accc3fc,2025-04-03 04:02:09.729729,CH,Paid Search,26,7,6094.47,2026-05-07 11:38:49.665933,2024-02-11 09:15:57.071414,54,0
USR_1628,11e91a05139dc2dd,fe74e89a9158d664,2025-04-03 21:34:24.864864,DE,Organic,46,3,2543.97,2025-08-30 12:22:02.184436,2024-07-02 10:42:56.675335,304,1
USR_1629,cd44f7ab5a4261e6,8f45787ae6cb88af,2025-04-04 15:06:40.000000,DE,Paid Search,30,6,3575.23,2026-02-01 06:00:21.604320,2024-06-10 02:09:37.555511,149,0
USR_1630,f9991072a057bfd3,e5eec18576933681,2025-04-05 08:38:55.135135,CH,Referral,64,5,3766.61,2026-02-28 00:10:56.771354,2024-09-23 04:23:34.362872,122,0
USR_1631,c0fe3b7363a811ab,f75ad230c86921f0,2025-04-06 02:11:10.270270,UK,Paid Search,34,2,1829.28,2026-06-10 11:02:31.950390,2024-07-04 00:44:21.652330,20,0
USR_1632,6fdeea165de9b58d,539887f870949b1e,2025-04-06 19:43:25.405405,NL,Social Media,62,1,1203.9,2026-05-04 20:16:28.037607,2026-05-04 20:16:28.037607,57,0
USR_1633,19a636ea629a5a12,6c3db7830026cd92,2025-04-07 13:15:40.540540,NL,Referral,49,5,5321.85,2026-03-02 07:06:19.515903,2025-02-05 04:50:56.291258,120,0
USR_1634,a864782108e1f27f,114d8fd9eca047e7,2025-04-08 06:47:55.675675,DE,Email,39,3,2448.65,2026-04-19 16:56:16.035207,2024-07-14 01:33:19.839967,72,0
USR_1635,5b35702fc333d648,e54af3fe5c448b50,2025-04-09 00:20:10.810810,NL,Organic,21,4,3390.77,2026-05-19 19:23:10.598119,2024-04-19 20:43:49.965993,42,0
USR_1636,3472d4bca267ae0e,f4806c64d25ef4bf,2025-04-09 17:52:25.945945,NL,Paid Search,22,2,1749.62,2026-03-07 09:37:33.330666,2024-10-04 06:33:29.201840,115,0
USR_1637,9c7e8bf158dbe0b4,0d7de17e0cd5f690,2025-04-10 11:24:41.081081,DE,Organic,54,5,3638.09,2025-08-17 11:43:43.484696,2024-03-17 14:14:05.449089,317,1
USR_1638,f362ff777ad19f7f,f89d3118ccd9539d,2025-04-11 04:56:56.216216,DE,Email,58,6,6243.55,2026-06-13 23:32:20.788157,2024-11-03 21:40:52.090418,17,0
USR_1639,0024812b0bb1db78,9f4618e818340cf3,2025-04-11 22:29:11.351351,NL,Email,30,1,663.2,2024-06-27 20:52:11.186237,2024-06-27 20:52:11.186237,733,1
USR_1640,8554106b91fd2825,121f9d8b53c1fa0f,2025-04-12 16:01:26.486486,DE,Paid Search,51,2,1078.41,2026-06-28 18:25:33.906781,2025-05-08 10:40:03.840768,2,0
USR_1641,dfc7c73966c5c4e0,8c8c05706b44bafb,2025-04-13 09:33:41.621621,NL,Referral,62,3,2955.75,2026-03-06 04:03:07.237447,2024-10-07 10:36:19.155831,116,0
USR_1642,6600cb85b919bdaf,46efbcec29c2a326,2025-04-14 03:05:56.756756,DE,Paid Search,39,3,3968.28,2026-01-30 11:45:27.185437,2024-09-12 23:21:06.733346,151,0
USR_1643,542f5384ec5cad7a,7346ea24649f651b,2025-04-14 20:38:11.891891,NL,Social Media,40,4,3979.7,2025-06-24 10:42:04.824964,2024-05-07 19:39:53.038607,371,1
USR_1644,9a0080e29180b193,d3626cc1e7b16003,2025-04-15 14:10:27.027027,DE,Organic,20,4,2263.98,2025-05-05 15:04:12.770554,2024-02-17 13:08:07.537507,421,1
USR_1645,5bfb836b708ade6c,398281aa8dfee003,2025-04-16 07:42:42.162162,UK,Referral,59,3,3122.78,2025-09-12 00:19:52.558511,2024-06-15 17:21:19.695939,291,1
USR_1646,9988972b3cf096ca,6f9c322a2c477e7a,2025-04-17 01:14:57.297297,CH,Organic,51,1,967.72,2026-02-22 17:26:13.514702,2026-02-22 17:26:13.514702,128,0
USR_1647,f077dac07e92cd5e,6e55b32cf12b1ee4,2025-04-17 18:47:12.432432,CH,Referral,49,1,410.04,2024-07-10 04:36:32.118423,2024-07-10 04:36:32.118423,720,1
USR_1648,7e0faaa5e5e3b312,c7b5b4e3d41c8f57,2025-04-18 12:19:27.567567,UK,Referral,62,4,4408.73,2026-01-17 15:20:37.927585,2024-05-22 06:06:07.273454,164,0
USR_1649,448466fa221d29a4,d2c91cfe15e6222c,2025-04-19 05:51:42.702702,NL,Social Media,38,6,4929.76,2024-10-03 09:26:01.992398,2024-02-29 03:58:30.702140,635,1
USR_1650,f2aa9472df45666e,a96ec7a811e4b11b,2025-04-19 23:23:57.837837,DE,Organic,63,4,1851.92,2025-02-09 14:28:12.338467,2024-02-14 17:32:16.467293,506,1
USR_1651,93e9094e735a6b90,ecf5b767b2ec326a,2025-04-20 16:56:12.972972,NL,Paid Search,61,5,3340.66,2026-03-08 10:58:29.981996,2024-08-18 06:31:28.217643,114,0
USR_1652,6d7b0700db99f631,56ed8f1f31b53525,2025-04-21 10:28:28.108108,CH,Organic,38,5,3094.41,2026-06-04 19:50:49.809962,2024-02-03 06:55:22.744548,26,0
USR_1653,b097393f5ad6b494,c582cb8c4e9306e3,2025-04-22 04:00:43.243243,CH,Paid Search,61,3,1024.1,2025-09-02 12:11:22.696539,2024-09-10 03:45:15.663132,301,1
USR_1654,c925668d6427f84f,0b96ab43224c9d33,2025-04-22 21:32:58.378378,NL,Organic,28,5,4422.38,2026-04-29 09:18:15.339067,2024-08-20 13:26:50.962192,62,0
USR_1655,023792fc58f87165,c0bd5906dbb08b22,2025-04-23 15:05:13.513513,DE,Email,56,2,902.91,2025-04-06 05:31:15.975195,2025-02-27 00:43:47.085417,450,1
USR_1656,c6d750a181da7f0c,ad90e1a50f198da4,2025-04-24 08:37:28.648648,DE,Social Media,21,4,1435.94,2026-03-17 01:59:32.634526,2024-05-05 04:17:31.410282,105,0
USR_1657,4ce12b022d9bce0f,03cfabce8dc822bb,2025-04-25 02:09:43.783783,NL,Paid Search,18,6,4933.71,2025-11-26 21:14:22.012402,2025-02-02 09:15:05.221044,216,1
USR_1658,6d3f729c05ad6bfa,a140a2c107babac9,2025-04-25 19:41:58.918918,CH,Paid Search,45,2,817.49,2025-12-21 21:10:02.760552,2024-03-29 21:58:26.381276,191,1
USR_1659,b7d4bd79ac5ecf76,72b46c5433afd3c9,2025-04-26 13:14:14.054054,CH,Paid Search,41,3,3463.36,2025-11-14 09:16:31.638327,2024-03-31 03:32:52.474494,228,1
USR_1660,e3b9f0ec2ad2d18f,a560feebbb89fdaa,2025-04-27 06:46:29.189189,NL,Social Media,52,8,6685.02,2026-03-12 20:35:46.029205,2024-02-15 06:12:44.792958,110,0
USR_1661,3375b0b12b2c384b,b1bf18944b476592,2025-04-28 00:18:44.324324,TR,Paid Search,30,6,4734.14,2025-08-18 00:24:11.810362,2024-04-29 08:52:19.827965,316,1
USR_1662,917617d9ac8eb573,26f2f3e87bf15b77,2025-04-28 17:50:59.459459,CH,Email,64,10,9779.44,2026-04-19 12:42:46.593318,2024-12-25 20:00:37.447489,72,0
USR_1663,c3f8a6e76e17a35d,6a5e143dcd8760d1,2025-04-29 11:23:14.594594,DE,Paid Search,51,3,415.98,2026-06-25 22:49:42.836567,2024-06-21 21:13:30.162032,5,0
USR_1664,7f7031e9649b8c93,474e47d368130c4b,2025-04-30 04:55:29.729729,DE,Email,28,3,2121.61,2025-09-30 03:29:25.073014,2024-06-04 06:44:25.973194,273,1
USR_1665,6b1b879c6208fef8,f61560e28d849bcb,2025-04-30 22:27:44.864864,DE,Referral,53,3,1966.06,2026-02-06 12:45:04.860972,2025-05-24 06:54:13.610722,144,0
USR_1666,88950353fbacec81,c2563e75f927c498,2025-05-01 16:00:00.000000,DE,Organic,34,3,3351.06,2026-01-09 08:46:34.158831,2024-02-04 16:43:18.279655,172,0
USR_1667,675c8b6aae65cf3f,2cc088cdd0b30a00,2025-05-02 09:32:15.135135,DE,Email,52,3,2061.64,2026-05-22 19:12:31.110222,2024-07-03 16:17:22.768553,39,0
USR_1668,d0cc071376a9c369,188cca54a9637b62,2025-05-03 03:04:30.270270,DE,Organic,35,3,2061.23,2025-10-19 16:26:53.122624,2024-04-15 02:39:35.035007,254,1
USR_1669,0e3ce1051a8da61e,581f211cb15a9641,2025-05-03 20:36:45.405405,DE,Referral,57,4,2406.35,2026-06-24 13:01:47.301460,2024-12-18 10:34:00.888177,6,0
USR_1670,4e6c21d4b7a77032,ba6643c9ee6e51a6,2025-05-04 14:09:00.540540,DE,Paid Search,39,3,4275.39,2026-04-21 02:44:11.570314,2024-07-19 12:31:32.538507,70,0
USR_1671,1a195cd698ae5031,d9de17ccc385537c,2025-05-05 07:41:15.675675,UK,Referral,41,3,1923.88,2025-08-01 15:29:33.714742,2024-02-05 09:37:16.047209,333,1
USR_1672,f06875d5a8cd232f,8bb68be5bb228c55,2025-05-06 01:13:30.810810,DE,Referral,36,2,1175.58,2026-06-04 15:37:20.368073,2025-06-15 02:47:04.404880,26,0
USR_1673,8345f32cb4f3857b,5325cf116ff6d005,2025-05-06 18:45:45.945945,NL,Referral,54,6,2441.24,2026-02-17 14:54:59.699939,2024-03-25 12:21:10.334066,133,0
USR_1674,edfc9fc2e391b1ea,8297aafea293a9a4,2025-05-07 12:18:01.081081,NL,Referral,56,6,4740.13,2025-05-14 18:45:43.748749,2024-02-07 03:52:10.466093,412,1
USR_1675,13ca719328ac8cac,f8c68d6a0d9211bc,2025-05-08 05:50:16.216216,TR,Paid Search,38,1,709.88,2024-12-02 01:39:22.792558,2024-12-02 01:39:22.792558,575,1
USR_1676,2f007f2e1f553229,dbeb46170ca84dd7,2025-05-08 23:22:31.351351,DE,Organic,25,3,2255.17,2025-03-21 09:17:06.205241,2024-06-12 21:45:28.625725,466,1
USR_1677,a431cd672767d834,cfe287ee7b4994a1,2025-05-09 16:54:46.486486,NL,Paid Search,45,4,2503.95,2026-04-29 13:31:44.780956,2024-08-04 21:26:10.634126,62,0
USR_1678,5345523829329f40,5ca922f9ac255673,2025-05-10 10:27:01.621621,TR,Organic,22,6,5064.53,2026-03-13 13:29:43.796759,2024-04-10 08:35:20.104020,109,0
USR_1679,059a28b9d1adde90,cc9bdb1ce772d8d9,2025-05-11 03:59:16.756756,UK,Social Media,34,4,2969.1,2025-12-17 03:05:47.829565,2024-02-29 08:12:00.144028,195,1
USR_1680,4afcc10690608036,999e6d96f86d819c,2025-05-11 21:31:31.891891,UK,Paid Search,54,4,1600.87,2026-01-01 23:19:57.599519,2024-03-18 11:21:32.658531,180,0
USR_1681,04b41e3f0d911c7d,2cf89c38491ecf2b,2025-05-12 15:03:47.027027,DE,Email,53,3,2560.88,2026-01-07 14:31:39.739947,2024-07-28 20:26:32.958591,174,0
USR_1682,0db24c7ce0b494dd,e05db0827242de9b,2025-05-13 08:36:02.162162,DE,Social Media,36,4,1582.2,2025-11-21 01:49:10.430086,2024-08-28 15:47:25.289057,221,1
USR_1683,645bb5f3b6a7ca93,861144d65dcd1e78,2025-05-14 02:08:17.297297,CH,Referral,44,2,1706.67,2026-06-15 00:53:17.439487,2026-03-29 09:43:53.566713,15,0
USR_1684,bfd65d69b1d25597,ce2c6c19fa30d372,2025-05-14 19:40:32.432432,TR,Organic,51,6,5662.1,2025-08-18 21:31:39.019803,2024-07-12 11:31:54.862972,316,1
USR_1685,3f9fe9dc68b0638e,b0388463538ba626,2025-05-15 13:12:47.567567,CH,Referral,28,3,448.32,2026-05-09 22:47:41.852370,2024-11-07 14:24:10.370074,52,0
USR_1686,dc6666006eccbab0,f5efad8db602bcd5,2025-05-16 06:45:02.702702,CH,Email,62,4,1452.2,2026-03-26 14:08:02.496499,2024-12-15 10:44:40.376075,96,0
USR_1687,4da6262df8b2ea12,702cf272029fbe4d,2025-05-17 00:17:17.837837,DE,Paid Search,64,5,2842.27,2025-04-14 16:18:49.185837,2024-08-13 16:40:42.728545,442,1
USR_1688,aaa711d155276def,5975515a93f586d4,2025-05-17 17:49:32.972972,UK,Social Media,29,1,328.03,2024-04-18 02:28:55.547109,2024-04-18 02:28:55.547109,803,1
USR_1689,af71416130ce1ebd,cbfe01e68c04de65,2025-05-18 11:21:48.108108,DE,Referral,38,3,3720.58,2025-10-24 06:17:38.611722,2024-05-06 01:24:58.619723,249,1
USR_1690,4d3ee79c6e101559,7c0b41f3a8acf9ee,2025-05-19 04:54:03.243243,NL,Organic,28,4,5840.12,2026-05-30 17:19:35.995199,2024-03-01 22:13:25.121024,31,0
USR_1691,0820fa77ca93378a,aef444cfc932bf10,2025-05-19 22:26:18.378378,NL,Paid Search,56,2,944.94,2025-07-04 15:44:32.454490,2025-03-17 03:53:19.599919,361,1
USR_1692,2512c1fc31be363f,2f55cda54f451c18,2025-05-20 15:58:33.513513,NL,Paid Search,45,4,2123.17,2026-02-24 11:41:07.933586,2024-02-09 10:47:33.210642,126,0
USR_1693,e2c244632924f2ca,a60f460b58050a1e,2025-05-21 09:30:48.648648,DE,Organic,22,11,8617.61,2026-06-09 18:08:34.182836,2024-04-11 05:42:47.313462,21,0
USR_1694,5740ebfc86ab5121,6b6deb40b5fe1941,2025-05-22 03:03:03.783783,DE,Paid Search,34,3,3308.6,2026-01-20 02:29:30.114022,2024-08-25 07:31:05.893178,161,0
USR_1695,e8aa5fa36d614b93,1b964ffcfcc62b1d,2025-05-22 20:35:18.918918,CH,Organic,37,3,2414.42,2026-01-30 03:18:28.301660,2024-12-05 05:42:12.746549,151,0
USR_1696,66dd3b676c308ca3,89fad61163a0dc64,2025-05-23 14:07:34.054054,DE,Organic,58,3,1321.17,2026-06-02 12:55:27.065413,2025-11-16 03:31:26.057211,28,0
USR_1697,3319070c53304f2f,64f1e2d95bc8c314,2025-05-24 07:39:49.189189,CH,Organic,63,4,2566.39,2026-05-21 13:38:05.017003,2024-05-26 19:56:52.762552,40,0
USR_1698,9c6347eed04e678f,3d576ffdd3c0cbdd,2025-05-25 01:12:04.324324,DE,Email,29,7,6266.01,2025-12-19 01:34:11.690338,2024-08-14 13:48:09.937987,193,1
USR_1699,99dcd69dff004983,110ec2b665efa77b,2025-05-25 18:44:19.459459,NL,Paid Search,23,6,2369.31,2025-11-22 15:50:35.407081,2024-02-16 11:47:10.886177,220,1
USR_1700,b65a9da1481148ca,67a84946c8d8467e,2025-05-26 12:16:34.594594,NL,Email,34,4,2347.24,2026-03-15 11:58:07.657531,2024-03-25 16:34:39.775955,107,0
USR_1701,7de6a0cbe8c2c268,390113254d4abff4,2025-05-27 05:48:49.729729,DE,Paid Search,36,7,6326.16,2025-11-01 08:38:12.938587,2024-03-04 22:02:45.633126,241,1
USR_1702,e9fd0b8012a2cf27,6234b01d9e94b724,2025-05-27 23:21:04.864864,NL,Paid Search,43,1,981.52,2025-03-03 01:54:04.248849,2025-03-03 01:54:04.248849,484,1
USR_1703,850f6271df2d0855,4d150b05f4a3b73c,2025-05-28 16:53:20.000000,DE,Paid Search,61,3,3211.48,2025-12-18 08:40:13.922784,2024-07-23 22:08:48.585717,194,1
USR_1704,adca9e08705167ef,baa543091845d836,2025-05-29 10:25:35.135135,DE,Paid Search,61,1,1272.95,2025-08-11 12:05:02.460492,2025-08-11 12:05:02.460492,323,1
USR_1705,ed4b1616d42ebc54,5b3a7aca4c91390d,2025-05-30 03:57:50.270270,TR,Organic,49,2,1178.97,2026-05-27 17:30:15.483096,2025-05-12 20:17:19.887977,34,0
USR_1706,f261022d0e66d4bb,b18c768a89badfc7,2025-05-30 21:30:05.405405,NL,Social Media,23,3,2665.95,2026-05-18 13:48:44.504900,2024-02-22 15:39:21.352270,43,0
USR_1707,0e721b9e3111085b,0e8c82b3991719bb,2025-05-31 15:02:20.540540,UK,Organic,53,3,2771.66,2025-11-28 07:02:17.547509,2024-10-21 04:08:35.623124,214,1
USR_1708,65421d21c840a953,7f42f1de5dc7ae4f,2025-06-01 08:34:35.675675,DE,Social Media,55,5,5226.95,2025-11-15 19:04:27.173434,2024-02-14 09:05:17.583516,227,1
USR_1709,cba72f073e90f4cd,266a3b83ee1a3659,2025-06-02 02:06:50.810810,CH,Social Media,28,4,4981.17,2026-04-16 08:39:56.639327,2025-01-17 08:47:26.009201,75,0
USR_1710,611f21d41ec05d8f,b6f0a246ea991ae2,2025-06-02 19:39:05.945945,UK,Organic,50,1,1262.12,2025-04-02 04:20:58.811762,2025-04-02 04:20:58.811762,454,1
USR_1711,38068bab2719d176,1ae50f56b5e40902,2025-06-03 13:11:21.081081,CH,Organic,41,6,4409.72,2026-03-18 11:47:28.169633,2024-10-28 13:35:12.182436,104,0
USR_1712,875e9048c22a96d2,b59f7543a0cc3d63,2025-06-04 06:43:36.216216,NL,Referral,40,2,1680.5,2025-11-15 14:50:57.731546,2024-06-19 05:51:08.533706,227,1
USR_1713,128bbc544987e96e,dfef0e4a69356c79,2025-06-05 00:15:51.351351,NL,Paid Search,32,3,2307.38,2024-11-15 08:17:45.813162,2024-04-14 01:18:38.383676,592,1
USR_1714,40a77ef49d800efe,e74ca5d576b92510,2025-06-05 17:48:06.486486,NL,Organic,44,6,4378.62,2026-06-28 01:31:36.139227,2024-02-12 02:09:54.838967,2,0
USR_1715,7d505fab185d11a0,8a203e2bf3454fda,2025-06-06 11:20:21.621621,TR,Email,28,4,3862.55,2026-01-08 03:12:08.065613,2024-03-30 02:11:55.823164,173,0
USR_1716,2c5e7c41f9482071,7bf2b0d0b92600f2,2025-06-07 04:52:36.756756,UK,Organic,34,1,1071.36,2024-11-04 23:01:48.741748,2024-11-04 23:01:48.741748,603,1
USR_1717,3e61249675b88632,bf8b16a996376a71,2025-06-07 22:24:51.891891,TR,Social Media,31,3,1868.25,2025-10-30 01:42:50.194038,2024-02-08 05:13:07.117423,243,1
USR_1718,6f38716fc0598d20,3bf73709f17781f4,2025-06-08 15:57:07.027027,DE,Email,44,2,1514.76,2024-07-20 09:38:59.747949,2024-04-25 03:28:33.222644,710,1
USR_1719,aa33941d63e9c427,7db721f67a4a04e8,2025-06-09 09:29:22.162162,CH,Organic,35,11,9808.92,2026-04-03 03:48:08.497699,2024-10-18 08:32:44.552910,88,0
USR_1720,6e91736bd9cae7e4,aec11b8ea01b57b1,2025-06-10 03:01:37.297297,TR,Organic,45,7,4328.79,2026-01-09 17:13:33.042608,2024-05-19 23:10:44.528905,172,0
USR_1721,7134ccf3e5e36862,8bf37ea0ac8a5805,2025-06-10 20:33:52.432432,DE,Organic,64,6,4798.97,2025-10-09 02:57:26.609321,2024-09-04 16:47:02.964592,264,1
USR_1722,141789d9d9aaab7b,33e09f3dc4859e7c,2025-06-11 14:06:07.567567,DE,Paid Search,64,2,1157.04,2026-06-27 00:10:39.487897,2025-09-08 11:50:03.720744,3,0
USR_1723,d4041f06875807f2,5e2ad18ed6dcb489,2025-06-12 07:38:22.702702,CH,Organic,21,2,2822.73,2026-02-07 22:33:00.396079,2025-05-05 06:37:13.886777,143,0
USR_1724,5710fd30af223567,ece0737e4547f997,2025-06-13 01:10:37.837837,CH,Social Media,24,3,1822.03,2026-06-01 11:34:30.414082,2024-11-02 07:39:27.113422,29,0
USR_1725,97ce5567e5f25e20,717cc5b753bdf3fe,2025-06-13 18:42:52.972972,UK,Organic,62,11,8797.75,2025-11-17 09:05:52.150430,2024-03-11 14:35:24.424884,225,1
USR_1726,64e58d58c9c71bf3,0f8b4bb7e3a29c47,2025-06-14 12:15:08.108108,DE,Paid Search,52,3,2794.48,2025-07-14 12:20:01.200240,2024-07-26 09:17:40.772154,351,1
USR_1727,71ef5782127b9a59,2d2f341b78e2183e,2025-06-15 05:47:23.243243,UK,Email,26,6,4858.0,2026-05-15 18:12:53.434686,2024-03-26 05:15:08.101620,46,0
USR_1728,d43f290e5d9c830b,23c7d803987358b9,2025-06-15 23:19:38.378378,DE,Referral,25,3,2149.26,2026-01-26 23:15:38.347669,2024-03-14 05:57:46.053210,155,0
USR_1729,562637fb7066c91d,9b804a3297a18622,2025-06-16 16:51:53.513513,DE,Social Media,62,4,3817.06,2026-05-08 17:13:15.759151,2024-08-01 21:36:50.122024,53,0
USR_1730,e4ff7ea5b99de469,7c842ebf479508e5,2025-06-17 10:24:08.648648,DE,Paid Search,34,4,5901.36,2025-10-22 03:35:45.309061,2024-04-17 22:15:26.105221,251,1
USR_1731,a18befffbbc7d106,ac7d57a9f1353e90,2025-06-18 03:56:23.783783,UK,Social Media,34,6,3629.96,2026-04-22 20:59:05.989197,2025-01-27 05:22:54.754950,69,0
USR_1732,0277cb496c22d206,1bbf49eb83f40ad8,2025-06-18 21:28:38.918918,CH,Paid Search,50,2,547.69,2024-11-23 14:51:49.581916,2024-07-14 10:00:18.723744,584,1
USR_1733,73c1acde1ea5271f,c8a32c9f7e88698c,2025-06-19 15:00:54.054054,NL,Paid Search,49,4,1453.39,2026-02-20 02:03:51.886377,2024-07-31 11:48:54.586917,130,0
USR_1734,3203d4d9585bb73d,4e72b9c3c8307f24,2025-06-20 08:33:09.189189,NL,Organic,25,4,3795.48,2026-03-03 04:13:46.725345,2024-10-11 20:13:35.203040,119,0
USR_1735,e1703ceaaca4beb2,5105c5b4575b0287,2025-06-21 02:05:24.324324,UK,Referral,36,2,957.49,2024-08-03 11:38:15.099019,2024-07-10 00:23:02.676535,696,1
USR_1736,ee609424a5bf09bf,5f8cec866677be20,2025-06-21 19:37:39.459459,NL,Paid Search,55,2,1039.7,2025-04-08 20:53:37.603520,2024-05-12 13:44:07.969593,448,1
USR_1737,05a1fcd207a8ce3e,bb2d84d291c457cf,2025-06-22 13:09:54.594594,UK,Organic,20,5,4648.98,2026-03-23 22:45:40.868173,2024-10-27 16:27:44.972994,99,0
USR_1738,7c9ccb8615fc35d5,4ab58ccc1560a7ac,2025-06-23 06:42:09.729729,NL,Paid Search,22,2,1191.9,2025-10-25 11:52:04.704940,2024-11-18 03:53:36.883376,248,1
USR_1739,f979207883104d87,d021011268422436,2025-06-24 00:14:24.864864,NL,Paid Search,30,3,1555.77,2026-03-09 20:46:25.517103,2024-03-07 04:58:08.377675,113,0
USR_1740,0e64f462acb9b3ac,401b38dcd44a340b,2025-06-24 17:46:40.000000,NL,Referral,64,2,1886.64,2026-04-01 22:13:42.404480,2025-02-07 20:13:17.919583,90,0
USR_1741,792f4799525be387,dc3048f317ba6a4f,2025-06-25 11:18:55.135135,NL,Social Media,63,2,484.95,2024-09-14 17:36:01.152230,2024-05-24 04:34:31.134226,654,1
USR_1742,46f376ac54eb65c3,8366051abb7559ef,2025-06-26 04:51:10.270270,CH,Referral,48,3,2211.72,2026-05-31 18:40:32.646529,2025-03-18 01:00:46.809361,30,0
USR_1743,abe48e95d3366718,cfca686af72b641d,2025-06-26 22:23:25.405405,NL,Organic,33,2,3771.41,2026-05-13 11:17:30.690138,2025-08-20 07:19:34.554910,48,0
USR_1744,6dc4ce2cf8a0c26b,2eb61c84d989c032,2025-06-27 15:55:40.540540,DE,Paid Search,49,3,4613.12,2026-06-13 06:38:23.020604,2024-04-26 13:16:28.757751,17,0
USR_1745,b4f25a3793ee1f93,36f9662404d979da,2025-06-28 09:27:55.675675,UK,Paid Search,39,5,6220.49,2026-05-08 00:19:17.991598,2024-06-03 22:17:27.089417,53,0
USR_1746,aa1552e134147f48,6a34e31ae4aa8fc3,2025-06-29 03:00:10.810810,NL,Organic,46,3,2809.26,2025-07-03 18:37:05.245049,2024-09-19 03:13:17.199439,362,1
USR_1747,67c029322c084d3b,64db178b5800694e,2025-06-29 20:32:25.945945,NL,Organic,39,3,3840.21,2026-02-11 19:29:48.117623,2025-07-06 09:59:26.873374,139,0
USR_1748,81eed9f6346477fd,90282116c5278685,2025-06-30 14:04:41.081081,TR,Referral,60,4,2983.72,2025-06-28 07:38:52.546509,2024-02-13 16:11:19.815963,367,1
USR_1749,49541f2732ef1693,6ac2df53cac9bfd5,2025-07-01 07:36:56.216216,CH,Organic,20,4,2163.78,2025-08-10 06:30:36.367273,2024-05-19 02:03:17.319463,324,1
USR_1750,bb8f486efb91362e,00ac084e10171b0a,2025-07-02 01:09:11.351351,DE,Paid Search,27,5,4587.91,2025-12-24 12:32:24.388877,2024-07-10 21:30:29.885977,188,1
USR_1751,6fd682a0a7bc9f33,5e4ddcb863a56d9b,2025-07-02 18:41:26.486486,TR,Organic,59,3,1927.45,2026-04-15 19:59:28.313662,2025-05-20 18:24:24.772954,76,0
USR_1752,d5195cedb3cad50c,2cc9fd493960de7b,2025-07-03 12:13:41.621621,CH,Organic,38,6,2890.54,2025-11-03 15:33:35.683136,2024-02-06 02:31:13.814762,239,1
USR_1753,8c4a9eaa5b0bf194,94e2e35ac76c3ca1,2025-07-04 05:45:56.756756,NL,Organic,33,6,4697.16,2026-05-19 10:56:11.714342,2024-02-18 22:56:03.072614,42,0
USR_1754,a8294a8a4e41112d,8c4f1c6fea1ccb63,2025-07-04 23:18:11.891891,DE,Email,29,2,2619.42,2025-04-26 15:36:11.234246,2025-02-26 03:36:19.875975,430,1
USR_1755,d7854128fd28efa2,a23fd96b441af0fe,2025-07-05 16:50:27.027027,UK,Referral,19,4,4655.33,2026-03-21 03:09:49.797959,2025-06-19 16:37:49.893978,101,0
USR_1756,234ddc2a4411c497,f6435288f1f70ee5,2025-07-06 10:22:42.162162,CH,Email,58,3,3285.84,2025-11-09 19:25:46.149229,2024-05-11 08:09:41.876375,233,1
USR_1757,908dff9fbe208362,9db5ddfcf56df685,2025-07-07 03:54:57.297297,NL,Paid Search,41,12,7782.23,2026-06-22 10:19:53.998799,2024-06-16 14:28:46.905381,8,0
USR_1758,84821b8c86063e48,9917279d83c83ed1,2025-07-07 21:27:12.432432,UK,Organic,52,3,3298.85,2025-12-10 10:33:09.037807,2024-03-25 20:48:09.217843,202,1
USR_1759,2c9768e7c1d0843c,e8ffd0d91cd2ab76,2025-07-08 14:59:27.567567,UK,Paid Search,47,2,1317.96,2026-04-14 05:58:03.336667,2024-04-12 23:57:41.732346,77,0
USR_1760,d283c33abcc2c811,49abe1c9822ba3c6,2025-07-09 08:31:42.702702,DE,Paid Search,47,6,5598.86,2026-05-26 16:09:18.831766,2024-02-28 02:37:34.050810,35,0
USR_1761,9def9c0f0349db44,d0db70ad738445cb,2025-07-10 02:03:57.837837,NL,Referral,64,3,3181.68,2026-03-09 03:52:27.749549,2024-11-02 11:52:56.555311,113,0
USR_1762,63eab94b381abb65,b399e1de73b41c27,2025-07-10 19:36:12.972972,DE,Organic,52,7,5721.53,2026-06-22 14:33:23.440688,2024-03-18 07:08:03.216643,8,0
USR_1763,d6cb30caf245d084,f9c80c85a6a885de,2025-07-11 13:08:28.108108,CH,Paid Search,36,0,0.0,,,999,1
USR_1764,a041f791ca9f44b5,4e725fd2707711ca,2025-07-12 06:40:43.243243,DE,Organic,25,4,3805.46,2026-02-08 19:40:27.605521,2024-07-01 17:48:58.907781,142,0
USR_1765,1adfd84cc6edd3bf,71d577ec7efae738,2025-07-13 00:12:58.378378,CH,Paid Search,43,2,1295.87,2025-06-30 06:07:16.407281,2024-11-02 03:25:57.671534,365,1
USR_1766,5ac736f482b15a9d,c8c51abb80455727,2025-07-13 17:45:13.513513,UK,Social Media,57,2,272.47,2024-08-15 02:28:38.263652,2024-03-10 09:00:58.331666,684,1
USR_1767,3594cc1db2773993,3268820f6b3075f4,2025-07-14 11:17:28.648648,UK,Paid Search,24,2,1573.67,2025-09-22 01:08:50.746149,2024-08-25 15:58:04.776955,281,1
USR_1768,e9c81453c5a4b14a,4fcf83a95aaf3538,2025-07-15 04:49:43.783783,NL,Paid Search,47,2,1183.56,2026-03-03 12:40:45.609121,2024-02-10 12:08:29.861972,119,0
USR_1769,2e2a70e854b65545,9a3a05012e8af987,2025-07-15 22:21:58.918918,UK,Paid Search,24,3,2643.75,2025-09-19 09:46:29.117823,2024-05-23 03:13:34.482896,284,1
USR_1770,ae5a17c9742817e3,f01e1bd207ec21d5,2025-07-16 15:54:14.054054,DE,Paid Search,20,2,3049.88,2025-09-03 00:51:51.022204,2025-01-29 03:51:18.615723,300,1
USR_1771,d6ea16d459f405d7,bc8e0e18c200bd6d,2025-07-17 09:26:29.189189,UK,Referral,18,4,3870.13,2025-09-19 22:26:57.443488,2024-05-27 08:37:21.088217,284,1
USR_1772,c83d254568efd5dc,3e2b88ceecb9d88b,2025-07-18 02:58:44.324324,DE,Referral,53,1,693.54,2026-04-29 21:58:43.664732,2026-04-29 21:58:43.664732,62,0
USR_1773,02980010a43812d6,d1eaac7801339871,2025-07-18 20:30:59.459459,NL,Email,42,3,3316.25,2026-03-07 01:10:34.446889,2025-01-11 21:49:13.310662,115,0
USR_1774,79b3314e46561b0f,386ff503dd91536b,2025-07-19 14:03:14.594594,UK,Referral,54,3,1073.03,2026-04-14 14:25:02.220444,2025-11-29 08:23:14.198839,77,0
USR_1775,6b29dda92b3a5487,5bc211c5d2424a6f,2025-07-20 07:35:29.729729,DE,Paid Search,18,2,1413.27,2024-11-07 22:51:09.253850,2024-05-19 06:16:46.761352,600,1
USR_1776,45e86c495f2bac55,9cc5f11c135739e3,2025-07-21 01:07:44.864864,DE,Social Media,32,1,234.89,2024-10-13 10:15:00.180036,2024-10-13 10:15:00.180036,625,1
USR_1777,604fd57e89a30906,88920df89350d9ab,2025-07-21 18:40:00.000000,CH,Paid Search,54,6,5577.02,2026-05-28 06:10:43.808761,2024-04-18 19:22:53.314662,33,0
USR_1778,c9fa21cb952c4cc7,464f8d3f8e513877,2025-07-22 12:12:15.135135,CH,Organic,30,3,1956.93,2025-05-24 02:40:44.168833,2024-12-31 19:39:18.471694,402,1
USR_1779,3c3ebba375976a2c,9d496ccefe4ad2f9,2025-07-23 05:44:30.270270,CH,Referral,57,5,4987.53,2026-06-27 04:24:08.929785,2024-09-01 12:44:13.010602,3,0
USR_1780,d0970cf716c6c656,633eba4e01d6352c,2025-07-23 23:16:45.405405,CH,Organic,25,4,3826.76,2026-02-10 22:22:20.908181,2024-08-07 00:08:03.936787,140,0
USR_1781,e4b42850102ce990,5fac205b44dd501a,2025-07-24 16:49:00.540540,NL,Email,22,2,1215.74,2025-06-07 00:26:30.078015,2025-03-08 17:05:46.389277,388,1
USR_1782,7f0e0595c35177db,7c32eb71ec0ca8d8,2025-07-25 10:21:15.675675,DE,Paid Search,26,8,4366.8,2026-04-11 18:49:11.150230,2024-03-15 19:59:11.030206,80,0
USR_1783,7517522766b018f6,e9e8c4c7dfcf1066,2025-07-26 03:53:30.810810,NL,Social Media,18,4,3238.69,2026-02-17 06:28:00.816163,2024-04-03 07:35:42.428485,133,0
USR_1784,dea874597730929c,fbf9d963f2aa6173,2025-07-26 21:25:45.945945,DE,Social Media,53,8,5867.54,2026-05-08 21:26:45.201040,2024-03-11 23:02:23.308661,53,0
USR_1785,6a16225db8d5a93e,55661641a85470c1,2025-07-27 14:58:01.081081,TR,Referral,52,0,0.0,,,999,1
USR_1786,01f840351319b897,6eb171c35a1c7f45,2025-07-28 08:30:16.216216,CH,Social Media,19,4,5679.8,2026-01-29 06:11:01.092218,2025-03-11 04:14:38.575715,152,0
USR_1787,c8446ba2641f0fcd,b9f53d61dee4b772,2025-07-29 02:02:31.351351,NL,Social Media,57,4,1618.38,2026-06-19 18:57:32.370474,2025-09-18 16:52:31.350270,11,0
USR_1788,db74e4ea3b247423,b26604c0cdf86b73,2025-07-29 19:34:46.486486,NL,Organic,40,3,2569.12,2025-12-15 21:31:21.736347,2024-07-26 21:58:09.097819,197,1
USR_1789,9c0f425a2c02a9ad,3990ed03749b86e3,2025-07-30 13:07:01.621621,TR,Paid Search,26,8,5168.27,2026-01-12 12:49:24.112822,2024-02-02 01:20:56.651330,169,0
USR_1790,9983888b85af406a,a7b72f0378373d8e,2025-07-31 06:39:16.756756,DE,Organic,51,7,5263.67,2026-03-23 18:32:11.426285,2024-02-18 06:02:05.305061,99,0
USR_1791,582f4f039be3771b,f376fa785bf35c45,2025-08-01 00:11:31.891891,CH,Social Media,63,4,2958.07,2026-04-03 16:28:36.823364,2024-04-13 12:38:10.058011,88,0
USR_1792,d831026e29857fb2,116776b812d9a582,2025-08-01 17:43:47.027027,NL,Paid Search,31,2,1050.3,2025-04-07 15:19:11.510302,2024-10-24 20:51:53.902780,449,1
USR_1793,310433ac0d373bb9,38fc93817147a3b4,2025-08-02 11:16:02.162162,CH,Social Media,21,5,4527.34,2026-03-23 05:51:43.100620,2024-06-29 02:26:37.279455,99,0
USR_1794,6c32ec8ff1758834,ba0347124e3dda9d,2025-08-03 04:48:17.297297,DE,Organic,47,3,2140.08,2025-05-01 01:13:27.281456,2025-01-13 16:04:07.729545,425,1
USR_1795,a53da430ea0253df,142c046b873f6f97,2025-08-03 22:20:32.432432,UK,Organic,48,4,4913.72,2025-07-30 21:14:39.295859,2024-05-21 13:12:09.505901,335,1
USR_1796,09124c8d8e549da6,34f9ec5b7359e46e,2025-08-04 15:52:47.567567,TR,Social Media,55,3,1158.29,2026-04-05 23:23:59.567913,2025-03-09 22:40:12.482496,86,0
USR_1797,331d16d38521226a,05155b3aa06c9296,2025-08-05 09:25:02.702702,CH,Organic,28,4,2829.37,2026-06-27 17:04:37.255451,2025-02-01 20:34:36.895379,3,0
USR_1798,62cc2b10993ef4c0,5cc97a0f20d1a007,2025-08-06 02:57:17.837837,CH,Organic,52,4,1841.7,2025-09-28 17:41:29.537907,2024-03-09 07:40:01.680336,275,1
USR_1799,829fcc325d9408c0,3027bfa2398b3b1f,2025-08-06 20:29:32.972972,TR,Organic,25,6,3882.32,2025-12-23 15:24:57.179435,2024-05-04 11:23:33.642728,189,1
USR_1800,7f96839bcd054f9f,fb7ae618721349e0,2025-08-07 14:01:48.108108,CH,Email,20,2,1121.79,2026-03-20 01:48:53.146629,2024-03-25 03:54:11.450290,102,0
USR_1801,5da7c99d2442eb73,d154c9726975eb7f,2025-08-08 07:34:03.243243,DE,Social Media,31,4,5332.88,2025-11-23 08:44:33.174634,2024-04-24 10:34:35.455091,219,1
USR_1802,ce1e7a35b46d8aff,664b9790c7ffe46b,2025-08-09 01:06:18.378378,CH,Paid Search,30,4,2409.23,2026-03-27 11:15:29.705941,2024-04-19 08:03:21.640328,95,0
USR_1803,6cd21ca16c475f93,b557874488c6dda5,2025-08-09 18:38:33.513513,CH,Organic,62,8,5585.64,2026-06-06 01:25:15.903180,2024-03-14 14:24:44.936987,24,0
USR_1804,102f27ecabd8deab,8d76902c65fee1f2,2025-08-10 12:10:48.648648,NL,Paid Search,49,3,2315.53,2024-09-30 09:36:41.480296,2024-09-14 09:09:02.268453,638,1
USR_1805,e210a6d349056c16,700696ece5abb25e,2025-08-11 05:43:03.783783,CH,Referral,51,3,2319.74,2026-03-01 01:31:53.422684,2024-08-04 04:32:12.866573,121,0
USR_1806,8cac7594d06b66b0,6043761fe66eb909,2025-08-11 23:15:18.918918,TR,Social Media,62,3,1886.34,2025-07-15 22:07:56.735347,2024-07-22 12:20:53.050610,350,1
USR_1807,32d0f2724f75afc1,2f1ab2db27b5ba9d,2025-08-12 16:47:34.054054,TR,Organic,36,6,4483.64,2026-03-31 20:52:45.753150,2024-09-30 18:03:40.364072,91,0
USR_1808,a17eb0aa27f254bd,079dd650a5437949,2025-08-13 10:19:49.189189,NL,Organic,55,1,1244.37,2025-02-11 00:16:07.873574,2025-02-11 00:16:07.873574,504,1
USR_1809,472eb8caf55076be,0fc95d16157b2a5c,2025-08-14 03:52:04.324324,DE,Organic,33,3,2896.98,2025-05-20 09:57:25.889177,2024-09-26 04:12:54.874974,406,1
USR_1810,64aadccbeb2b349c,e4f8d7ff1199f1d3,2025-08-14 21:24:19.459459,TR,Social Media,19,4,3424.3,2026-05-15 05:32:25.109021,2025-02-09 18:41:41.780356,46,0
USR_1811,55b16fa72c979d30,7d21d948dc9c2be5,2025-08-15 14:56:34.594594,UK,Referral,57,0,0.0,,,999,1
USR_1812,823ab2e433ac907d,96f4342a4c3e650e,2025-08-16 08:28:49.729729,DE,Organic,34,3,2165.26,2025-08-29 06:47:36.091218,2025-08-07 06:41:15.855171,305,1
USR_1813,c9814bfcfae6279b,1c3fddbe5525ed59,2025-08-17 02:01:04.864864,TR,Organic,51,4,3110.06,2025-12-20 15:35:36.667333,2024-06-06 00:59:20.392078,192,1
USR_1814,3178347cf3fe4fb7,adc5c1147c42299e,2025-08-17 19:33:20.000000,UK,Organic,59,2,2714.09,2025-01-16 11:39:58.799759,2024-03-02 06:40:24.004800,530,1
USR_1815,728b262a6845e3a4,87c8e1ee3a639e7c,2025-08-18 13:05:35.135135,NL,Email,33,3,2127.16,2026-03-21 15:50:18.123624,2026-02-12 12:23:45.885177,101,0
USR_1816,88afc7462b54c8b6,47a5983f4e59c760,2025-08-19 06:37:50.270270,CH,Organic,55,6,3853.81,2026-05-19 23:36:40.040008,2024-05-02 08:41:40.340068,42,0
USR_1817,28a81f3ca7d72590,55cff973ad9ff16b,2025-08-20 00:10:05.405405,NL,Referral,19,0,0.0,,,999,1
USR_1818,1691da567f03d8eb,4d75ed6536cc433e,2025-08-20 17:42:20.540540,DE,Social Media,19,3,2803.73,2026-01-07 18:45:09.181836,2024-12-31 11:12:19.587917,174,0
USR_1819,c4c9a018497bd9a8,c758a90b713fe88c,2025-08-21 11:14:35.675675,NL,Paid Search,43,6,4684.42,2026-06-03 01:35:55.391078,2025-06-14 22:33:34.962992,27,0
USR_1820,eb472249af3c44ab,d4236914bd230770,2025-08-22 04:46:50.810810,UK,Organic,30,5,3727.86,2026-04-21 06:57:41.012202,2024-04-28 20:11:51.502300,70,0
USR_1821,be16a0ac6142ea1a,8c08bd05d690d995,2025-08-22 22:19:05.945945,DE,Organic,64,5,4241.29,2026-02-02 15:48:17.139427,2024-05-28 09:58:17.739547,148,0
USR_1822,2fc65c0e1dc221c2,095d8621d6f69dc4,2025-08-23 15:51:21.081081,NL,Social Media,48,1,528.4,2024-05-29 11:19:14.390878,2024-05-29 11:19:14.390878,762,1
USR_1823,7f1a18c87adb2aba,d861f208bf020730,2025-08-24 09:23:36.216216,NL,Referral,51,4,2632.64,2026-06-08 16:47:37.531506,2024-02-14 21:45:45.909181,22,0
USR_1824,a0cf5be73f581021,f41b85a32e040595,2025-08-25 02:55:51.351351,NL,Social Media,56,10,8254.7,2026-06-07 02:46:12.554510,2024-02-27 18:10:35.167033,23,0
USR_1825,e3c40f36ba49b14d,fe12edf694c42aaf,2025-08-25 20:28:06.486486,TR,Paid Search,20,1,1261.9,2025-11-28 02:48:48.105621,2025-11-28 02:48:48.105621,214,1
USR_1826,f7ef143191738ad1,b018d3840a0510e4,2025-08-26 14:00:21.621621,NL,Organic,25,3,2433.91,2025-10-17 13:44:59.819963,2024-10-31 04:57:33.810762,256,1
USR_1827,25ad76dbd9f7eedd,3a09a48f847229d8,2025-08-27 07:32:36.756756,NL,Email,40,4,2453.2,2025-12-07 02:16:49.641928,2024-08-12 23:46:44.960992,205,1
USR_1828,497f35acd3d45be0,885a18dab334b240,2025-08-28 01:04:51.891891,CH,Referral,31,2,1812.41,2025-12-29 06:36:39.319863,2024-06-08 16:21:42.020404,183,1
USR_1829,3946387169dc8311,e5c3e3b9678365fa,2025-08-28 18:37:07.027027,NL,Organic,44,8,4900.56,2026-02-02 20:01:46.581316,2024-02-27 09:43:36.283256,148,0
USR_1830,3a6f0900c6dddce0,c9605f512775f35d,2025-08-29 12:09:22.162162,DE,Email,46,6,6172.66,2026-01-30 07:31:57.743548,2024-04-13 21:05:08.941788,151,0
USR_1831,978d9cb3df511213,506fac7465735ad6,2025-08-30 05:41:37.297297,NL,Social Media,56,2,1491.69,2025-09-26 19:13:05.677135,2024-07-15 11:21:15.375075,277,1
USR_1832,4f4aac0a88c07358,e6c703105ba7f3de,2025-08-30 23:13:52.432432,DE,Social Media,56,6,4816.8,2026-04-03 08:01:37.939587,2024-03-13 21:30:47.169433,88,0
USR_1833,d0750eac9e6ec09f,7a940a75cbd5394a,2025-08-31 16:46:07.567567,DE,Social Media,18,6,3868.02,2025-11-16 07:44:55.499099,2024-04-23 21:54:07.129425,226,1
USR_1834,e135ee41da3cb56c,a18865c809edcc62,2025-09-01 10:18:22.702702,NL,Referral,34,5,2133.94,2025-11-28 11:15:46.989397,2024-02-06 06:44:43.256651,214,1
USR_1835,2610551712367f0f,a1efedc11aa0b726,2025-09-02 03:50:37.837837,NL,Social Media,58,7,3819.45,2026-05-12 09:56:34.038807,2024-02-21 14:18:24.700940,49,0
USR_1836,a53c7595aa33e4ee,c7b42975f8d2ab08,2025-09-02 21:22:52.972972,TR,Organic,47,6,5306.85,2026-06-26 07:16:41.720344,2024-10-31 21:51:31.578315,4,0
USR_1837,fdc1cae32e429583,78b9e490bbc4bb11,2025-09-03 14:55:08.108108,NL,Paid Search,30,3,2680.42,2025-12-23 06:57:58.295659,2024-08-09 11:16:56.123224,189,1
USR_1838,5c18d9453134a294,1bc618146b40ccd1,2025-09-04 08:27:23.243243,CH,Email,38,2,1364.57,2025-07-23 16:01:32.178435,2024-09-07 20:49:52.918583,342,1
USR_1839,564dcad361cfd4a6,1d6774182b9b943a,2025-09-05 01:59:38.378378,CH,Organic,36,5,4855.86,2026-02-27 03:03:29.561912,2024-04-02 02:01:16.335267,123,0
USR_1840,9196d8d0b8d84a3c,492c4f8704cef9fd,2025-09-05 19:31:53.513513,DE,Paid Search,36,2,1365.8,2026-03-08 15:11:59.423884,2025-03-17 20:47:17.367473,114,0
USR_1841,fe166e1c1e5770cc,c162b8b6d4be3e78,2025-09-06 13:04:08.648648,CH,Paid Search,42,1,1599.01,2026-03-16 04:52:05.425085,2026-03-16 04:52:05.425085,106,0
USR_1842,ab9ced698c3d33f7,e7014839763176ac,2025-09-07 06:36:23.783783,DE,Paid Search,39,3,1964.97,2025-10-23 13:23:40.844168,2024-07-17 01:22:40.352070,250,1
USR_1843,30893c12c799bf53,23a957cb99cddf88,2025-09-08 00:08:38.918918,TR,Social Media,48,6,3270.53,2025-12-02 16:39:33.594718,2024-07-28 16:13:03.516703,210,1
USR_1844,2a4884dff27b63a5,819382bf2063ab9e,2025-09-08 17:40:54.054054,DE,Email,34,5,6660.61,2026-04-25 08:07:58.175635,2024-10-18 04:19:15.111022,66,0
USR_1845,bce7e00feab17a2d,fa045cd61287349f,2025-09-09 11:13:09.189189,NL,Organic,40,7,5452.32,2026-06-05 00:04:19.251850,2024-04-07 08:45:59.591918,25,0
USR_1846,017a864e6e4e54bc,50008b42b16fd417,2025-09-10 04:45:24.324324,DE,Organic,49,1,917.24,2025-05-02 06:47:53.374674,2025-05-02 06:47:53.374674,424,1
USR_1847,9145d801e5aa1108,e3234d3ff06b8c54,2025-09-10 22:17:39.459459,TR,Organic,27,6,5390.18,2026-05-01 16:13:38.083616,2024-06-07 23:27:44.252850,60,0
USR_1848,ca6dd5f828c01320,e15726b6fb269c56,2025-09-11 15:49:54.594594,NL,Referral,27,10,8615.89,2026-06-17 16:15:39.067813,2024-03-21 23:51:21.496299,13,0
USR_1849,005f4783170c4ad2,6ee1abb4c772480b,2025-09-12 09:22:09.729729,CH,Social Media,53,5,4105.51,2026-03-05 15:22:38.911782,2024-05-22 10:19:36.715343,117,0
USR_1850,34874db6a179d976,836bf3d7e199dd85,2025-09-13 02:54:24.864864,DE,Organic,25,3,1352.42,2024-11-28 13:09:33.954790,2024-03-23 22:19:45.357071,579,1
USR_1851,9c1f57bb35fb77ba,cf395df783c1efed,2025-09-13 20:26:40.000000,CH,Referral,37,3,2523.67,2025-10-02 14:38:17.259451,2024-12-16 07:52:07.585517,271,1
USR_1852,9219834299d38702,ef7de2abb1d405e5,2025-09-14 13:58:55.135135,DE,Referral,49,8,5247.56,2026-04-16 04:26:27.197439,2024-05-22 23:00:05.041008,75,0
USR_1853,1c7c3f716534f779,b5eeb3044aa06090,2025-09-15 07:31:10.270270,UK,Referral,31,3,1660.8,2026-05-19 02:29:12.830566,2025-05-19 12:49:58.679735,42,0
USR_1854,c549c70ba8a3d3aa,90e52325bb37b25a,2025-09-16 01:03:25.405405,DE,Email,45,8,6553.2,2026-05-21 17:51:34.458891,2025-03-20 20:36:37.879575,40,0
USR_1855,8d3bc3237b528798,72f1ba5c0d17fd31,2025-09-16 18:35:40.540540,DE,Organic,63,4,5725.43,2026-05-09 14:20:42.968593,2024-06-05 08:05:22.624524,52,0
USR_1856,39c773f5a05780a5,569ee1718bb0a82b,2025-09-17 12:07:55.675675,DE,Referral,41,3,3492.68,2025-01-05 17:57:02.844568,2024-05-20 20:18:11.738347,541,1
USR_1857,896e7aaf12299082,656c2cbe45d3b46a,2025-09-18 05:40:10.810810,NL,Paid Search,32,8,6419.07,2026-01-26 10:35:10.022004,2024-07-27 06:25:07.981596,155,0
USR_1858,bd1fbb947fd3849e,0da07de78758290d,2025-09-18 23:12:25.945945,CH,Referral,39,3,2862.46,2026-05-09 10:07:13.526705,2024-08-20 00:46:22.636527,52,0
USR_1859,e2da35a0448e7dd2,3111cb7d9c58c8ee,2025-09-19 16:44:41.081081,DE,Social Media,47,3,2377.29,2026-02-04 22:43:39.883976,2024-05-09 05:27:48.573714,146,0
USR_1860,0223455eb8116ace,b13e9a0b188013da,2025-09-20 10:16:56.216216,UK,Referral,21,4,2309.78,2026-05-05 17:23:55.247049,2024-02-09 02:20:34.326865,56,0
USR_1861,71302ee97f99f955,e87ea3dd59ca5468,2025-09-21 03:49:11.351351,NL,Social Media,30,4,3752.25,2026-04-02 02:27:11.846369,2024-10-02 20:45:33.666733,89,0
USR_1862,e75da5900786a960,604407f2c4cc3444,2025-09-21 21:21:26.486486,NL,Organic,40,2,2766.76,2024-11-22 17:44:22.372474,2024-02-26 21:03:07.957591,585,1
USR_1863,4c8a1735b2843514,f7554cd9bb76dbfc,2025-09-22 14:53:41.621621,NL,Paid Search,25,5,2942.62,2026-05-08 12:59:46.317263,2024-03-23 01:12:18.147629,53,0
USR_1864,83416e832ccc76ee,c07cd598fe977b49,2025-09-23 08:25:56.756756,NL,Email,35,3,2072.8,2026-06-12 01:03:56.927385,2024-05-21 17:25:38.947789,18,0
USR_1865,698a744d4ee93b2c,ce4c8679efbfd7e9,2025-09-24 01:58:11.891891,CH,Email,29,5,6650.17,2026-06-15 09:20:16.323264,2024-05-25 22:49:25.553110,15,0
USR_1866,5e14d16054f21eab,e4f0610455ae8b22,2025-09-24 19:30:27.027027,DE,Organic,48,1,879.98,2025-05-27 06:43:34.122824,2025-05-27 06:43:34.122824,399,1
USR_1867,5cf99c6fdd117520,91916a38fea2eb1c,2025-09-25 13:02:42.162162,DE,Organic,31,6,4132.23,2026-05-25 10:34:52.738547,2024-04-30 14:26:45.921184,36,0
USR_1868,cb93cb800e7fa052,d0236e40ed52fff2,2025-09-26 06:34:57.297297,UK,Organic,51,3,2403.1,2024-07-21 19:26:55.283056,2024-03-05 02:16:15.075015,709,1
USR_1869,8075bc0d1ef5e14e,63e40d60b0a5bbb9,2025-09-27 00:07:12.432432,TR,Social Media,35,4,1397.47,2025-10-07 00:15:33.306661,2024-05-18 09:09:19.551910,266,1
USR_1870,bf117890b5844143,3c26b06b96ed180a,2025-09-27 17:39:27.567567,NL,Referral,51,5,6549.59,2026-03-03 21:07:44.492898,2024-11-11 11:20:58.091618,119,0
USR_1871,93c070e3b7578f67,38949d94fe66c8e2,2025-09-28 11:11:42.702702,DE,Organic,28,6,6639.22,2025-09-10 18:45:26.465293,2024-02-01 00:00:00.000000,293,1
USR_1872,0e86c70474baa6b1,0806b39541754959,2025-09-29 04:43:57.837837,CH,Paid Search,58,2,590.17,2025-12-23 19:38:26.621324,2025-09-12 21:27:19.767953,189,1
USR_1873,49725b1e51e43183,1ff72d11c1fd9ccd,2025-09-29 22:16:12.972972,NL,Referral,29,3,2339.29,2026-04-21 11:11:10.454090,2025-11-23 21:25:01.500300,70,0
USR_1874,c947fb18ab65e827,963ae48916b3409e,2025-09-30 15:48:28.108108,DE,Social Media,32,3,2711.16,2026-01-30 15:58:56.627325,2024-05-28 05:44:48.297659,151,0
USR_1875,d1640af8d664ff8c,157875c328e1ba64,2025-10-01 09:20:43.243243,DE,Paid Search,48,2,1846.52,2025-01-31 15:00:10.802160,2024-09-15 23:10:27.245449,515,1
USR_1876,23fbc0c85c656211,1ede4f2ed9b3152c,2025-10-02 02:52:58.378378,CH,Social Media,46,5,2863.74,2026-01-20 19:23:27.881576,2024-02-11 00:48:58.187637,161,0
USR_1877,bff7d5daa087d47c,0fee90f9cce258e5,2025-10-02 20:25:13.513513,CH,Paid Search,43,4,5214.55,2026-04-24 23:40:59.291858,2024-12-21 10:23:21.400280,67,0
USR_1878,d9fa1f2feaef0d20,faf5b3e1a4459ce4,2025-10-03 13:57:28.648648,DE,Organic,35,3,2615.28,2025-07-16 23:28:53.386677,2025-03-03 06:07:33.690738,349,1
USR_1879,de2de328bb15ac0d,61d7b358c076df69,2025-10-04 07:29:43.783783,DE,Social Media,49,3,3141.45,2025-01-25 23:48:28.661732,2024-03-20 22:30:24.844968,521,1
USR_1880,73a9372a06cd592a,1073bd1586621cc2,2025-10-05 01:01:58.918918,DE,Social Media,39,5,4678.48,2026-05-31 14:27:03.204640,2024-05-01 15:47:42.572514,30,0
USR_1881,23e6ba5d967c2d7a,ff4f5b72361fdf63,2025-10-05 18:34:14.054054,CH,Referral,55,4,2087.65,2026-03-27 19:42:28.589717,2025-02-02 13:28:34.662932,95,0
USR_1882,703e71470842c1c9,d659c1fb96a5b2c7,2025-10-06 12:06:29.189189,DE,Social Media,34,4,1549.64,2026-03-03 08:27:16.167233,2024-02-15 23:06:42.560512,119,0
USR_1883,5e905ffedf292033,5beb18a69d4928b0,2025-10-07 05:38:44.324324,DE,Referral,40,7,5319.8,2025-11-03 11:20:06.241248,2024-03-24 06:46:44.240848,239,1
USR_1884,5654eaa284e15ad2,64edac6cfe87d2bf,2025-10-07 23:10:59.459459,UK,Organic,41,5,3126.02,2026-02-01 01:46:52.162432,2024-09-24 01:31:01.572314,149,0
USR_1885,5b9cc7c380370868,deb0cabd78272a22,2025-10-08 16:43:14.594594,DE,Paid Search,25,3,2080.84,2025-10-02 10:24:47.817563,2025-03-16 10:59:21.832366,271,1
USR_1886,d1106e6adc515820,c0899c804e577df2,2025-10-09 10:15:29.729729,CH,Organic,58,6,6391.22,2025-08-12 00:45:30.786157,2024-08-09 07:03:26.681336,322,1
USR_1887,5714662556e7d2da,ffb40742bcfe8aa1,2025-10-10 03:47:44.864864,DE,Organic,23,4,2935.71,2026-01-24 03:39:47.277455,2024-04-07 21:26:27.917583,157,0
USR_1888,6dd6b1b5b11e537f,76383bf30c178f40,2025-10-10 21:20:00.000000,DE,Social Media,22,9,5567.71,2026-02-26 14:23:01.236247,2024-02-02 14:01:24.976995,124,0
USR_1889,0a0198c622bec632,ff5ee397338ae73f,2025-10-11 14:52:15.135135,DE,Email,61,5,4908.79,2026-05-29 11:45:09.901980,2024-02-21 18:31:54.142828,32,0
USR_1890,50f8caa2a12de12f,f25c48ffa11be3f6,2025-10-12 08:24:30.270270,CH,Organic,46,9,10380.88,2026-04-06 16:17:57.335467,2024-03-16 08:39:39.355871,85,0
USR_1891,28dab9cffc499a70,aaee91529cc9a298,2025-10-13 01:56:45.405405,UK,Paid Search,45,1,134.79,2025-03-04 03:15:00.900180,2025-03-04 03:15:00.900180,483,1
USR_1892,728c4c95d798f595,ec1402c2534b9324,2025-10-13 19:29:00.540540,UK,Referral,28,6,4044.64,2026-03-29 01:16:54.682936,2024-08-11 22:25:48.309661,93,0
USR_1893,cae9d864d348c6b7,e916584d8a6110cd,2025-10-14 13:01:15.675675,NL,Organic,18,5,4038.67,2026-03-24 15:39:38.635727,2025-02-24 05:07:56.015203,98,0
USR_1894,a1779bf9dcccac3d,3c88a4a0dc36a441,2025-10-15 06:33:30.810810,CH,Social Media,60,4,6002.76,2026-03-08 06:45:00.540108,2024-03-15 03:05:13.262652,114,0
USR_1895,b24602cda7113380,8f9f6904e6c67f2f,2025-10-16 00:05:45.945945,DE,Social Media,36,0,0.0,,,999,1
USR_1896,51de732c231d96d1,3bb52b6e4a42e879,2025-10-16 17:38:01.081081,DE,Social Media,26,7,6731.74,2026-06-07 06:59:41.996399,2024-02-22 11:25:51.910382,23,0
USR_1897,07451b1d401e5635,27dadf2472e0cf8b,2025-10-17 11:10:16.216216,UK,Organic,44,5,5193.24,2026-05-12 22:37:02.364472,2024-07-18 11:10:35.887177,49,0
USR_1898,b970554f36ce5cb5,74ce49bc3df87586,2025-10-18 04:42:31.351351,DE,Paid Search,51,5,2438.56,2026-02-15 20:40:05.281056,2024-07-07 21:41:09.373874,135,0
USR_1899,96632f5c34540ed1,050142cb71e97cf4,2025-10-18 22:14:46.486486,DE,Referral,61,6,4698.55,2026-04-16 17:06:55.523104,2024-03-26 01:01:38.659731,75,0
USR_1900,4c3d216a3b429c09,a45a76687a9c9d60,2025-10-19 15:47:01.621621,DE,Social Media,21,4,3332.6,2024-12-23 00:24:46.377275,2024-02-12 14:50:23.164632,554,1
USR_1901,56f541d9cd3007cf,5bc30f3b489d3862,2025-10-20 09:19:16.756756,DE,Organic,53,6,4413.61,2025-12-25 13:53:21.040208,2024-03-26 22:09:05.869173,187,1
USR_1902,6951b9cfb83fe1cd,03c6ae84b2bb64bf,2025-10-21 02:51:31.891891,DE,Referral,35,5,4212.46,2026-06-18 17:36:35.719143,2025-01-19 07:15:49.869973,12,0
USR_1903,b94ac1f22ad14dbd,c1675848a73a83cf,2025-10-21 20:23:47.027027,CH,Organic,32,2,2625.62,2025-07-19 19:04:44.456891,2024-11-20 06:35:30.186037,346,1
USR_1904,90a3dc27a458d7e6,17a85077fe42d888,2025-10-22 13:56:02.162162,NL,Social Media,30,3,3591.26,2026-03-14 10:37:11.006201,2024-07-19 04:04:33.654730,108,0
USR_1905,b97ebea4047e618e,d9d4b52cfdeed586,2025-10-23 07:28:17.297297,UK,Organic,36,3,2646.25,2026-03-29 18:10:52.450490,2024-09-29 04:02:15.387077,93,0
USR_1906,d259c9533356cd11,bcbe9afe6d0106ad,2025-10-24 01:00:32.432432,UK,Email,23,3,1007.99,2025-03-29 15:51:09.973994,2024-09-03 15:26:06.313262,458,1
USR_1907,26d66f73e48a2916,e21da487a0a3c29a,2025-10-24 18:32:47.567567,NL,Paid Search,29,2,2043.26,2026-04-21 23:51:38.779755,2025-03-31 01:39:05.509101,70,0
USR_1908,35f9ec4084da01c4,7c3991e4f751e2bf,2025-10-25 12:05:02.702702,DE,Paid Search,54,6,4295.63,2025-09-23 15:10:15.723144,2024-03-04 00:55:18.423684,280,1
USR_1909,b8235ee34c9f3bf7,e0f288df052119b2,2025-10-26 05:37:17.837837,NL,Organic,34,2,2078.05,2025-07-12 01:11:09.013802,2025-04-20 07:30:31.326265,353,1
USR_1910,afc5cdc659972eeb,8db5d1a4ceec68d4,2025-10-26 23:09:32.972972,CH,Paid Search,40,3,2998.34,2025-03-10 07:07:11.366273,2024-06-21 08:33:01.836367,477,1
USR_1911,97be6e39fbbcedb8,6e3e4d2e67fc9023,2025-10-27 16:41:48.108108,DE,Referral,43,7,7953.23,2026-02-05 07:10:38.767753,2024-10-20 15:28:07.297459,145,0
USR_1912,830d1fc1f1ba9767,e739c25db0b2510c,2025-10-28 10:14:03.243243,CH,Email,46,5,5113.47,2026-03-02 11:19:48.957791,2024-10-15 00:16:25.157031,120,0
USR_1913,fcdad0062ea445ec,d015809675a2088f,2025-10-29 03:46:18.378378,NL,Paid Search,50,4,2652.63,2026-05-01 12:00:08.641728,2024-03-23 13:52:46.473294,60,0
USR_1914,48580a8ff2e90f2e,8ad97e1dd23a493f,2025-10-29 21:18:33.513513,CH,Paid Search,44,9,6563.9,2026-04-01 13:46:43.520704,2024-05-08 21:00:49.689937,90,0
USR_1915,8867e5b0a2d651c6,b872df9094d59a1d,2025-10-30 14:50:48.648648,NL,Social Media,42,2,1583.49,2025-01-21 14:11:12.614522,2024-12-11 22:14:51.538307,525,1
USR_1916,d4183e133b4ffd02,ddad6ec49c2c5cf6,2025-10-31 08:23:03.783783,DE,Referral,27,9,6584.68,2026-05-23 07:52:59.435887,2024-04-29 21:32:48.153630,38,0
USR_1917,ef955c106bd63c27,a0adbae59527a4d0,2025-11-01 01:55:18.918918,TR,Social Media,64,2,1831.26,2025-03-13 19:37:00.204040,2024-09-07 03:55:55.151030,474,1
USR_1918,835e016799cfd9a2,cde6a1b7126b13a3,2025-11-01 19:27:34.054054,UK,Paid Search,40,7,5658.87,2026-05-11 08:35:37.387477,2024-06-14 07:33:24.160832,50,0
USR_1919,b9dc4db42c185303,352f86a2b57e40c1,2025-11-02 12:59:49.189189,DE,Paid Search,38,6,5295.42,2026-06-30 00:00:00.000000,2024-12-11 01:07:24.328865,1,0
USR_1920,cf41c406dc7ff3d5,59bc08be9cfc5dcf,2025-11-03 06:32:04.324324,UK,Social Media,38,5,4239.2,2026-06-24 04:34:48.417683,2025-05-29 13:38:56.867373,6,0
USR_1921,95171c4fbc85ee28,a0e7668eee37398d,2025-11-04 00:04:19.459459,NL,Organic,60,3,2677.52,2026-02-08 23:53:57.047409,2024-05-08 16:47:20.248049,142,0
USR_1922,95627fa1d118711d,e5351c4c37d613eb,2025-11-04 17:36:34.594594,UK,Social Media,30,5,4045.18,2025-04-16 10:33:43.604720,2024-05-08 12:33:50.806161,440,1
USR_1923,1d5c1e521f3c14a4,70a2180a3ddab2e0,2025-11-05 11:08:49.729729,UK,Paid Search,54,7,7011.57,2026-06-29 19:46:30.558111,2024-02-20 21:24:26.933386,1,0
USR_1924,66e00d53e3b5b28a,f1c76258bcdaccb7,2025-11-06 04:41:04.864864,NL,Referral,50,9,8574.13,2026-01-20 06:42:59.555911,2024-05-31 05:34:08.809761,161,0
USR_1925,539ec4232dbb589d,12dd79be94a23c35,2025-11-06 22:13:20.000000,DE,Organic,41,5,3230.2,2026-05-18 05:21:45.621124,2024-08-22 16:08:44.264852,43,0
USR_1926,d582b936d2130ce8,bdc8bb37c60de76c,2025-11-07 15:45:35.135135,DE,Social Media,61,2,1189.75,2026-05-14 08:24:57.899579,2025-11-06 06:55:57.311462,47,0
USR_1927,6bf93450ce42ed67,6fdd6f326f579f9a,2025-11-08 09:17:50.270270,NL,Paid Search,28,3,1593.82,2025-11-02 22:39:37.915583,2024-08-25 03:17:36.451290,240,1
USR_1928,eb79eb9a06fd54e5,40ab0738e36c2a8e,2025-11-09 02:50:05.405405,CH,Social Media,34,6,6992.68,2026-03-26 18:21:31.938387,2024-09-11 00:52:42.872574,96,0
USR_1929,613022f737b27608,070e00fe2e5f2fb4,2025-11-09 20:22:20.540540,DE,Organic,21,4,3791.65,2025-09-10 06:04:58.139627,2024-06-25 18:10:17.883576,293,1
USR_1930,3873c0f02465a50a,744c75ed49d8e916,2025-11-10 13:54:35.675675,DE,Social Media,64,3,2195.11,2026-05-09 18:34:12.410482,2024-09-21 18:35:38.827765,52,0
USR_1931,95b0339fc2569768,b1acea8924ed35cf,2025-11-11 07:26:50.810810,UK,Social Media,42,2,753.34,2025-03-17 16:33:47.925585,2024-11-05 11:42:17.067413,470,1
USR_1932,f00488e7ea98c465,2e90f915bc67723f,2025-11-12 00:59:05.945945,TR,Social Media,47,3,3569.16,2025-12-15 00:23:54.526905,2024-11-25 09:06:44.000800,197,1
USR_1933,9a62459bc910f370,0bef66ed0614fbe2,2025-11-12 18:31:21.081081,NL,Social Media,26,4,3305.08,2025-12-04 10:54:28.013602,2024-02-29 20:52:28.469693,208,1
USR_1934,036312ad9f7f1803,cb737658c70a4752,2025-11-13 12:03:36.216216,DE,Social Media,38,5,5465.02,2026-05-10 11:28:10.178035,2024-11-09 00:12:05.905181,51,0
USR_1935,157f99572aa189c7,97abaa726cd06631,2025-11-14 05:35:51.351351,DE,Referral,37,4,971.34,2026-04-19 04:15:47.709541,2024-09-16 03:23:56.687337,72,0
USR_1936,ca0a88f507681569,9b8b04548d7db123,2025-11-14 23:08:06.486486,DE,Organic,36,4,3221.51,2025-08-31 05:15:59.951990,2024-02-13 20:24:49.257851,303,1
USR_1937,c74010792ea07b15,067a723b36cb9c21,2025-11-15 16:40:21.621621,TR,Referral,36,7,3448.76,2026-06-26 15:43:40.604120,2024-03-09 11:53:31.122224,4,0
USR_1938,3f8b00f1bec99495,f3b4835dd4023a21,2025-11-16 10:12:36.756756,DE,Paid Search,29,5,4191.33,2025-11-11 09:27:11.126225,2024-04-20 22:04:46.617323,231,1
USR_1939,e14bc12ab423fd35,70e6f75df20ae8ff,2025-11-17 03:44:51.891891,CH,Organic,54,6,4844.66,2025-12-19 14:14:40.016003,2024-09-05 13:54:30.174034,193,1
USR_1940,98141ab6c3932b7e,0275f6efecdb38ee,2025-11-17 21:17:07.027027,DE,Organic,59,1,486.34,2025-04-23 20:00:20.164032,2025-04-23 20:00:20.164032,433,1
USR_1941,1e8020b5d08fdf90,64a2390ac411fe26,2025-11-18 14:49:22.162162,CH,Paid Search,34,5,1737.58,2025-06-23 13:34:37.615523,2024-09-18 18:46:18.315663,372,1
USR_1942,4301ff74c7b9c1d6,860f5832a0333984,2025-11-19 08:21:37.297297,CH,Referral,54,3,1221.98,2026-06-20 11:51:30.138027,2025-05-28 08:04:30.774154,10,0
USR_1943,92f58f29b0168772,b7bbdc592f4e0cc8,2025-11-20 01:53:52.432432,UK,Social Media,56,5,3771.97,2025-06-23 22:01:36.499299,2024-02-01 16:53:57.767553,372,1
USR_1944,de3676eec99c0c06,f6f41a965e013f35,2025-11-20 19:26:07.567567,DE,Referral,45,7,6103.0,2026-06-05 21:11:46.461292,2024-03-27 10:49:34.194838,25,0
USR_1945,dee0d7e091a7446e,913f02a7b8c86978,2025-11-21 12:58:22.702702,DE,Paid Search,58,4,3059.58,2025-06-19 12:24:20.452090,2024-05-10 06:48:45.225045,376,1
USR_1946,a6dd6343ea2daf4b,4284d3522379126a,2025-11-22 06:30:37.837837,DE,Paid Search,52,4,2035.64,2025-06-09 20:02:21.148229,2024-02-15 01:59:15.351070,386,1
USR_1947,f84cd1d7c07766ae,7d4c77d2b1c1202b,2025-11-23 00:02:52.972972,TR,Organic,64,3,2558.94,2026-01-26 14:48:39.463892,2024-12-21 14:36:50.842168,155,0
USR_1948,65aa945fdfd2f3df,6fde47c70155d131,2025-11-23 17:35:08.108108,UK,Paid Search,35,4,2795.97,2026-05-22 02:18:33.342668,2025-05-19 04:22:59.795959,39,0
USR_1949,ab21d613ec95a8f2,f562b062467ec7f4,2025-11-24 11:07:23.243243,CH,Paid Search,31,6,6015.81,2026-04-23 13:53:03.756751,2024-04-22 16:19:41.036207,68,0
USR_1950,641ddc39b0f97af4,cbad201e7c597fa1,2025-11-25 04:39:38.378378,CH,Organic,52,5,3853.39,2026-06-15 22:00:44.648929,2024-07-16 00:01:43.700740,15,0
USR_1951,9e1825f91ae89ccb,dfc1259cf82191bd,2025-11-25 22:11:53.513513,CH,Organic,61,5,3712.52,2026-03-20 14:29:21.472294,2024-04-02 14:41:44.660932,102,0
USR_1952,a8df68459c60929e,72f27661162ea741,2025-11-26 15:44:08.648648,DE,Social Media,58,3,1736.57,2025-06-02 02:08:45.705141,2024-02-25 07:01:42.980596,393,1
USR_1953,008c547149cd39a4,f9c7a835b49513a2,2025-11-27 09:16:23.783783,TR,Social Media,24,6,5973.86,2026-06-07 15:26:40.880176,2024-12-13 12:16:16.515303,23,0
USR_1954,d1f42579ee5f95d4,e709be7398274dcc,2025-11-28 02:48:38.918918,NL,Email,58,3,2684.96,2025-07-07 11:20:23.524704,2024-07-30 23:08:26.261252,358,1
USR_1955,dc3fa3e08ca0ccbd,e1c4fc4b2decb282,2025-11-28 20:20:54.054054,NL,Email,30,4,2848.83,2026-01-06 13:10:43.088617,2025-08-13 23:13:54.646929,175,0
USR_1956,776e651e6e398082,ba4e566cafcbcec2,2025-11-29 13:53:09.189189,NL,Social Media,35,3,3380.43,2026-04-17 10:00:53.290658,2024-08-18 14:58:27.101420,74,0
USR_1957,1e4539857966496d,18b32c52d83f63a3,2025-11-30 07:25:24.324324,DE,Paid Search,54,3,2416.57,2026-03-03 00:00:17.283456,2024-03-29 13:31:27.497499,119,0
USR_1958,49b00120cccff144,b4600e31c23cf93c,2025-12-01 00:57:39.459459,DE,Social Media,30,1,692.37,2024-02-23 12:46:48.561712,2024-02-23 12:46:48.561712,858,1
USR_1959,b86ed38ab52e3af8,08764a5e29065617,2025-12-01 18:29:54.594594,CH,Referral,53,6,6178.19,2026-05-17 20:54:46.737347,2024-07-13 17:06:20.956191,44,0
USR_1960,669b61a91122214a,231d0978a463e217,2025-12-02 12:02:09.729729,DE,Organic,48,2,835.88,2025-11-19 07:34:16.011202,2024-02-10 03:41:30.978195,223,1
USR_1961,c48c711e5da04986,12bb9ea41dcf6236,2025-12-03 05:34:24.864864,CH,Paid Search,19,5,3233.45,2025-08-31 09:29:29.393878,2024-07-07 04:47:11.606321,303,1
USR_1962,f8a11ee65e359869,1383b80a0469273f,2025-12-03 23:06:40.000000,DE,Referral,33,9,6208.93,2026-05-03 06:15:03.060612,2024-03-22 04:04:50.938187,58,0
USR_1963,2138f37e84e74f9a,ad416311fcd86ee9,2025-12-04 16:38:55.135135,NL,Paid Search,26,3,1962.92,2024-12-24 10:12:41.912382,2024-03-02 10:53:53.446689,553,1
USR_1964,3b3c55bd372a4a1b,5e3c481d83951033,2025-12-05 10:11:10.270270,DE,Social Media,26,5,3026.12,2025-07-29 11:26:43.760752,2024-03-03 20:41:48.981796,336,1
USR_1965,0101f25cc95d79c2,d5437a0bdace882e,2025-12-06 03:43:25.405405,NL,Social Media,55,2,645.87,2026-02-25 13:02:04.584916,2025-01-25 02:41:01.452290,125,0
USR_1966,520a76d334e42d7c,bc2c657385a1b755,2025-12-06 21:15:40.540540,CH,Organic,28,5,3583.49,2026-06-22 18:46:52.882576,2025-07-16 10:48:25.061012,8,0
USR_1967,6779562bc86ffefd,3c0489ce29fff41d,2025-12-07 14:47:55.675675,DE,Paid Search,39,2,747.45,2024-09-15 18:56:57.803560,2024-03-08 14:46:03.912782,653,1
USR_1968,157f2aed2319c11d,90930da497e1b7f9,2025-12-08 08:20:10.810810,CH,Paid Search,50,2,2243.72,2026-06-25 10:09:14.510902,2026-05-12 05:43:04.596919,5,0
USR_1969,b34d29a75b5d9cd7,f863d0df3a1e70b2,2025-12-09 01:52:25.945945,NL,Organic,53,4,3044.28,2025-08-07 02:27:46.413282,2024-05-18 04:55:50.110022,327,1
USR_1970,c0e881b556512b28,b8bece61f8713f75,2025-12-09 19:24:41.081081,CH,Organic,62,5,5106.71,2026-04-07 17:38:53.986797,2024-08-22 11:55:14.822964,84,0
USR_1971,1c5188a1f862fc67,b8eeb18b22846825,2025-12-10 12:56:56.216216,TR,Referral,40,5,4170.42,2026-05-02 13:21:05.293058,2024-09-08 17:57:20.128025,59,0
USR_1972,8f63b376bef36d25,838e3532907f5213,2025-12-11 06:29:11.351351,CH,Organic,62,10,6456.57,2026-06-16 23:21:41.300260,2024-09-14 00:42:03.384676,14,0
USR_1973,e76949f7196af80d,e753f8b571397737,2025-12-12 00:01:26.486486,DE,Paid Search,62,4,3614.58,2025-11-08 09:37:50.614122,2024-05-29 19:46:13.274654,234,1
USR_1974,cddd6544a70ec902,a0e3a3aaa3de97cc,2025-12-12 17:33:41.621621,DE,Organic,51,5,1858.36,2026-05-23 12:06:28.877775,2024-08-08 09:55:59.471894,38,0
USR_1975,a2c7e846a27570d0,36edb4a7b143b409,2025-12-13 11:05:56.756756,DE,Email,26,3,2098.47,2025-08-04 11:05:24.784956,2024-06-11 07:44:03.648729,330,1
USR_1976,9b08956e57c71c5e,072972a5e07fb7ff,2025-12-14 04:38:11.891891,CH,Organic,41,3,2755.62,2025-11-26 12:47:23.128625,2024-03-10 21:41:26.657331,216,1
USR_1977,02b7a8d6ab0b8548,cc5053344c2717bf,2025-12-14 22:10:27.027027,DE,Paid Search,25,1,650.63,2025-02-25 06:28:52.666533,2025-02-25 06:28:52.666533,490,1
USR_1978,2eada6d47cb92316,2f009138d64655ca,2025-12-15 15:42:42.162162,NL,Referral,24,4,2617.15,2025-10-03 03:18:45.585117,2024-10-23 02:36:59.483896,270,1
USR_1979,39f74ce67921db23,56b3145b1df5fabd,2025-12-16 09:14:57.297297,CH,Referral,53,3,2704.44,2026-06-14 16:26:18.555711,2024-02-09 06:34:03.768753,16,0
USR_1980,67a849a9986a2742,176b0a212e02d904,2025-12-17 02:47:12.432432,NL,Organic,35,5,7248.38,2026-03-12 12:08:47.145429,2024-10-17 19:52:16.227245,110,0
USR_1981,94665c4bdf29f284,2236d873ab5efe3c,2025-12-17 20:19:27.567567,UK,Referral,20,2,1894.89,2025-12-06 09:22:51.874374,2025-01-15 06:05:32.706541,206,1
USR_1982,122c98cb40beda89,a1162a627a4cf9b3,2025-12-18 13:51:42.702702,DE,Paid Search,45,4,4573.99,2026-06-16 06:27:43.532706,2024-12-15 19:11:39.259851,14,0
USR_1983,26a37d9b170e3edc,faf33869a50552bf,2025-12-19 07:23:57.837837,DE,Paid Search,23,5,3536.68,2026-03-19 21:35:23.704740,2024-08-09 15:30:25.565113,103,0
USR_1984,065bf9389d080845,f27bb902d1339050,2025-12-20 00:56:12.972972,CH,Organic,61,6,3024.08,2025-12-11 11:54:05.689137,2024-04-28 11:44:52.618523,201,1
USR_1985,568eda7982dab3f4,263b7cf5a72f2208,2025-12-20 18:28:28.108108,NL,Organic,61,5,2859.23,2026-04-10 00:34:16.731346,2025-01-16 20:06:57.683536,81,0
USR_1986,031a8811dac50222,ce702fdc4ca88f5e,2025-12-21 12:00:43.243243,CH,Social Media,38,4,2798.34,2026-05-30 04:39:07.669533,2024-04-22 07:52:42.152430,31,0
USR_1987,4fd7584814066639,4db05f5b18644d77,2025-12-22 05:32:58.378378,NL,Paid Search,45,8,5139.4,2026-01-25 17:41:12.254450,2024-03-02 15:07:22.888577,156,0
USR_1988,293a913b6397fafb,cfe0d9726b549031,2025-12-22 23:05:13.513513,DE,Paid Search,57,3,1094.87,2025-12-07 19:10:47.409481,2024-02-24 05:40:46.329265,205,1
USR_1989,44b48479dc71e0b1,805619d7e1f04333,2025-12-23 16:37:28.648648,UK,Social Media,18,4,1185.77,2026-04-20 01:23:14.918983,2024-04-10 00:08:21.220244,71,0
USR_1990,297e4561c8ac8e61,736909f020296183,2025-12-24 10:09:43.783783,UK,Referral,53,1,573.35,2026-05-13 23:57:59.015803,2026-05-13 23:57:59.015803,48,0
USR_1991,c6ec5dd59af307a0,bab47db954a8d028,2025-12-25 03:41:58.918918,CH,Organic,38,5,3265.47,2026-05-28 10:24:13.250650,2024-08-24 18:50:37.567513,33,0
USR_1992,2bda0997cd74fb41,4d66f36679f1793b,2025-12-25 21:14:14.054054,DE,Social Media,60,5,3480.02,2026-01-28 21:44:02.208441,2024-03-27 06:36:04.752950,153,0
USR_1993,d109f006bf1dbe00,4902fd09f0372043,2025-12-26 14:46:29.189189,CH,Organic,52,2,2424.86,2025-08-03 13:57:57.575515,2024-02-24 01:27:16.887377,331,1
USR_1994,c8f7128e1ac440f0,47c9a16edfc9bebf,2025-12-27 08:18:44.324324,NL,Referral,30,1,770.24,2024-02-22 02:58:53.026605,2024-02-22 02:58:53.026605,859,1
USR_1995,ba02e1158b374d8c,e2f227a01ac85849,2025-12-28 01:50:59.459459,DE,Social Media,27,2,2009.74,2026-02-12 16:37:15.327065,2025-09-06 00:41:11.534306,138,0
USR_1996,de64deb840667461,cea134a5d007455c,2025-12-28 19:23:14.594594,TR,Email,61,5,4448.97,2026-04-11 23:02:40.592118,2024-04-01 21:47:46.893378,80,0
USR_1997,114d499445437915,b16705e82786ef48,2025-12-29 12:55:29.729729,DE,Organic,64,2,1229.29,2026-06-24 00:21:18.975795,2024-11-29 18:44:00.048009,6,0
USR_1998,08aab22e9d7a2b5b,d9a25b7156f08b41,2025-12-30 06:27:44.864864,TR,Organic,27,4,4410.25,2025-11-13 16:22:33.870774,2024-08-08 01:29:00.588117,229,1
USR_1999,3b4f729ad7561181,b583332e27369c1e,2025-12-31 00:00:00.000000,NL,Organic,63,4,2794.51,2026-05-01 20:27:07.525505,2024-03-28 20:37:29.729945,60,0
