item_id,order_id,product_id,quantity,unit_price,discount
ITM_1,ORD_10000,PRD_131,1,479.39,0.1
ITM_2,ORD_10000,PRD_108,2,488.25,0.2
ITM_3,ORD_10000,PRD_137,1,202.01,0.1
ITM_4,ORD_10001,PRD_111,1,177.48,0.0
ITM_5,ORD_10002,PRD_110,1,68.9,0.0
ITM_6,ORD_10003,PRD_125,2,82.01,0.0
ITM_7,ORD_10003,PRD_121,2,276.8,0.05
ITM_8,ORD_10003,PRD_130,2,319.15,0.0
ITM_9,ORD_10004,PRD_143,1,480.47,0.0
ITM_10,ORD_10005,PRD_149,1,194.72,0.05
ITM_11,ORD_10005,PRD_102,1,70.94,0.0
ITM_12,ORD_10005,PRD_134,1,91.22,0.1
ITM_13,ORD_10006,PRD_127,2,406.83,0.05
ITM_14,ORD_10006,PRD_126,1,200.2,0.0
ITM_15,ORD_10006,PRD_144,2,483.86,0.0
ITM_16,ORD_10007,PRD_117,2,357.97,0.0
ITM_17,ORD_10008,PRD_150,2,32.57,0.0
ITM_18,ORD_10009,PRD_117,2,357.97,0.05
ITM_19,ORD_10010,PRD_109,1,47.43,0.0
ITM_20,ORD_10011,PRD_130,1,319.15,0.0
ITM_21,ORD_10012,PRD_130,2,319.15,0.0
ITM_22,ORD_10012,PRD_113,1,334.87,0.05
ITM_23,ORD_10013,PRD_148,2,15.93,0.05
ITM_24,ORD_10013,PRD_109,2,47.43,0.0
ITM_25,ORD_10014,PRD_102,2,70.94,0.0
ITM_26,ORD_10014,PRD_138,1,106.49,0.0
ITM_27,ORD_10015,PRD_148,2,15.93,0.1
ITM_28,ORD_10016,PRD_123,2,105.96,0.05
ITM_29,ORD_10017,PRD_135,1,449.86,0.2
ITM_30,ORD_10017,PRD_129,2,348.15,0.0
ITM_31,ORD_10017,PRD_142,1,368.74,0.0
ITM_32,ORD_10018,PRD_140,1,234.89,0.0
ITM_33,ORD_10018,PRD_128,2,274.02,0.0
ITM_34,ORD_10018,PRD_134,2,91.22,0.0
ITM_35,ORD_10019,PRD_148,1,15.93,0.0
ITM_36,ORD_10019,PRD_103,1,370.74,0.0
ITM_37,ORD_10019,PRD_107,1,140.95,0.0
ITM_38,ORD_10020,PRD_105,2,440.05,0.0
ITM_39,ORD_10020,PRD_109,1,47.43,0.0
ITM_40,ORD_10021,PRD_128,1,274.02,0.05
ITM_41,ORD_10021,PRD_122,2,390.69,0.2
ITM_42,ORD_10022,PRD_111,2,177.48,0.1
ITM_43,ORD_10022,PRD_108,2,488.25,0.0
ITM_44,ORD_10022,PRD_142,2,368.74,0.0
ITM_45,ORD_10023,PRD_147,2,286.89,0.2
ITM_46,ORD_10023,PRD_119,2,38.34,0.05
ITM_47,ORD_10023,PRD_121,1,276.8,0.0
ITM_48,ORD_10024,PRD_136,2,490.78,0.1
ITM_49,ORD_10024,PRD_142,2,368.74,0.05
ITM_50,ORD_10024,PRD_125,2,82.01,0.1
ITM_51,ORD_10025,PRD_128,1,274.02,0.0
ITM_52,ORD_10026,PRD_141,1,490.78,0.0
ITM_53,ORD_10027,PRD_142,1,368.74,0.2
ITM_54,ORD_10027,PRD_131,1,479.39,0.0
ITM_55,ORD_10027,PRD_129,2,348.15,0.0
ITM_56,ORD_10028,PRD_150,1,32.57,0.0
ITM_57,ORD_10028,PRD_111,1,177.48,0.1
ITM_58,ORD_10028,PRD_107,1,140.95,0.1
ITM_59,ORD_10029,PRD_114,1,425.06,0.0
ITM_60,ORD_10029,PRD_111,1,177.48,0.0
ITM_61,ORD_10030,PRD_150,1,32.57,0.0
ITM_62,ORD_10030,PRD_140,1,234.89,0.0
ITM_63,ORD_10030,PRD_102,2,70.94,0.0
ITM_64,ORD_10031,PRD_145,2,243.68,0.0
ITM_65,ORD_10031,PRD_115,1,416.58,0.0
ITM_66,ORD_10032,PRD_135,1,449.86,0.2
ITM_67,ORD_10032,PRD_129,1,348.15,0.05
ITM_68,ORD_10033,PRD_109,2,47.43,0.0
ITM_69,ORD_10034,PRD_102,2,70.94,0.0
ITM_70,ORD_10035,PRD_141,2,490.78,0.0
ITM_71,ORD_10035,PRD_150,2,32.57,0.1
ITM_72,ORD_10036,PRD_120,2,127.19,0.1
ITM_73,ORD_10036,PRD_111,1,177.48,0.0
ITM_74,ORD_10036,PRD_135,2,449.86,0.1
ITM_75,ORD_10037,PRD_117,2,357.97,0.0
ITM_76,ORD_10037,PRD_146,2,234.53,0.0
ITM_77,ORD_10038,PRD_116,2,205.02,0.05
ITM_78,ORD_10038,PRD_140,1,234.89,0.0
ITM_79,ORD_10038,PRD_148,2,15.93,0.0
ITM_80,ORD_10039,PRD_121,2,276.8,0.0
ITM_81,ORD_10040,PRD_103,1,370.74,0.05
ITM_82,ORD_10040,PRD_107,1,140.95,0.0
ITM_83,ORD_10041,PRD_120,1,127.19,0.1
ITM_84,ORD_10041,PRD_148,1,15.93,0.05
ITM_85,ORD_10042,PRD_105,1,440.05,0.05
ITM_86,ORD_10042,PRD_117,2,357.97,0.05
ITM_87,ORD_10043,PRD_136,2,490.78,0.0
ITM_88,ORD_10043,PRD_136,2,490.78,0.0
ITM_89,ORD_10043,PRD_137,1,202.01,0.0
ITM_90,ORD_10044,PRD_121,2,276.8,0.2
ITM_91,ORD_10044,PRD_142,2,368.74,0.1
ITM_92,ORD_10045,PRD_135,1,449.86,0.0
ITM_93,ORD_10045,PRD_137,2,202.01,0.2
ITM_94,ORD_10045,PRD_135,1,449.86,0.0
ITM_95,ORD_10046,PRD_148,2,15.93,0.0
ITM_96,ORD_10047,PRD_119,1,38.34,0.2
ITM_97,ORD_10047,PRD_113,1,334.87,0.0
ITM_98,ORD_10048,PRD_114,1,425.06,0.1
ITM_99,ORD_10049,PRD_121,1,276.8,0.0
ITM_100,ORD_10049,PRD_132,2,475.04,0.0
ITM_101,ORD_10049,PRD_147,2,286.89,0.0
ITM_102,ORD_10050,PRD_129,1,348.15,0.0
ITM_103,ORD_10050,PRD_128,1,274.02,0.1
ITM_104,ORD_10050,PRD_125,2,82.01,0.0
ITM_105,ORD_10051,PRD_137,1,202.01,0.0
ITM_106,ORD_10051,PRD_112,1,324.51,0.0
ITM_107,ORD_10052,PRD_134,1,91.22,0.2
ITM_108,ORD_10053,PRD_127,2,406.83,0.0
ITM_109,ORD_10054,PRD_128,2,274.02,0.1
ITM_110,ORD_10055,PRD_134,2,91.22,0.0
ITM_111,ORD_10055,PRD_148,1,15.93,0.1
ITM_112,ORD_10055,PRD_145,2,243.68,0.2
ITM_113,ORD_10056,PRD_145,2,243.68,0.0
ITM_114,ORD_10057,PRD_133,1,277.96,0.05
ITM_115,ORD_10057,PRD_128,1,274.02,0.1
ITM_116,ORD_10057,PRD_118,2,247.2,0.05
ITM_117,ORD_10058,PRD_132,2,475.04,0.1
ITM_118,ORD_10059,PRD_126,1,200.2,0.0
ITM_119,ORD_10059,PRD_131,2,479.39,0.0
ITM_120,ORD_10059,PRD_113,2,334.87,0.0
ITM_121,ORD_10060,PRD_148,2,15.93,0.0
ITM_122,ORD_10060,PRD_150,2,32.57,0.0
ITM_123,ORD_10061,PRD_131,1,479.39,0.0
ITM_124,ORD_10061,PRD_131,1,479.39,0.0
ITM_125,ORD_10061,PRD_106,1,342.0,0.0
ITM_126,ORD_10062,PRD_115,1,416.58,0.05
ITM_127,ORD_10062,PRD_128,2,274.02,0.05
ITM_128,ORD_10062,PRD_144,2,483.86,0.05
ITM_129,ORD_10063,PRD_120,1,127.19,0.0
ITM_130,ORD_10064,PRD_115,2,416.58,0.05
ITM_131,ORD_10064,PRD_106,2,342.0,0.0
ITM_132,ORD_10065,PRD_148,1,15.93,0.0
ITM_133,ORD_10065,PRD_148,1,15.93,0.0
ITM_134,ORD_10066,PRD_142,1,368.74,0.2
ITM_135,ORD_10067,PRD_102,2,70.94,0.0
ITM_136,ORD_10067,PRD_118,2,247.2,0.05
ITM_137,ORD_10068,PRD_125,1,82.01,0.2
ITM_138,ORD_10069,PRD_130,2,319.15,0.0
ITM_139,ORD_10070,PRD_111,1,177.48,0.0
ITM_140,ORD_10071,PRD_123,1,105.96,0.0
ITM_141,ORD_10072,PRD_111,2,177.48,0.05
ITM_142,ORD_10072,PRD_124,1,425.13,0.0
ITM_143,ORD_10073,PRD_144,2,483.86,0.0
ITM_144,ORD_10073,PRD_144,1,483.86,0.0
ITM_145,ORD_10074,PRD_136,1,490.78,0.0
ITM_146,ORD_10074,PRD_149,1,194.72,0.05
ITM_147,ORD_10074,PRD_125,2,82.01,0.0
ITM_148,ORD_10075,PRD_123,1,105.96,0.0
ITM_149,ORD_10075,PRD_138,2,106.49,0.05
ITM_150,ORD_10075,PRD_138,2,106.49,0.0
ITM_151,ORD_10076,PRD_145,1,243.68,0.05
ITM_152,ORD_10076,PRD_115,1,416.58,0.0
ITM_153,ORD_10076,PRD_115,2,416.58,0.0
ITM_154,ORD_10077,PRD_103,1,370.74,0.0
ITM_155,ORD_10077,PRD_119,2,38.34,0.05
ITM_156,ORD_10078,PRD_111,1,177.48,0.1
ITM_157,ORD_10079,PRD_119,1,38.34,0.05
ITM_158,ORD_10080,PRD_112,2,324.51,0.05
ITM_159,ORD_10081,PRD_103,2,370.74,0.2
ITM_160,ORD_10082,PRD_138,2,106.49,0.0
ITM_161,ORD_10082,PRD_128,2,274.02,0.0
ITM_162,ORD_10082,PRD_133,1,277.96,0.0
ITM_163,ORD_10083,PRD_127,2,406.83,0.05
ITM_164,ORD_10084,PRD_136,2,490.78,0.0
ITM_165,ORD_10085,PRD_123,2,105.96,0.0
ITM_166,ORD_10086,PRD_148,1,15.93,0.0
ITM_167,ORD_10086,PRD_123,1,105.96,0.0
ITM_168,ORD_10086,PRD_132,1,475.04,0.2
ITM_169,ORD_10087,PRD_137,2,202.01,0.05
ITM_170,ORD_10088,PRD_132,1,475.04,0.2
ITM_171,ORD_10089,PRD_132,2,475.04,0.2
ITM_172,ORD_10089,PRD_140,1,234.89,0.2
ITM_173,ORD_10089,PRD_115,1,416.58,0.05
ITM_174,ORD_10090,PRD_105,1,440.05,0.05
ITM_175,ORD_10091,PRD_145,2,243.68,0.0
ITM_176,ORD_10091,PRD_113,2,334.87,0.0
ITM_177,ORD_10091,PRD_114,1,425.06,0.1
ITM_178,ORD_10092,PRD_106,2,342.0,0.0
ITM_179,ORD_10092,PRD_107,2,140.95,0.0
ITM_180,ORD_10093,PRD_112,2,324.51,0.0
ITM_181,ORD_10093,PRD_109,1,47.43,0.0
ITM_182,ORD_10094,PRD_128,2,274.02,0.0
ITM_183,ORD_10094,PRD_128,1,274.02,0.05
ITM_184,ORD_10094,PRD_125,2,82.01,0.05
ITM_185,ORD_10095,PRD_109,1,47.43,0.0
ITM_186,ORD_10095,PRD_134,2,91.22,0.0
ITM_187,ORD_10095,PRD_145,2,243.68,0.0
ITM_188,ORD_10096,PRD_102,2,70.94,0.05
ITM_189,ORD_10096,PRD_122,1,390.69,0.0
ITM_190,ORD_10096,PRD_146,2,234.53,0.0
ITM_191,ORD_10097,PRD_106,2,342.0,0.0
ITM_192,ORD_10098,PRD_113,2,334.87,0.0
ITM_193,ORD_10098,PRD_143,2,480.47,0.0
ITM_194,ORD_10098,PRD_139,2,490.76,0.0
ITM_195,ORD_10099,PRD_141,1,490.78,0.05
ITM_196,ORD_10100,PRD_101,2,195.76,0.0
ITM_197,ORD_10100,PRD_143,2,480.47,0.2
ITM_198,ORD_10101,PRD_134,2,91.22,0.0
ITM_199,ORD_10101,PRD_145,2,243.68,0.05
ITM_200,ORD_10102,PRD_124,2,425.13,0.05
ITM_201,ORD_10103,PRD_145,2,243.68,0.1
ITM_202,ORD_10103,PRD_146,1,234.53,0.0
ITM_203,ORD_10103,PRD_111,1,177.48,0.05
ITM_204,ORD_10104,PRD_147,1,286.89,0.1
ITM_205,ORD_10105,PRD_119,2,38.34,0.05
ITM_206,ORD_10105,PRD_135,1,449.86,0.0
ITM_207,ORD_10106,PRD_124,2,425.13,0.1
ITM_208,ORD_10106,PRD_144,2,483.86,0.05
ITM_209,ORD_10106,PRD_142,2,368.74,0.05
ITM_210,ORD_10107,PRD_114,1,425.06,0.0
ITM_211,ORD_10107,PRD_144,2,483.86,0.2
ITM_212,ORD_10107,PRD_113,2,334.87,0.0
ITM_213,ORD_10108,PRD_136,2,490.78,0.0
ITM_214,ORD_10108,PRD_125,2,82.01,0.2
ITM_215,ORD_10108,PRD_123,1,105.96,0.0
ITM_216,ORD_10109,PRD_110,1,68.9,0.0
ITM_217,ORD_10110,PRD_118,1,247.2,0.0
ITM_218,ORD_10110,PRD_117,1,357.97,0.0
ITM_219,ORD_10110,PRD_138,1,106.49,0.0
ITM_220,ORD_10111,PRD_138,2,106.49,0.0
ITM_221,ORD_10111,PRD_111,2,177.48,0.2
ITM_222,ORD_10111,PRD_128,2,274.02,0.05
ITM_223,ORD_10112,PRD_143,1,480.47,0.0
ITM_224,ORD_10113,PRD_107,2,140.95,0.05
ITM_225,ORD_10113,PRD_143,2,480.47,0.0
ITM_226,ORD_10114,PRD_147,1,286.89,0.1
ITM_227,ORD_10114,PRD_124,2,425.13,0.05
ITM_228,ORD_10115,PRD_136,2,490.78,0.0
ITM_229,ORD_10115,PRD_139,2,490.76,0.05
ITM_230,ORD_10115,PRD_101,1,195.76,0.1
ITM_231,ORD_10116,PRD_108,1,488.25,0.05
ITM_232,ORD_10116,PRD_104,2,301.61,0.0
ITM_233,ORD_10116,PRD_146,1,234.53,0.2
ITM_234,ORD_10117,PRD_126,1,200.2,0.1
ITM_235,ORD_10118,PRD_141,2,490.78,0.1
ITM_236,ORD_10118,PRD_144,1,483.86,0.2
ITM_237,ORD_10118,PRD_129,2,348.15,0.05
ITM_238,ORD_10119,PRD_121,2,276.8,0.0
ITM_239,ORD_10120,PRD_135,1,449.86,0.0
ITM_240,ORD_10120,PRD_109,2,47.43,0.0
ITM_241,ORD_10120,PRD_107,2,140.95,0.2
ITM_242,ORD_10121,PRD_109,1,47.43,0.05
ITM_243,ORD_10121,PRD_129,2,348.15,0.0
ITM_244,ORD_10122,PRD_136,1,490.78,0.0
ITM_245,ORD_10122,PRD_147,1,286.89,0.2
ITM_246,ORD_10122,PRD_123,1,105.96,0.0
ITM_247,ORD_10123,PRD_117,2,357.97,0.05
ITM_248,ORD_10123,PRD_104,1,301.61,0.05
ITM_249,ORD_10124,PRD_135,1,449.86,0.0
ITM_250,ORD_10124,PRD_106,1,342.0,0.05
ITM_251,ORD_10124,PRD_146,1,234.53,0.0
ITM_252,ORD_10125,PRD_135,2,449.86,0.05
ITM_253,ORD_10125,PRD_120,2,127.19,0.0
ITM_254,ORD_10126,PRD_127,2,406.83,0.05
ITM_255,ORD_10126,PRD_101,1,195.76,0.05
ITM_256,ORD_10126,PRD_117,2,357.97,0.0
ITM_257,ORD_10127,PRD_135,1,449.86,0.2
ITM_258,ORD_10127,PRD_121,2,276.8,0.0
ITM_259,ORD_10127,PRD_143,2,480.47,0.0
ITM_260,ORD_10128,PRD_131,1,479.39,0.0
ITM_261,ORD_10128,PRD_138,2,106.49,0.0
ITM_262,ORD_10129,PRD_136,2,490.78,0.2
ITM_263,ORD_10129,PRD_124,1,425.13,0.0
ITM_264,ORD_10129,PRD_133,1,277.96,0.0
ITM_265,ORD_10130,PRD_119,1,38.34,0.0
ITM_266,ORD_10130,PRD_141,1,490.78,0.0
ITM_267,ORD_10131,PRD_129,2,348.15,0.0
ITM_268,ORD_10131,PRD_105,2,440.05,0.05
ITM_269,ORD_10131,PRD_150,1,32.57,0.05
ITM_270,ORD_10132,PRD_140,1,234.89,0.05
ITM_271,ORD_10133,PRD_140,1,234.89,0.0
ITM_272,ORD_10133,PRD_130,1,319.15,0.0
ITM_273,ORD_10134,PRD_104,1,301.61,0.2
ITM_274,ORD_10134,PRD_110,1,68.9,0.1
ITM_275,ORD_10135,PRD_113,2,334.87,0.0
ITM_276,ORD_10136,PRD_113,2,334.87,0.2
ITM_277,ORD_10136,PRD_128,1,274.02,0.05
ITM_278,ORD_10136,PRD_150,1,32.57,0.0
ITM_279,ORD_10137,PRD_123,2,105.96,0.0
ITM_280,ORD_10137,PRD_143,2,480.47,0.0
ITM_281,ORD_10137,PRD_109,1,47.43,0.05
ITM_282,ORD_10138,PRD_101,2,195.76,0.0
ITM_283,ORD_10139,PRD_128,1,274.02,0.05
ITM_284,ORD_10140,PRD_130,2,319.15,0.2
ITM_285,ORD_10140,PRD_107,2,140.95,0.0
ITM_286,ORD_10141,PRD_112,2,324.51,0.0
ITM_287,ORD_10141,PRD_129,2,348.15,0.05
ITM_288,ORD_10142,PRD_102,1,70.94,0.0
ITM_289,ORD_10143,PRD_119,1,38.34,0.0
ITM_290,ORD_10143,PRD_142,2,368.74,0.2
ITM_291,ORD_10143,PRD_114,2,425.06,0.2
ITM_292,ORD_10144,PRD_103,1,370.74,0.0
ITM_293,ORD_10145,PRD_123,2,105.96,0.1
ITM_294,ORD_10145,PRD_109,2,47.43,0.0
ITM_295,ORD_10146,PRD_149,1,194.72,0.0
ITM_296,ORD_10146,PRD_125,2,82.01,0.05
ITM_297,ORD_10147,PRD_128,1,274.02,0.1
ITM_298,ORD_10147,PRD_112,2,324.51,0.1
ITM_299,ORD_10147,PRD_125,2,82.01,0.05
ITM_300,ORD_10148,PRD_126,2,200.2,0.1
ITM_301,ORD_10148,PRD_140,1,234.89,0.05
ITM_302,ORD_10149,PRD_127,2,406.83,0.05
ITM_303,ORD_10149,PRD_131,1,479.39,0.0
ITM_304,ORD_10150,PRD_146,1,234.53,0.0
ITM_305,ORD_10150,PRD_125,1,82.01,0.0
ITM_306,ORD_10151,PRD_126,1,200.2,0.0
ITM_307,ORD_10152,PRD_108,1,488.25,0.0
ITM_308,ORD_10152,PRD_149,1,194.72,0.05
ITM_309,ORD_10152,PRD_144,1,483.86,0.0
ITM_310,ORD_10153,PRD_148,1,15.93,0.1
ITM_311,ORD_10153,PRD_140,2,234.89,0.1
ITM_312,ORD_10154,PRD_120,1,127.19,0.1
ITM_313,ORD_10154,PRD_131,2,479.39,0.0
ITM_314,ORD_10155,PRD_110,2,68.9,0.0
ITM_315,ORD_10155,PRD_110,2,68.9,0.0
ITM_316,ORD_10156,PRD_112,1,324.51,0.05
ITM_317,ORD_10157,PRD_142,1,368.74,0.0
ITM_318,ORD_10157,PRD_143,1,480.47,0.0
ITM_319,ORD_10157,PRD_128,2,274.02,0.1
ITM_320,ORD_10158,PRD_148,1,15.93,0.2
ITM_321,ORD_10158,PRD_140,2,234.89,0.0
ITM_322,ORD_10158,PRD_137,2,202.01,0.0
ITM_323,ORD_10159,PRD_134,1,91.22,0.0
ITM_324,ORD_10160,PRD_142,2,368.74,0.0
ITM_325,ORD_10160,PRD_140,1,234.89,0.0
ITM_326,ORD_10161,PRD_114,2,425.06,0.0
ITM_327,ORD_10162,PRD_145,1,243.68,0.0
ITM_328,ORD_10163,PRD_123,2,105.96,0.0
ITM_329,ORD_10164,PRD_108,2,488.25,0.05
ITM_330,ORD_10165,PRD_140,1,234.89,0.05
ITM_331,ORD_10166,PRD_147,1,286.89,0.05
ITM_332,ORD_10167,PRD_117,1,357.97,0.2
ITM_333,ORD_10168,PRD_136,1,490.78,0.2
ITM_334,ORD_10168,PRD_131,1,479.39,0.2
ITM_335,ORD_10168,PRD_137,2,202.01,0.0
ITM_336,ORD_10169,PRD_133,2,277.96,0.05
ITM_337,ORD_10169,PRD_106,1,342.0,0.0
ITM_338,ORD_10169,PRD_146,1,234.53,0.0
ITM_339,ORD_10170,PRD_141,2,490.78,0.2
ITM_340,ORD_10170,PRD_144,1,483.86,0.0
ITM_341,ORD_10171,PRD_116,2,205.02,0.1
ITM_342,ORD_10172,PRD_120,1,127.19,0.0
ITM_343,ORD_10172,PRD_143,2,480.47,0.0
ITM_344,ORD_10172,PRD_140,2,234.89,0.0
ITM_345,ORD_10173,PRD_102,2,70.94,0.0
ITM_346,ORD_10173,PRD_120,2,127.19,0.0
ITM_347,ORD_10174,PRD_149,1,194.72,0.0
ITM_348,ORD_10175,PRD_116,1,205.02,0.0
ITM_349,ORD_10176,PRD_143,1,480.47,0.0
ITM_350,ORD_10177,PRD_138,2,106.49,0.1
ITM_351,ORD_10177,PRD_103,1,370.74,0.0
ITM_352,ORD_10177,PRD_146,2,234.53,0.05
ITM_353,ORD_10178,PRD_125,1,82.01,0.05
ITM_354,ORD_10178,PRD_103,2,370.74,0.0
ITM_355,ORD_10178,PRD_116,1,205.02,0.0
ITM_356,ORD_10179,PRD_149,1,194.72,0.2
ITM_357,ORD_10179,PRD_127,1,406.83,0.0
ITM_358,ORD_10180,PRD_129,2,348.15,0.2
ITM_359,ORD_10180,PRD_131,1,479.39,0.0
ITM_360,ORD_10181,PRD_120,1,127.19,0.2
ITM_361,ORD_10182,PRD_134,2,91.22,0.0
ITM_362,ORD_10182,PRD_146,1,234.53,0.05
ITM_363,ORD_10183,PRD_147,2,286.89,0.0
ITM_364,ORD_10184,PRD_135,1,449.86,0.0
ITM_365,ORD_10185,PRD_117,2,357.97,0.1
ITM_366,ORD_10186,PRD_126,2,200.2,0.2
ITM_367,ORD_10186,PRD_144,1,483.86,0.2
ITM_368,ORD_10187,PRD_130,2,319.15,0.05
ITM_369,ORD_10188,PRD_150,2,32.57,0.0
ITM_370,ORD_10188,PRD_112,2,324.51,0.2
ITM_371,ORD_10189,PRD_140,1,234.89,0.2
ITM_372,ORD_10189,PRD_119,1,38.34,0.0
ITM_373,ORD_10189,PRD_122,2,390.69,0.05
ITM_374,ORD_10190,PRD_138,1,106.49,0.05
ITM_375,ORD_10190,PRD_104,1,301.61,0.0
ITM_376,ORD_10190,PRD_123,2,105.96,0.0
ITM_377,ORD_10191,PRD_107,2,140.95,0.0
ITM_378,ORD_10192,PRD_115,2,416.58,0.05
ITM_379,ORD_10193,PRD_128,1,274.02,0.05
ITM_380,ORD_10193,PRD_120,2,127.19,0.0
ITM_381,ORD_10194,PRD_124,1,425.13,0.0
ITM_382,ORD_10194,PRD_128,1,274.02,0.0
ITM_383,ORD_10195,PRD_120,1,127.19,0.0
ITM_384,ORD_10196,PRD_113,1,334.87,0.0
ITM_385,ORD_10196,PRD_112,1,324.51,0.0
ITM_386,ORD_10196,PRD_144,2,483.86,0.2
ITM_387,ORD_10197,PRD_146,1,234.53,0.1
ITM_388,ORD_10198,PRD_105,2,440.05,0.1
ITM_389,ORD_10199,PRD_132,2,475.04,0.05
ITM_390,ORD_10199,PRD_144,1,483.86,0.0
ITM_391,ORD_10199,PRD_135,2,449.86,0.05
ITM_392,ORD_10200,PRD_113,2,334.87,0.0
ITM_393,ORD_10200,PRD_101,1,195.76,0.05
ITM_394,ORD_10200,PRD_108,1,488.25,0.0
ITM_395,ORD_10201,PRD_121,2,276.8,0.0
ITM_396,ORD_10201,PRD_117,2,357.97,0.0
ITM_397,ORD_10201,PRD_144,2,483.86,0.0
ITM_398,ORD_10202,PRD_127,2,406.83,0.05
ITM_399,ORD_10202,PRD_128,1,274.02,0.0
ITM_400,ORD_10202,PRD_118,2,247.2,0.1
ITM_401,ORD_10203,PRD_150,1,32.57,0.0
ITM_402,ORD_10204,PRD_114,2,425.06,0.0
ITM_403,ORD_10204,PRD_106,2,342.0,0.0
ITM_404,ORD_10205,PRD_107,1,140.95,0.0
ITM_405,ORD_10205,PRD_109,1,47.43,0.0
ITM_406,ORD_10205,PRD_101,1,195.76,0.2
ITM_407,ORD_10206,PRD_129,1,348.15,0.0
ITM_408,ORD_10206,PRD_148,2,15.93,0.05
ITM_409,ORD_10206,PRD_102,1,70.94,0.0
ITM_410,ORD_10207,PRD_125,2,82.01,0.05
ITM_411,ORD_10207,PRD_115,2,416.58,0.0
ITM_412,ORD_10207,PRD_149,2,194.72,0.2
ITM_413,ORD_10208,PRD_138,1,106.49,0.05
ITM_414,ORD_10208,PRD_118,2,247.2,0.1
ITM_415,ORD_10209,PRD_101,2,195.76,0.0
ITM_416,ORD_10210,PRD_113,2,334.87,0.0
ITM_417,ORD_10211,PRD_138,2,106.49,0.05
ITM_418,ORD_10211,PRD_121,2,276.8,0.1
ITM_419,ORD_10211,PRD_126,1,200.2,0.1
ITM_420,ORD_10212,PRD_110,2,68.9,0.0
ITM_421,ORD_10213,PRD_116,1,205.02,0.0
ITM_422,ORD_10213,PRD_134,2,91.22,0.2
ITM_423,ORD_10214,PRD_104,2,301.61,0.05
ITM_424,ORD_10214,PRD_108,1,488.25,0.0
ITM_425,ORD_10215,PRD_140,2,234.89,0.05
ITM_426,ORD_10215,PRD_102,1,70.94,0.1
ITM_427,ORD_10215,PRD_137,2,202.01,0.1
ITM_428,ORD_10216,PRD_108,1,488.25,0.1
ITM_429,ORD_10217,PRD_125,1,82.01,0.1
ITM_430,ORD_10217,PRD_104,2,301.61,0.05
ITM_431,ORD_10218,PRD_109,1,47.43,0.2
ITM_432,ORD_10219,PRD_105,1,440.05,0.2
ITM_433,ORD_10219,PRD_132,1,475.04,0.0
ITM_434,ORD_10220,PRD_146,2,234.53,0.0
ITM_435,ORD_10221,PRD_133,2,277.96,0.2
ITM_436,ORD_10221,PRD_132,2,475.04,0.05
ITM_437,ORD_10222,PRD_146,2,234.53,0.0
ITM_438,ORD_10223,PRD_124,2,425.13,0.05
ITM_439,ORD_10223,PRD_121,2,276.8,0.0
ITM_440,ORD_10223,PRD_139,2,490.76,0.0
ITM_441,ORD_10224,PRD_140,1,234.89,0.0
ITM_442,ORD_10224,PRD_133,2,277.96,0.2
ITM_443,ORD_10225,PRD_145,1,243.68,0.0
ITM_444,ORD_10225,PRD_139,1,490.76,0.0
ITM_445,ORD_10225,PRD_107,1,140.95,0.0
ITM_446,ORD_10226,PRD_133,1,277.96,0.0
ITM_447,ORD_10227,PRD_104,1,301.61,0.1
ITM_448,ORD_10227,PRD_145,2,243.68,0.0
ITM_449,ORD_10228,PRD_102,2,70.94,0.0
ITM_450,ORD_10228,PRD_146,2,234.53,0.0
ITM_451,ORD_10229,PRD_108,1,488.25,0.05
ITM_452,ORD_10230,PRD_105,1,440.05,0.0
ITM_453,ORD_10230,PRD_112,2,324.51,0.0
ITM_454,ORD_10230,PRD_108,2,488.25,0.0
ITM_455,ORD_10231,PRD_135,1,449.86,0.05
ITM_456,ORD_10231,PRD_124,2,425.13,0.0
ITM_457,ORD_10232,PRD_113,1,334.87,0.0
ITM_458,ORD_10233,PRD_138,1,106.49,0.0
ITM_459,ORD_10233,PRD_143,1,480.47,0.0
ITM_460,ORD_10233,PRD_149,1,194.72,0.0
ITM_461,ORD_10234,PRD_116,2,205.02,0.0
ITM_462,ORD_10235,PRD_150,2,32.57,0.1
ITM_463,ORD_10235,PRD_108,2,488.25,0.0
ITM_464,ORD_10235,PRD_138,2,106.49,0.1
ITM_465,ORD_10236,PRD_136,1,490.78,0.05
ITM_466,ORD_10236,PRD_117,2,357.97,0.0
ITM_467,ORD_10237,PRD_128,1,274.02,0.0
ITM_468,ORD_10238,PRD_131,1,479.39,0.0
ITM_469,ORD_10238,PRD_117,2,357.97,0.0
ITM_470,ORD_10238,PRD_144,1,483.86,0.05
ITM_471,ORD_10239,PRD_142,1,368.74,0.0
ITM_472,ORD_10240,PRD_128,2,274.02,0.0
ITM_473,ORD_10241,PRD_142,2,368.74,0.0
ITM_474,ORD_10241,PRD_150,1,32.57,0.05
ITM_475,ORD_10241,PRD_103,2,370.74,0.2
ITM_476,ORD_10242,PRD_101,2,195.76,0.0
ITM_477,ORD_10243,PRD_122,1,390.69,0.0
ITM_478,ORD_10243,PRD_137,1,202.01,0.0
ITM_479,ORD_10243,PRD_136,2,490.78,0.0
ITM_480,ORD_10244,PRD_134,2,91.22,0.1
ITM_481,ORD_10244,PRD_127,2,406.83,0.0
ITM_482,ORD_10245,PRD_130,1,319.15,0.0
ITM_483,ORD_10245,PRD_141,2,490.78,0.0
ITM_484,ORD_10245,PRD_115,2,416.58,0.0
ITM_485,ORD_10246,PRD_132,1,475.04,0.1
ITM_486,ORD_10246,PRD_150,1,32.57,0.0
ITM_487,ORD_10247,PRD_130,2,319.15,0.1
ITM_488,ORD_10248,PRD_137,2,202.01,0.05
ITM_489,ORD_10248,PRD_145,2,243.68,0.0
ITM_490,ORD_10248,PRD_138,2,106.49,0.0
ITM_491,ORD_10249,PRD_119,2,38.34,0.1
ITM_492,ORD_10249,PRD_146,1,234.53,0.0
ITM_493,ORD_10249,PRD_131,1,479.39,0.0
ITM_494,ORD_10250,PRD_116,2,205.02,0.05
ITM_495,ORD_10250,PRD_123,2,105.96,0.0
ITM_496,ORD_10251,PRD_122,1,390.69,0.05
ITM_497,ORD_10251,PRD_125,2,82.01,0.0
ITM_498,ORD_10252,PRD_106,1,342.0,0.0
ITM_499,ORD_10252,PRD_121,2,276.8,0.0
ITM_500,ORD_10252,PRD_139,2,490.76,0.0
ITM_501,ORD_10253,PRD_145,2,243.68,0.05
ITM_502,ORD_10254,PRD_141,2,490.78,0.0
ITM_503,ORD_10254,PRD_148,2,15.93,0.0
ITM_504,ORD_10254,PRD_131,1,479.39,0.0
ITM_505,ORD_10255,PRD_101,1,195.76,0.05
ITM_506,ORD_10256,PRD_110,1,68.9,0.05
ITM_507,ORD_10257,PRD_125,1,82.01,0.0
ITM_508,ORD_10257,PRD_137,1,202.01,0.05
ITM_509,ORD_10257,PRD_123,1,105.96,0.0
ITM_510,ORD_10258,PRD_122,2,390.69,0.1
ITM_511,ORD_10259,PRD_135,1,449.86,0.2
ITM_512,ORD_10260,PRD_122,2,390.69,0.0
ITM_513,ORD_10260,PRD_124,1,425.13,0.0
ITM_514,ORD_10260,PRD_141,1,490.78,0.0
ITM_515,ORD_10261,PRD_120,2,127.19,0.0
ITM_516,ORD_10262,PRD_144,2,483.86,0.0
ITM_517,ORD_10262,PRD_125,2,82.01,0.0
ITM_518,ORD_10263,PRD_110,2,68.9,0.0
ITM_519,ORD_10263,PRD_131,1,479.39,0.05
ITM_520,ORD_10264,PRD_106,2,342.0,0.05
ITM_521,ORD_10265,PRD_149,1,194.72,0.2
ITM_522,ORD_10266,PRD_102,2,70.94,0.0
ITM_523,ORD_10266,PRD_140,1,234.89,0.1
ITM_524,ORD_10266,PRD_115,1,416.58,0.0
ITM_525,ORD_10267,PRD_107,2,140.95,0.05
ITM_526,ORD_10268,PRD_109,1,47.43,0.0
ITM_527,ORD_10268,PRD_119,1,38.34,0.0
ITM_528,ORD_10269,PRD_136,1,490.78,0.05
ITM_529,ORD_10270,PRD_143,1,480.47,0.2
ITM_530,ORD_10270,PRD_122,2,390.69,0.0
ITM_531,ORD_10271,PRD_103,1,370.74,0.0
ITM_532,ORD_10272,PRD_149,2,194.72,0.0
ITM_533,ORD_10273,PRD_138,1,106.49,0.1
ITM_534,ORD_10273,PRD_126,2,200.2,0.05
ITM_535,ORD_10274,PRD_144,2,483.86,0.0
ITM_536,ORD_10275,PRD_116,2,205.02,0.1
ITM_537,ORD_10275,PRD_124,1,425.13,0.0
ITM_538,ORD_10275,PRD_111,2,177.48,0.2
ITM_539,ORD_10276,PRD_134,2,91.22,0.0
ITM_540,ORD_10276,PRD_143,1,480.47,0.2
ITM_541,ORD_10277,PRD_102,1,70.94,0.05
ITM_542,ORD_10277,PRD_112,1,324.51,0.05
ITM_543,ORD_10278,PRD_144,2,483.86,0.1
ITM_544,ORD_10278,PRD_143,1,480.47,0.0
ITM_545,ORD_10278,PRD_131,1,479.39,0.0
ITM_546,ORD_10279,PRD_147,2,286.89,0.05
ITM_547,ORD_10279,PRD_123,2,105.96,0.0
ITM_548,ORD_10280,PRD_114,2,425.06,0.0
ITM_549,ORD_10280,PRD_113,2,334.87,0.0
ITM_550,ORD_10280,PRD_103,2,370.74,0.0
ITM_551,ORD_10281,PRD_108,1,488.25,0.05
ITM_552,ORD_10281,PRD_116,1,205.02,0.0
ITM_553,ORD_10281,PRD_106,2,342.0,0.2
ITM_554,ORD_10282,PRD_113,2,334.87,0.05
ITM_555,ORD_10282,PRD_150,1,32.57,0.0
ITM_556,ORD_10282,PRD_111,2,177.48,0.05
ITM_557,ORD_10283,PRD_110,1,68.9,0.1
ITM_558,ORD_10283,PRD_113,2,334.87,0.0
ITM_559,ORD_10283,PRD_145,2,243.68,0.0
ITM_560,ORD_10284,PRD_135,2,449.86,0.0
ITM_561,ORD_10284,PRD_127,2,406.83,0.05
ITM_562,ORD_10284,PRD_135,1,449.86,0.0
ITM_563,ORD_10285,PRD_122,1,390.69,0.0
ITM_564,ORD_10286,PRD_114,2,425.06,0.0
ITM_565,ORD_10286,PRD_119,1,38.34,0.0
ITM_566,ORD_10286,PRD_107,2,140.95,0.0
ITM_567,ORD_10287,PRD_118,2,247.2,0.0
ITM_568,ORD_10288,PRD_117,2,357.97,0.0
ITM_569,ORD_10288,PRD_109,2,47.43,0.0
ITM_570,ORD_10289,PRD_119,1,38.34,0.0
ITM_571,ORD_10290,PRD_120,1,127.19,0.0
ITM_572,ORD_10290,PRD_136,1,490.78,0.2
ITM_573,ORD_10291,PRD_147,2,286.89,0.0
ITM_574,ORD_10291,PRD_149,1,194.72,0.0
ITM_575,ORD_10291,PRD_146,1,234.53,0.05
ITM_576,ORD_10292,PRD_127,1,406.83,0.0
ITM_577,ORD_10292,PRD_140,1,234.89,0.0
ITM_578,ORD_10292,PRD_141,2,490.78,0.0
ITM_579,ORD_10293,PRD_124,1,425.13,0.0
ITM_580,ORD_10294,PRD_117,2,357.97,0.0
ITM_581,ORD_10295,PRD_149,2,194.72,0.0
ITM_582,ORD_10295,PRD_132,1,475.04,0.05
ITM_583,ORD_10296,PRD_110,2,68.9,0.2
ITM_584,ORD_10297,PRD_142,1,368.74,0.05
ITM_585,ORD_10297,PRD_114,2,425.06,0.0
ITM_586,ORD_10298,PRD_101,2,195.76,0.0
ITM_587,ORD_10299,PRD_144,2,483.86,0.1
ITM_588,ORD_10300,PRD_116,1,205.02,0.05
ITM_589,ORD_10301,PRD_117,1,357.97,0.0
ITM_590,ORD_10302,PRD_103,1,370.74,0.0
ITM_591,ORD_10303,PRD_121,2,276.8,0.0
ITM_592,ORD_10303,PRD_111,1,177.48,0.0
ITM_593,ORD_10304,PRD_149,2,194.72,0.0
ITM_594,ORD_10305,PRD_132,2,475.04,0.0
ITM_595,ORD_10305,PRD_125,1,82.01,0.05
ITM_596,ORD_10305,PRD_121,2,276.8,0.1
ITM_597,ORD_10306,PRD_138,2,106.49,0.0
ITM_598,ORD_10306,PRD_139,2,490.76,0.0
ITM_599,ORD_10306,PRD_133,2,277.96,0.05
ITM_600,ORD_10307,PRD_113,2,334.87,0.0
ITM_601,ORD_10307,PRD_111,1,177.48,0.1
ITM_602,ORD_10307,PRD_102,2,70.94,0.2
ITM_603,ORD_10308,PRD_147,2,286.89,0.05
ITM_604,ORD_10308,PRD_140,2,234.89,0.2
ITM_605,ORD_10309,PRD_146,1,234.53,0.05
ITM_606,ORD_10309,PRD_124,2,425.13,0.05
ITM_607,ORD_10309,PRD_125,2,82.01,0.05
ITM_608,ORD_10310,PRD_117,1,357.97,0.0
ITM_609,ORD_10310,PRD_134,2,91.22,0.0
ITM_610,ORD_10311,PRD_115,1,416.58,0.0
ITM_611,ORD_10311,PRD_123,1,105.96,0.05
ITM_612,ORD_10312,PRD_101,1,195.76,0.1
ITM_613,ORD_10313,PRD_119,1,38.34,0.0
ITM_614,ORD_10313,PRD_110,2,68.9,0.0
ITM_615,ORD_10313,PRD_148,1,15.93,0.1
ITM_616,ORD_10314,PRD_119,1,38.34,0.05
ITM_617,ORD_10314,PRD_131,2,479.39,0.0
ITM_618,ORD_10315,PRD_124,2,425.13,0.05
ITM_619,ORD_10315,PRD_142,1,368.74,0.0
ITM_620,ORD_10316,PRD_145,2,243.68,0.0
ITM_621,ORD_10317,PRD_126,1,200.2,0.05
ITM_622,ORD_10317,PRD_114,1,425.06,0.0
ITM_623,ORD_10318,PRD_124,2,425.13,0.1
ITM_624,ORD_10319,PRD_110,2,68.9,0.0
ITM_625,ORD_10319,PRD_117,2,357.97,0.2
ITM_626,ORD_10320,PRD_119,1,38.34,0.0
ITM_627,ORD_10320,PRD_133,2,277.96,0.2
ITM_628,ORD_10320,PRD_114,2,425.06,0.0
ITM_629,ORD_10321,PRD_145,1,243.68,0.0
ITM_630,ORD_10322,PRD_107,1,140.95,0.0
ITM_631,ORD_10322,PRD_140,2,234.89,0.05
ITM_632,ORD_10323,PRD_120,1,127.19,0.0
ITM_633,ORD_10324,PRD_142,1,368.74,0.2
ITM_634,ORD_10324,PRD_129,1,348.15,0.0
ITM_635,ORD_10324,PRD_107,2,140.95,0.05
ITM_636,ORD_10325,PRD_149,1,194.72,0.05
ITM_637,ORD_10325,PRD_146,2,234.53,0.05
ITM_638,ORD_10325,PRD_114,1,425.06,0.1
ITM_639,ORD_10326,PRD_106,2,342.0,0.05
ITM_640,ORD_10327,PRD_132,2,475.04,0.0
ITM_641,ORD_10328,PRD_108,1,488.25,0.0
ITM_642,ORD_10328,PRD_102,2,70.94,0.0
ITM_643,ORD_10329,PRD_101,2,195.76,0.0
ITM_644,ORD_10329,PRD_116,2,205.02,0.0
ITM_645,ORD_10330,PRD_123,1,105.96,0.0
ITM_646,ORD_10331,PRD_104,2,301.61,0.05
ITM_647,ORD_10332,PRD_139,2,490.76,0.0
ITM_648,ORD_10332,PRD_141,2,490.78,0.05
ITM_649,ORD_10332,PRD_113,1,334.87,0.0
ITM_650,ORD_10333,PRD_103,2,370.74,0.0
ITM_651,ORD_10333,PRD_118,1,247.2,0.0
ITM_652,ORD_10334,PRD_137,1,202.01,0.0
ITM_653,ORD_10334,PRD_124,2,425.13,0.0
ITM_654,ORD_10334,PRD_121,2,276.8,0.0
ITM_655,ORD_10335,PRD_114,1,425.06,0.0
ITM_656,ORD_10335,PRD_132,2,475.04,0.0
ITM_657,ORD_10335,PRD_144,1,483.86,0.0
ITM_658,ORD_10336,PRD_128,2,274.02,0.0
ITM_659,ORD_10336,PRD_133,1,277.96,0.2
ITM_660,ORD_10336,PRD_105,2,440.05,0.0
ITM_661,ORD_10337,PRD_132,1,475.04,0.0
ITM_662,ORD_10337,PRD_113,2,334.87,0.0
ITM_663,ORD_10337,PRD_129,2,348.15,0.0
ITM_664,ORD_10338,PRD_122,1,390.69,0.05
ITM_665,ORD_10339,PRD_114,2,425.06,0.05
ITM_666,ORD_10340,PRD_134,1,91.22,0.0
ITM_667,ORD_10341,PRD_125,2,82.01,0.05
ITM_668,ORD_10341,PRD_140,1,234.89,0.0
ITM_669,ORD_10342,PRD_116,2,205.02,0.0
ITM_670,ORD_10342,PRD_149,2,194.72,0.05
ITM_671,ORD_10343,PRD_109,2,47.43,0.0
ITM_672,ORD_10343,PRD_142,1,368.74,0.2
ITM_673,ORD_10344,PRD_123,1,105.96,0.2
ITM_674,ORD_10345,PRD_115,1,416.58,0.05
ITM_675,ORD_10345,PRD_141,1,490.78,0.0
ITM_676,ORD_10345,PRD_101,2,195.76,0.05
ITM_677,ORD_10346,PRD_114,2,425.06,0.0
ITM_678,ORD_10346,PRD_109,1,47.43,0.0
ITM_679,ORD_10347,PRD_140,2,234.89,0.0
ITM_680,ORD_10347,PRD_119,1,38.34,0.05
ITM_681,ORD_10348,PRD_131,2,479.39,0.0
ITM_682,ORD_10348,PRD_142,1,368.74,0.0
ITM_683,ORD_10349,PRD_104,2,301.61,0.05
ITM_684,ORD_10349,PRD_143,1,480.47,0.0
ITM_685,ORD_10350,PRD_120,2,127.19,0.0
ITM_686,ORD_10351,PRD_138,1,106.49,0.1
ITM_687,ORD_10352,PRD_105,1,440.05,0.0
ITM_688,ORD_10352,PRD_112,1,324.51,0.1
ITM_689,ORD_10353,PRD_137,1,202.01,0.0
ITM_690,ORD_10353,PRD_134,2,91.22,0.0
ITM_691,ORD_10354,PRD_119,1,38.34,0.05
ITM_692,ORD_10355,PRD_120,1,127.19,0.0
ITM_693,ORD_10355,PRD_101,2,195.76,0.0
ITM_694,ORD_10355,PRD_138,2,106.49,0.0
ITM_695,ORD_10356,PRD_120,2,127.19,0.05
ITM_696,ORD_10356,PRD_129,2,348.15,0.0
ITM_697,ORD_10356,PRD_110,2,68.9,0.05
ITM_698,ORD_10357,PRD_115,2,416.58,0.0
ITM_699,ORD_10357,PRD_144,2,483.86,0.0
ITM_700,ORD_10357,PRD_126,2,200.2,0.2
ITM_701,ORD_10358,PRD_144,1,483.86,0.0
ITM_702,ORD_10358,PRD_120,2,127.19,0.0
ITM_703,ORD_10359,PRD_121,2,276.8,0.0
ITM_704,ORD_10359,PRD_147,2,286.89,0.1
ITM_705,ORD_10359,PRD_135,1,449.86,0.0
ITM_706,ORD_10360,PRD_127,1,406.83,0.0
ITM_707,ORD_10360,PRD_110,1,68.9,0.0
ITM_708,ORD_10361,PRD_105,1,440.05,0.0
ITM_709,ORD_10361,PRD_137,2,202.01,0.0
ITM_710,ORD_10362,PRD_115,1,416.58,0.0
ITM_711,ORD_10363,PRD_112,1,324.51,0.0
ITM_712,ORD_10364,PRD_148,1,15.93,0.0
ITM_713,ORD_10364,PRD_140,2,234.89,0.0
ITM_714,ORD_10365,PRD_129,2,348.15,0.0
ITM_715,ORD_10365,PRD_127,1,406.83,0.05
ITM_716,ORD_10365,PRD_149,2,194.72,0.1
ITM_717,ORD_10366,PRD_114,2,425.06,0.0
ITM_718,ORD_10366,PRD_102,2,70.94,0.2
ITM_719,ORD_10367,PRD_125,2,82.01,0.0
ITM_720,ORD_10367,PRD_136,1,490.78,0.2
ITM_721,ORD_10367,PRD_134,1,91.22,0.0
ITM_722,ORD_10368,PRD_117,2,357.97,0.0
ITM_723,ORD_10369,PRD_139,2,490.76,0.05
ITM_724,ORD_10370,PRD_127,2,406.83,0.0
ITM_725,ORD_10370,PRD_145,1,243.68,0.0
ITM_726,ORD_10371,PRD_147,2,286.89,0.0
ITM_727,ORD_10372,PRD_147,1,286.89,0.0
ITM_728,ORD_10372,PRD_148,2,15.93,0.0
ITM_729,ORD_10372,PRD_125,1,82.01,0.0
ITM_730,ORD_10373,PRD_118,2,247.2,0.0
ITM_731,ORD_10373,PRD_103,1,370.74,0.0
ITM_732,ORD_10374,PRD_114,1,425.06,0.05
ITM_733,ORD_10374,PRD_133,1,277.96,0.0
ITM_734,ORD_10375,PRD_101,2,195.76,0.1
ITM_735,ORD_10375,PRD_101,2,195.76,0.1
ITM_736,ORD_10376,PRD_126,2,200.2,0.0
ITM_737,ORD_10376,PRD_142,2,368.74,0.0
ITM_738,ORD_10377,PRD_107,1,140.95,0.05
ITM_739,ORD_10377,PRD_104,1,301.61,0.2
ITM_740,ORD_10378,PRD_147,1,286.89,0.1
ITM_741,ORD_10379,PRD_149,2,194.72,0.1
ITM_742,ORD_10379,PRD_121,2,276.8,0.05
ITM_743,ORD_10380,PRD_138,2,106.49,0.05
ITM_744,ORD_10381,PRD_109,2,47.43,0.2
ITM_745,ORD_10382,PRD_149,1,194.72,0.0
ITM_746,ORD_10383,PRD_140,1,234.89,0.2
ITM_747,ORD_10384,PRD_142,2,368.74,0.1
ITM_748,ORD_10385,PRD_120,1,127.19,0.0
ITM_749,ORD_10385,PRD_139,1,490.76,0.0
ITM_750,ORD_10386,PRD_133,2,277.96,0.0
ITM_751,ORD_10386,PRD_141,1,490.78,0.05
ITM_752,ORD_10387,PRD_114,1,425.06,0.0
ITM_753,ORD_10388,PRD_135,2,449.86,0.0
ITM_754,ORD_10389,PRD_135,1,449.86,0.2
ITM_755,ORD_10390,PRD_120,1,127.19,0.0
ITM_756,ORD_10391,PRD_148,2,15.93,0.0
ITM_757,ORD_10392,PRD_102,2,70.94,0.0
ITM_758,ORD_10392,PRD_147,1,286.89,0.0
ITM_759,ORD_10393,PRD_144,1,483.86,0.1
ITM_760,ORD_10393,PRD_127,1,406.83,0.0
ITM_761,ORD_10393,PRD_132,1,475.04,0.2
ITM_762,ORD_10394,PRD_138,2,106.49,0.0
ITM_763,ORD_10394,PRD_116,2,205.02,0.0
ITM_764,ORD_10394,PRD_111,1,177.48,0.2
ITM_765,ORD_10395,PRD_137,2,202.01,0.05
ITM_766,ORD_10396,PRD_109,2,47.43,0.0
ITM_767,ORD_10396,PRD_127,1,406.83,0.2
ITM_768,ORD_10396,PRD_138,2,106.49,0.05
ITM_769,ORD_10397,PRD_101,2,195.76,0.05
ITM_770,ORD_10398,PRD_130,2,319.15,0.05
ITM_771,ORD_10398,PRD_117,2,357.97,0.0
ITM_772,ORD_10398,PRD_112,1,324.51,0.0
ITM_773,ORD_10399,PRD_127,1,406.83,0.1
ITM_774,ORD_10399,PRD_129,1,348.15,0.05
ITM_775,ORD_10399,PRD_136,2,490.78,0.0
ITM_776,ORD_10400,PRD_102,2,70.94,0.0
ITM_777,ORD_10401,PRD_108,1,488.25,0.1
ITM_778,ORD_10402,PRD_102,1,70.94,0.0
ITM_779,ORD_10403,PRD_126,1,200.2,0.2
ITM_780,ORD_10403,PRD_119,2,38.34,0.0
ITM_781,ORD_10404,PRD_122,2,390.69,0.1
ITM_782,ORD_10404,PRD_111,1,177.48,0.05
ITM_783,ORD_10405,PRD_130,1,319.15,0.2
ITM_784,ORD_10405,PRD_110,1,68.9,0.1
ITM_785,ORD_10405,PRD_118,1,247.2,0.0
ITM_786,ORD_10406,PRD_126,2,200.2,0.0
ITM_787,ORD_10407,PRD_120,1,127.19,0.0
ITM_788,ORD_10407,PRD_113,1,334.87,0.2
ITM_789,ORD_10407,PRD_131,2,479.39,0.0
ITM_790,ORD_10408,PRD_118,1,247.2,0.0
ITM_791,ORD_10408,PRD_111,2,177.48,0.0
ITM_792,ORD_10409,PRD_102,2,70.94,0.0
ITM_793,ORD_10409,PRD_122,1,390.69,0.0
ITM_794,ORD_10409,PRD_134,2,91.22,0.05
ITM_795,ORD_10410,PRD_133,1,277.96,0.05
ITM_796,ORD_10410,PRD_118,2,247.2,0.0
ITM_797,ORD_10410,PRD_108,2,488.25,0.0
ITM_798,ORD_10411,PRD_126,1,200.2,0.0
ITM_799,ORD_10411,PRD_121,1,276.8,0.05
ITM_800,ORD_10412,PRD_121,1,276.8,0.2
ITM_801,ORD_10412,PRD_109,1,47.43,0.0
ITM_802,ORD_10412,PRD_107,1,140.95,0.0
ITM_803,ORD_10413,PRD_142,1,368.74,0.0
ITM_804,ORD_10414,PRD_115,2,416.58,0.05
ITM_805,ORD_10414,PRD_129,2,348.15,0.2
ITM_806,ORD_10415,PRD_116,2,205.02,0.0
ITM_807,ORD_10416,PRD_137,2,202.01,0.05
ITM_808,ORD_10416,PRD_104,2,301.61,0.1
ITM_809,ORD_10416,PRD_121,1,276.8,0.1
ITM_810,ORD_10417,PRD_150,2,32.57,0.0
ITM_811,ORD_10417,PRD_136,2,490.78,0.0
ITM_812,ORD_10418,PRD_137,2,202.01,0.0
ITM_813,ORD_10418,PRD_112,2,324.51,0.0
ITM_814,ORD_10419,PRD_133,1,277.96,0.0
ITM_815,ORD_10420,PRD_148,2,15.93,0.05
ITM_816,ORD_10421,PRD_123,1,105.96,0.2
ITM_817,ORD_10421,PRD_106,1,342.0,0.0
ITM_818,ORD_10421,PRD_117,2,357.97,0.2
ITM_819,ORD_10422,PRD_131,1,479.39,0.2
ITM_820,ORD_10423,PRD_113,1,334.87,0.05
ITM_821,ORD_10423,PRD_128,1,274.02,0.0
ITM_822,ORD_10424,PRD_120,1,127.19,0.0
ITM_823,ORD_10425,PRD_102,2,70.94,0.0
ITM_824,ORD_10425,PRD_114,1,425.06,0.0
ITM_825,ORD_10425,PRD_117,1,357.97,0.1
ITM_826,ORD_10426,PRD_108,2,488.25,0.0
ITM_827,ORD_10427,PRD_134,1,91.22,0.2
ITM_828,ORD_10427,PRD_136,2,490.78,0.0
ITM_829,ORD_10428,PRD_121,2,276.8,0.1
ITM_830,ORD_10428,PRD_114,1,425.06,0.0
ITM_831,ORD_10429,PRD_132,1,475.04,0.0
ITM_832,ORD_10430,PRD_136,1,490.78,0.2
ITM_833,ORD_10431,PRD_126,2,200.2,0.2
ITM_834,ORD_10431,PRD_149,1,194.72,0.0
ITM_835,ORD_10431,PRD_133,1,277.96,0.2
ITM_836,ORD_10432,PRD_108,1,488.25,0.05
ITM_837,ORD_10432,PRD_101,1,195.76,0.0
ITM_838,ORD_10433,PRD_128,1,274.02,0.0
ITM_839,ORD_10433,PRD_138,2,106.49,0.2
ITM_840,ORD_10433,PRD_122,1,390.69,0.0
ITM_841,ORD_10434,PRD_133,2,277.96,0.0
ITM_842,ORD_10434,PRD_115,2,416.58,0.2
ITM_843,ORD_10434,PRD_118,2,247.2,0.0
ITM_844,ORD_10435,PRD_114,1,425.06,0.2
ITM_845,ORD_10435,PRD_148,2,15.93,0.0
ITM_846,ORD_10435,PRD_148,2,15.93,0.1
ITM_847,ORD_10436,PRD_138,2,106.49,0.05
ITM_848,ORD_10437,PRD_113,2,334.87,0.0
ITM_849,ORD_10437,PRD_124,2,425.13,0.0
ITM_850,ORD_10437,PRD_107,2,140.95,0.0
ITM_851,ORD_10438,PRD_116,2,205.02,0.2
ITM_852,ORD_10439,PRD_131,2,479.39,0.0
ITM_853,ORD_10439,PRD_105,2,440.05,0.0
ITM_854,ORD_10440,PRD_146,1,234.53,0.2
ITM_855,ORD_10440,PRD_116,2,205.02,0.2
ITM_856,ORD_10441,PRD_102,2,70.94,0.0
ITM_857,ORD_10442,PRD_123,2,105.96,0.2
ITM_858,ORD_10442,PRD_112,2,324.51,0.0
ITM_859,ORD_10443,PRD_135,1,449.86,0.0
ITM_860,ORD_10443,PRD_104,1,301.61,0.0
ITM_861,ORD_10444,PRD_117,1,357.97,0.05
ITM_862,ORD_10444,PRD_103,2,370.74,0.0
ITM_863,ORD_10445,PRD_140,1,234.89,0.05
ITM_864,ORD_10445,PRD_145,1,243.68,0.05
ITM_865,ORD_10446,PRD_122,1,390.69,0.0
ITM_866,ORD_10447,PRD_101,1,195.76,0.0
ITM_867,ORD_10447,PRD_132,1,475.04,0.05
ITM_868,ORD_10448,PRD_104,2,301.61,0.1
ITM_869,ORD_10448,PRD_110,2,68.9,0.0
ITM_870,ORD_10449,PRD_141,2,490.78,0.05
ITM_871,ORD_10449,PRD_122,1,390.69,0.1
ITM_872,ORD_10449,PRD_128,1,274.02,0.0
ITM_873,ORD_10450,PRD_118,2,247.2,0.2
ITM_874,ORD_10450,PRD_117,2,357.97,0.2
ITM_875,ORD_10450,PRD_103,2,370.74,0.0
ITM_876,ORD_10451,PRD_106,1,342.0,0.05
ITM_877,ORD_10452,PRD_114,1,425.06,0.05
ITM_878,ORD_10453,PRD_114,2,425.06,0.05
ITM_879,ORD_10454,PRD_128,2,274.02,0.1
ITM_880,ORD_10455,PRD_119,1,38.34,0.0
ITM_881,ORD_10455,PRD_147,2,286.89,0.0
ITM_882,ORD_10455,PRD_120,1,127.19,0.0
ITM_883,ORD_10456,PRD_115,1,416.58,0.0
ITM_884,ORD_10456,PRD_108,1,488.25,0.0
ITM_885,ORD_10456,PRD_121,1,276.8,0.05
ITM_886,ORD_10457,PRD_142,1,368.74,0.0
ITM_887,ORD_10457,PRD_115,1,416.58,0.0
ITM_888,ORD_10458,PRD_129,2,348.15,0.0
ITM_889,ORD_10459,PRD_128,2,274.02,0.0
ITM_890,ORD_10459,PRD_144,1,483.86,0.2
ITM_891,ORD_10459,PRD_113,2,334.87,0.2
ITM_892,ORD_10460,PRD_105,1,440.05,0.0
ITM_893,ORD_10460,PRD_133,1,277.96,0.0
ITM_894,ORD_10461,PRD_132,1,475.04,0.05
ITM_895,ORD_10462,PRD_129,2,348.15,0.0
ITM_896,ORD_10462,PRD_134,1,91.22,0.0
ITM_897,ORD_10462,PRD_149,2,194.72,0.1
ITM_898,ORD_10463,PRD_141,1,490.78,0.0
ITM_899,ORD_10464,PRD_116,1,205.02,0.0
ITM_900,ORD_10464,PRD_130,1,319.15,0.0
ITM_901,ORD_10464,PRD_137,2,202.01,0.0
ITM_902,ORD_10465,PRD_145,1,243.68,0.0
ITM_903,ORD_10466,PRD_131,2,479.39,0.05
ITM_904,ORD_10466,PRD_127,1,406.83,0.0
ITM_905,ORD_10467,PRD_104,1,301.61,0.05
ITM_906,ORD_10467,PRD_117,2,357.97,0.0
ITM_907,ORD_10468,PRD_144,2,483.86,0.0
ITM_908,ORD_10468,PRD_148,1,15.93,0.0
ITM_909,ORD_10469,PRD_120,2,127.19,0.0
ITM_910,ORD_10470,PRD_147,2,286.89,0.0
ITM_911,ORD_10471,PRD_140,1,234.89,0.0
ITM_912,ORD_10471,PRD_121,2,276.8,0.1
ITM_913,ORD_10472,PRD_111,2,177.48,0.1
ITM_914,ORD_10473,PRD_121,2,276.8,0.05
ITM_915,ORD_10473,PRD_150,1,32.57,0.05
ITM_916,ORD_10474,PRD_140,1,234.89,0.1
ITM_917,ORD_10474,PRD_114,1,425.06,0.0
ITM_918,ORD_10474,PRD_140,1,234.89,0.0
ITM_919,ORD_10475,PRD_111,2,177.48,0.0
ITM_920,ORD_10475,PRD_119,2,38.34,0.0
ITM_921,ORD_10476,PRD_112,2,324.51,0.05
ITM_922,ORD_10476,PRD_102,1,70.94,0.05
ITM_923,ORD_10476,PRD_144,1,483.86,0.05
ITM_924,ORD_10477,PRD_129,1,348.15,0.05
ITM_925,ORD_10478,PRD_129,1,348.15,0.0
ITM_926,ORD_10479,PRD_142,1,368.74,0.05
ITM_927,ORD_10479,PRD_123,1,105.96,0.0
ITM_928,ORD_10480,PRD_117,2,357.97,0.05
ITM_929,ORD_10481,PRD_146,1,234.53,0.0
ITM_930,ORD_10481,PRD_140,2,234.89,0.0
ITM_931,ORD_10481,PRD_114,2,425.06,0.0
ITM_932,ORD_10482,PRD_112,2,324.51,0.0
ITM_933,ORD_10483,PRD_127,2,406.83,0.1
ITM_934,ORD_10483,PRD_130,1,319.15,0.0
ITM_935,ORD_10483,PRD_145,2,243.68,0.0
ITM_936,ORD_10484,PRD_139,1,490.76,0.05
ITM_937,ORD_10484,PRD_115,1,416.58,0.0
ITM_938,ORD_10484,PRD_115,2,416.58,0.0
ITM_939,ORD_10485,PRD_136,1,490.78,0.0
ITM_940,ORD_10486,PRD_122,2,390.69,0.0
ITM_941,ORD_10486,PRD_105,2,440.05,0.2
ITM_942,ORD_10486,PRD_108,2,488.25,0.0
ITM_943,ORD_10487,PRD_109,1,47.43,0.0
ITM_944,ORD_10488,PRD_121,2,276.8,0.0
ITM_945,ORD_10489,PRD_133,1,277.96,0.1
ITM_946,ORD_10489,PRD_144,1,483.86,0.0
ITM_947,ORD_10489,PRD_132,2,475.04,0.0
ITM_948,ORD_10490,PRD_134,1,91.22,0.0
ITM_949,ORD_10491,PRD_101,1,195.76,0.05
ITM_950,ORD_10491,PRD_150,2,32.57,0.1
ITM_951,ORD_10492,PRD_138,2,106.49,0.0
ITM_952,ORD_10493,PRD_114,2,425.06,0.0
ITM_953,ORD_10494,PRD_136,1,490.78,0.0
ITM_954,ORD_10494,PRD_130,2,319.15,0.05
ITM_955,ORD_10494,PRD_132,2,475.04,0.0
ITM_956,ORD_10495,PRD_118,1,247.2,0.05
ITM_957,ORD_10496,PRD_137,2,202.01,0.0
ITM_958,ORD_10497,PRD_107,1,140.95,0.05
ITM_959,ORD_10497,PRD_118,2,247.2,0.1
ITM_960,ORD_10498,PRD_133,2,277.96,0.0
ITM_961,ORD_10498,PRD_126,2,200.2,0.2
ITM_962,ORD_10499,PRD_138,2,106.49,0.05
ITM_963,ORD_10499,PRD_129,2,348.15,0.1
ITM_964,ORD_10499,PRD_129,1,348.15,0.0
ITM_965,ORD_10500,PRD_139,1,490.76,0.0
ITM_966,ORD_10500,PRD_149,2,194.72,0.0
ITM_967,ORD_10501,PRD_110,1,68.9,0.2
ITM_968,ORD_10502,PRD_118,1,247.2,0.0
ITM_969,ORD_10502,PRD_101,1,195.76,0.0
ITM_970,ORD_10503,PRD_135,1,449.86,0.05
ITM_971,ORD_10504,PRD_105,1,440.05,0.0
ITM_972,ORD_10505,PRD_111,2,177.48,0.0
ITM_973,ORD_10505,PRD_126,2,200.2,0.0
ITM_974,ORD_10506,PRD_140,1,234.89,0.05
ITM_975,ORD_10506,PRD_104,2,301.61,0.05
ITM_976,ORD_10507,PRD_123,2,105.96,0.2
ITM_977,ORD_10507,PRD_128,2,274.02,0.0
ITM_978,ORD_10507,PRD_149,1,194.72,0.0
ITM_979,ORD_10508,PRD_116,2,205.02,0.0
ITM_980,ORD_10509,PRD_126,2,200.2,0.0
ITM_981,ORD_10510,PRD_129,1,348.15,0.0
ITM_982,ORD_10511,PRD_150,2,32.57,0.05
ITM_983,ORD_10511,PRD_108,1,488.25,0.05
ITM_984,ORD_10512,PRD_146,1,234.53,0.05
ITM_985,ORD_10512,PRD_111,2,177.48,0.0
ITM_986,ORD_10513,PRD_115,2,416.58,0.2
ITM_987,ORD_10513,PRD_145,2,243.68,0.05
ITM_988,ORD_10513,PRD_110,2,68.9,0.05
ITM_989,ORD_10514,PRD_117,1,357.97,0.0
ITM_990,ORD_10514,PRD_142,1,368.74,0.05
ITM_991,ORD_10514,PRD_133,2,277.96,0.05
ITM_992,ORD_10515,PRD_109,2,47.43,0.0
ITM_993,ORD_10516,PRD_124,2,425.13,0.05
ITM_994,ORD_10517,PRD_117,2,357.97,0.05
ITM_995,ORD_10518,PRD_127,2,406.83,0.0
ITM_996,ORD_10518,PRD_148,1,15.93,0.1
ITM_997,ORD_10519,PRD_115,1,416.58,0.0
ITM_998,ORD_10519,PRD_139,1,490.76,0.0
ITM_999,ORD_10519,PRD_147,1,286.89,0.0
ITM_1000,ORD_10520,PRD_144,2,483.86,0.2
ITM_1001,ORD_10520,PRD_137,2,202.01,0.2
ITM_1002,ORD_10521,PRD_133,1,277.96,0.2
ITM_1003,ORD_10521,PRD_106,2,342.0,0.0
ITM_1004,ORD_10521,PRD_146,1,234.53,0.2
ITM_1005,ORD_10522,PRD_122,1,390.69,0.1
ITM_1006,ORD_10522,PRD_107,1,140.95,0.0
ITM_1007,ORD_10522,PRD_118,2,247.2,0.0
ITM_1008,ORD_10523,PRD_148,1,15.93,0.0
ITM_1009,ORD_10523,PRD_124,1,425.13,0.05
ITM_1010,ORD_10523,PRD_118,2,247.2,0.0
ITM_1011,ORD_10524,PRD_126,1,200.2,0.0
ITM_1012,ORD_10524,PRD_109,2,47.43,0.05
ITM_1013,ORD_10525,PRD_137,2,202.01,0.0
ITM_1014,ORD_10525,PRD_117,2,357.97,0.05
ITM_1015,ORD_10525,PRD_133,2,277.96,0.2
ITM_1016,ORD_10526,PRD_150,1,32.57,0.0
ITM_1017,ORD_10526,PRD_131,1,479.39,0.0
ITM_1018,ORD_10527,PRD_137,1,202.01,0.05
ITM_1019,ORD_10527,PRD_143,1,480.47,0.0
ITM_1020,ORD_10528,PRD_147,1,286.89,0.0
ITM_1021,ORD_10528,PRD_121,1,276.8,0.0
ITM_1022,ORD_10528,PRD_144,1,483.86,0.0
ITM_1023,ORD_10529,PRD_112,2,324.51,0.0
ITM_1024,ORD_10529,PRD_139,1,490.76,0.0
ITM_1025,ORD_10530,PRD_130,2,319.15,0.0
ITM_1026,ORD_10530,PRD_139,1,490.76,0.0
ITM_1027,ORD_10531,PRD_113,1,334.87,0.05
ITM_1028,ORD_10531,PRD_119,1,38.34,0.0
ITM_1029,ORD_10531,PRD_102,2,70.94,0.0
ITM_1030,ORD_10532,PRD_146,1,234.53,0.05
ITM_1031,ORD_10532,PRD_107,1,140.95,0.05
ITM_1032,ORD_10533,PRD_126,1,200.2,0.0
ITM_1033,ORD_10533,PRD_137,2,202.01,0.1
ITM_1034,ORD_10533,PRD_106,2,342.0,0.0
ITM_1035,ORD_10534,PRD_103,1,370.74,0.0
ITM_1036,ORD_10534,PRD_132,2,475.04,0.0
ITM_1037,ORD_10534,PRD_118,1,247.2,0.0
ITM_1038,ORD_10535,PRD_130,1,319.15,0.0
ITM_1039,ORD_10535,PRD_140,1,234.89,0.05
ITM_1040,ORD_10536,PRD_129,1,348.15,0.05
ITM_1041,ORD_10536,PRD_128,1,274.02,0.1
ITM_1042,ORD_10537,PRD_136,1,490.78,0.05
ITM_1043,ORD_10537,PRD_115,2,416.58,0.0
ITM_1044,ORD_10537,PRD_126,2,200.2,0.0
ITM_1045,ORD_10538,PRD_103,1,370.74,0.0
ITM_1046,ORD_10538,PRD_140,1,234.89,0.1
ITM_1047,ORD_10538,PRD_119,2,38.34,0.0
ITM_1048,ORD_10539,PRD_132,2,475.04,0.05
ITM_1049,ORD_10539,PRD_124,2,425.13,0.05
ITM_1050,ORD_10539,PRD_149,1,194.72,0.05
ITM_1051,ORD_10540,PRD_108,2,488.25,0.0
ITM_1052,ORD_10540,PRD_105,2,440.05,0.2
ITM_1053,ORD_10540,PRD_122,2,390.69,0.2
ITM_1054,ORD_10541,PRD_112,2,324.51,0.0
ITM_1055,ORD_10541,PRD_137,2,202.01,0.0
ITM_1056,ORD_10541,PRD_119,1,38.34,0.0
ITM_1057,ORD_10542,PRD_108,2,488.25,0.0
ITM_1058,ORD_10543,PRD_140,2,234.89,0.0
ITM_1059,ORD_10544,PRD_112,1,324.51,0.0
ITM_1060,ORD_10545,PRD_121,1,276.8,0.0
ITM_1061,ORD_10545,PRD_101,1,195.76,0.05
ITM_1062,ORD_10545,PRD_131,1,479.39,0.0
ITM_1063,ORD_10546,PRD_133,2,277.96,0.05
ITM_1064,ORD_10546,PRD_109,1,47.43,0.0
ITM_1065,ORD_10547,PRD_124,1,425.13,0.0
ITM_1066,ORD_10547,PRD_103,2,370.74,0.0
ITM_1067,ORD_10548,PRD_122,2,390.69,0.0
ITM_1068,ORD_10548,PRD_120,1,127.19,0.0
ITM_1069,ORD_10548,PRD_107,1,140.95,0.0
ITM_1070,ORD_10549,PRD_123,2,105.96,0.0
ITM_1071,ORD_10549,PRD_112,2,324.51,0.05
ITM_1072,ORD_10550,PRD_119,1,38.34,0.0
ITM_1073,ORD_10550,PRD_116,1,205.02,0.05
ITM_1074,ORD_10551,PRD_113,1,334.87,0.2
ITM_1075,ORD_10551,PRD_102,2,70.94,0.0
ITM_1076,ORD_10551,PRD_142,1,368.74,0.0
ITM_1077,ORD_10552,PRD_101,1,195.76,0.0
ITM_1078,ORD_10552,PRD_147,1,286.89,0.0
ITM_1079,ORD_10552,PRD_133,2,277.96,0.05
ITM_1080,ORD_10553,PRD_134,2,91.22,0.05
ITM_1081,ORD_10554,PRD_129,1,348.15,0.05
ITM_1082,ORD_10555,PRD_143,2,480.47,0.0
ITM_1083,ORD_10556,PRD_130,1,319.15,0.0
ITM_1084,ORD_10557,PRD_132,2,475.04,0.0
ITM_1085,ORD_10557,PRD_121,1,276.8,0.1
ITM_1086,ORD_10558,PRD_138,1,106.49,0.0
ITM_1087,ORD_10558,PRD_108,2,488.25,0.0
ITM_1088,ORD_10559,PRD_150,1,32.57,0.0
ITM_1089,ORD_10559,PRD_118,2,247.2,0.0
ITM_1090,ORD_10560,PRD_110,1,68.9,0.0
ITM_1091,ORD_10560,PRD_103,2,370.74,0.0
ITM_1092,ORD_10560,PRD_120,1,127.19,0.0
ITM_1093,ORD_10561,PRD_127,2,406.83,0.1
ITM_1094,ORD_10561,PRD_131,1,479.39,0.0
ITM_1095,ORD_10562,PRD_111,2,177.48,0.2
ITM_1096,ORD_10562,PRD_106,1,342.0,0.0
ITM_1097,ORD_10563,PRD_102,2,70.94,0.2
ITM_1098,ORD_10563,PRD_104,2,301.61,0.05
ITM_1099,ORD_10564,PRD_131,2,479.39,0.05
ITM_1100,ORD_10564,PRD_147,1,286.89,0.05
ITM_1101,ORD_10565,PRD_135,1,449.86,0.05
ITM_1102,ORD_10565,PRD_129,2,348.15,0.0
ITM_1103,ORD_10565,PRD_107,2,140.95,0.0
ITM_1104,ORD_10566,PRD_112,1,324.51,0.05
ITM_1105,ORD_10567,PRD_128,1,274.02,0.0
ITM_1106,ORD_10568,PRD_137,1,202.01,0.1
ITM_1107,ORD_10569,PRD_107,1,140.95,0.05
ITM_1108,ORD_10570,PRD_144,2,483.86,0.0
ITM_1109,ORD_10570,PRD_118,1,247.2,0.0
ITM_1110,ORD_10570,PRD_146,1,234.53,0.0
ITM_1111,ORD_10571,PRD_130,1,319.15,0.05
ITM_1112,ORD_10571,PRD_145,2,243.68,0.2
ITM_1113,ORD_10572,PRD_114,1,425.06,0.1
ITM_1114,ORD_10572,PRD_103,2,370.74,0.05
ITM_1115,ORD_10573,PRD_112,2,324.51,0.0
ITM_1116,ORD_10573,PRD_137,1,202.01,0.0
ITM_1117,ORD_10574,PRD_123,2,105.96,0.0
ITM_1118,ORD_10574,PRD_150,2,32.57,0.1
ITM_1119,ORD_10575,PRD_112,1,324.51,0.2
ITM_1120,ORD_10575,PRD_108,2,488.25,0.05
ITM_1121,ORD_10576,PRD_120,2,127.19,0.0
ITM_1122,ORD_10576,PRD_105,1,440.05,0.0
ITM_1123,ORD_10576,PRD_115,2,416.58,0.1
ITM_1124,ORD_10577,PRD_109,2,47.43,0.0
ITM_1125,ORD_10577,PRD_148,1,15.93,0.05
ITM_1126,ORD_10578,PRD_116,2,205.02,0.0
ITM_1127,ORD_10579,PRD_134,1,91.22,0.0
ITM_1128,ORD_10579,PRD_116,1,205.02,0.0
ITM_1129,ORD_10580,PRD_134,2,91.22,0.05
ITM_1130,ORD_10581,PRD_104,2,301.61,0.0
ITM_1131,ORD_10582,PRD_110,2,68.9,0.0
ITM_1132,ORD_10582,PRD_138,2,106.49,0.2
ITM_1133,ORD_10582,PRD_146,2,234.53,0.05
ITM_1134,ORD_10583,PRD_129,1,348.15,0.0
ITM_1135,ORD_10584,PRD_116,2,205.02,0.0
ITM_1136,ORD_10584,PRD_108,1,488.25,0.0
ITM_1137,ORD_10584,PRD_121,2,276.8,0.05
ITM_1138,ORD_10585,PRD_146,1,234.53,0.0
ITM_1139,ORD_10585,PRD_139,1,490.76,0.05
ITM_1140,ORD_10586,PRD_128,2,274.02,0.0
ITM_1141,ORD_10586,PRD_122,1,390.69,0.0
ITM_1142,ORD_10586,PRD_103,2,370.74,0.0
ITM_1143,ORD_10587,PRD_114,1,425.06,0.0
ITM_1144,ORD_10587,PRD_142,1,368.74,0.2
ITM_1145,ORD_10588,PRD_148,2,15.93,0.05
ITM_1146,ORD_10588,PRD_150,1,32.57,0.2
ITM_1147,ORD_10589,PRD_120,1,127.19,0.0
ITM_1148,ORD_10590,PRD_150,2,32.57,0.0
ITM_1149,ORD_10591,PRD_147,1,286.89,0.1
ITM_1150,ORD_10592,PRD_106,1,342.0,0.0
ITM_1151,ORD_10592,PRD_132,2,475.04,0.0
ITM_1152,ORD_10593,PRD_110,2,68.9,0.0
ITM_1153,ORD_10593,PRD_140,2,234.89,0.0
ITM_1154,ORD_10594,PRD_138,1,106.49,0.0
ITM_1155,ORD_10595,PRD_142,1,368.74,0.0
ITM_1156,ORD_10596,PRD_105,1,440.05,0.2
ITM_1157,ORD_10597,PRD_103,2,370.74,0.05
ITM_1158,ORD_10597,PRD_149,2,194.72,0.0
ITM_1159,ORD_10598,PRD_142,2,368.74,0.0
ITM_1160,ORD_10598,PRD_108,1,488.25,0.0
ITM_1161,ORD_10599,PRD_119,1,38.34,0.0
ITM_1162,ORD_10599,PRD_124,1,425.13,0.1
ITM_1163,ORD_10599,PRD_102,2,70.94,0.05
ITM_1164,ORD_10600,PRD_148,2,15.93,0.0
ITM_1165,ORD_10601,PRD_103,1,370.74,0.0
ITM_1166,ORD_10601,PRD_107,1,140.95,0.05
ITM_1167,ORD_10602,PRD_150,1,32.57,0.0
ITM_1168,ORD_10602,PRD_113,1,334.87,0.1
ITM_1169,ORD_10602,PRD_140,2,234.89,0.0
ITM_1170,ORD_10603,PRD_150,2,32.57,0.0
ITM_1171,ORD_10603,PRD_123,1,105.96,0.0
ITM_1172,ORD_10603,PRD_101,2,195.76,0.0
ITM_1173,ORD_10604,PRD_114,1,425.06,0.0
ITM_1174,ORD_10605,PRD_143,2,480.47,0.0
ITM_1175,ORD_10605,PRD_147,2,286.89,0.2
ITM_1176,ORD_10605,PRD_106,1,342.0,0.0
ITM_1177,ORD_10606,PRD_112,1,324.51,0.0
ITM_1178,ORD_10606,PRD_133,2,277.96,0.0
ITM_1179,ORD_10607,PRD_115,1,416.58,0.0
ITM_1180,ORD_10607,PRD_142,1,368.74,0.0
ITM_1181,ORD_10608,PRD_107,1,140.95,0.05
ITM_1182,ORD_10608,PRD_132,1,475.04,0.1
ITM_1183,ORD_10608,PRD_127,2,406.83,0.0
ITM_1184,ORD_10609,PRD_150,2,32.57,0.0
ITM_1185,ORD_10609,PRD_119,2,38.34,0.05
ITM_1186,ORD_10609,PRD_137,1,202.01,0.0
ITM_1187,ORD_10610,PRD_149,1,194.72,0.2
ITM_1188,ORD_10611,PRD_145,2,243.68,0.05
ITM_1189,ORD_10611,PRD_122,1,390.69,0.0
ITM_1190,ORD_10611,PRD_130,2,319.15,0.0
ITM_1191,ORD_10612,PRD_126,1,200.2,0.1
ITM_1192,ORD_10612,PRD_114,2,425.06,0.2
ITM_1193,ORD_10612,PRD_124,1,425.13,0.0
ITM_1194,ORD_10613,PRD_114,2,425.06,0.2
ITM_1195,ORD_10614,PRD_121,2,276.8,0.0
ITM_1196,ORD_10615,PRD_138,2,106.49,0.0
ITM_1197,ORD_10615,PRD_145,1,243.68,0.0
ITM_1198,ORD_10615,PRD_114,2,425.06,0.0
ITM_1199,ORD_10616,PRD_118,1,247.2,0.0
ITM_1200,ORD_10617,PRD_118,1,247.2,0.0
ITM_1201,ORD_10617,PRD_103,1,370.74,0.2
ITM_1202,ORD_10618,PRD_143,1,480.47,0.05
ITM_1203,ORD_10619,PRD_102,1,70.94,0.2
ITM_1204,ORD_10619,PRD_123,2,105.96,0.0
ITM_1205,ORD_10620,PRD_150,2,32.57,0.0
ITM_1206,ORD_10620,PRD_119,2,38.34,0.1
ITM_1207,ORD_10621,PRD_108,2,488.25,0.0
ITM_1208,ORD_10621,PRD_134,1,91.22,0.1
ITM_1209,ORD_10622,PRD_125,2,82.01,0.1
ITM_1210,ORD_10622,PRD_148,2,15.93,0.0
ITM_1211,ORD_10622,PRD_129,2,348.15,0.1
ITM_1212,ORD_10623,PRD_141,2,490.78,0.0
ITM_1213,ORD_10623,PRD_108,2,488.25,0.2
ITM_1214,ORD_10623,PRD_133,1,277.96,0.0
ITM_1215,ORD_10624,PRD_142,1,368.74,0.2
ITM_1216,ORD_10624,PRD_102,2,70.94,0.05
ITM_1217,ORD_10624,PRD_143,2,480.47,0.0
ITM_1218,ORD_10625,PRD_118,1,247.2,0.1
ITM_1219,ORD_10625,PRD_130,1,319.15,0.05
ITM_1220,ORD_10626,PRD_144,1,483.86,0.0
ITM_1221,ORD_10626,PRD_147,2,286.89,0.05
ITM_1222,ORD_10626,PRD_141,2,490.78,0.0
ITM_1223,ORD_10627,PRD_112,1,324.51,0.0
ITM_1224,ORD_10627,PRD_131,1,479.39,0.1
ITM_1225,ORD_10628,PRD_120,2,127.19,0.0
ITM_1226,ORD_10629,PRD_145,2,243.68,0.0
ITM_1227,ORD_10629,PRD_101,1,195.76,0.05
ITM_1228,ORD_10630,PRD_150,2,32.57,0.0
ITM_1229,ORD_10631,PRD_127,1,406.83,0.05
ITM_1230,ORD_10631,PRD_137,2,202.01,0.0
ITM_1231,ORD_10631,PRD_132,1,475.04,0.05
ITM_1232,ORD_10632,PRD_119,1,38.34,0.05
ITM_1233,ORD_10633,PRD_120,2,127.19,0.0
ITM_1234,ORD_10633,PRD_144,1,483.86,0.0
ITM_1235,ORD_10633,PRD_129,2,348.15,0.1
ITM_1236,ORD_10634,PRD_130,2,319.15,0.2
ITM_1237,ORD_10635,PRD_138,1,106.49,0.05
ITM_1238,ORD_10636,PRD_134,2,91.22,0.05
ITM_1239,ORD_10636,PRD_150,2,32.57,0.2
ITM_1240,ORD_10637,PRD_125,2,82.01,0.0
ITM_1241,ORD_10638,PRD_141,1,490.78,0.0
ITM_1242,ORD_10638,PRD_112,1,324.51,0.1
ITM_1243,ORD_10638,PRD_116,1,205.02,0.0
ITM_1244,ORD_10639,PRD_126,2,200.2,0.0
ITM_1245,ORD_10639,PRD_127,1,406.83,0.1
ITM_1246,ORD_10639,PRD_125,1,82.01,0.2
ITM_1247,ORD_10640,PRD_132,2,475.04,0.0
ITM_1248,ORD_10641,PRD_124,1,425.13,0.05
ITM_1249,ORD_10642,PRD_142,1,368.74,0.1
ITM_1250,ORD_10643,PRD_150,1,32.57,0.0
ITM_1251,ORD_10643,PRD_130,1,319.15,0.0
ITM_1252,ORD_10644,PRD_145,1,243.68,0.05
ITM_1253,ORD_10644,PRD_134,1,91.22,0.0
ITM_1254,ORD_10644,PRD_127,2,406.83,0.0
ITM_1255,ORD_10645,PRD_103,1,370.74,0.0
ITM_1256,ORD_10645,PRD_139,1,490.76,0.05
ITM_1257,ORD_10646,PRD_138,1,106.49,0.0
ITM_1258,ORD_10647,PRD_124,2,425.13,0.05
ITM_1259,ORD_10648,PRD_147,2,286.89,0.0
ITM_1260,ORD_10648,PRD_107,2,140.95,0.0
ITM_1261,ORD_10649,PRD_144,2,483.86,0.0
ITM_1262,ORD_10650,PRD_103,2,370.74,0.0
ITM_1263,ORD_10650,PRD_135,1,449.86,0.0
ITM_1264,ORD_10651,PRD_140,1,234.89,0.0
ITM_1265,ORD_10652,PRD_136,1,490.78,0.0
ITM_1266,ORD_10652,PRD_141,1,490.78,0.0
ITM_1267,ORD_10652,PRD_124,1,425.13,0.1
ITM_1268,ORD_10653,PRD_147,2,286.89,0.0
ITM_1269,ORD_10653,PRD_136,1,490.78,0.0
ITM_1270,ORD_10653,PRD_117,1,357.97,0.0
ITM_1271,ORD_10654,PRD_121,1,276.8,0.05
ITM_1272,ORD_10655,PRD_109,1,47.43,0.05
ITM_1273,ORD_10656,PRD_118,1,247.2,0.05
ITM_1274,ORD_10656,PRD_143,1,480.47,0.2
ITM_1275,ORD_10657,PRD_104,2,301.61,0.1
ITM_1276,ORD_10658,PRD_113,2,334.87,0.2
ITM_1277,ORD_10659,PRD_130,2,319.15,0.05
ITM_1278,ORD_10659,PRD_138,1,106.49,0.0
ITM_1279,ORD_10659,PRD_123,2,105.96,0.2
ITM_1280,ORD_10660,PRD_145,2,243.68,0.0
ITM_1281,ORD_10660,PRD_128,2,274.02,0.0
ITM_1282,ORD_10661,PRD_139,2,490.76,0.2
ITM_1283,ORD_10661,PRD_150,2,32.57,0.0
ITM_1284,ORD_10661,PRD_106,1,342.0,0.0
ITM_1285,ORD_10662,PRD_107,1,140.95,0.0
ITM_1286,ORD_10662,PRD_103,1,370.74,0.2
ITM_1287,ORD_10662,PRD_119,2,38.34,0.0
ITM_1288,ORD_10663,PRD_124,1,425.13,0.0
ITM_1289,ORD_10664,PRD_139,1,490.76,0.0
ITM_1290,ORD_10664,PRD_134,2,91.22,0.0
ITM_1291,ORD_10665,PRD_119,2,38.34,0.0
ITM_1292,ORD_10665,PRD_147,1,286.89,0.0
ITM_1293,ORD_10665,PRD_127,2,406.83,0.0
ITM_1294,ORD_10666,PRD_108,2,488.25,0.05
ITM_1295,ORD_10666,PRD_133,2,277.96,0.0
ITM_1296,ORD_10667,PRD_117,2,357.97,0.0
ITM_1297,ORD_10667,PRD_128,1,274.02,0.0
ITM_1298,ORD_10667,PRD_117,2,357.97,0.0
ITM_1299,ORD_10668,PRD_141,1,490.78,0.0
ITM_1300,ORD_10668,PRD_126,1,200.2,0.0
ITM_1301,ORD_10669,PRD_140,2,234.89,0.0
ITM_1302,ORD_10669,PRD_103,1,370.74,0.1
ITM_1303,ORD_10670,PRD_142,1,368.74,0.0
ITM_1304,ORD_10670,PRD_131,2,479.39,0.0
ITM_1305,ORD_10670,PRD_112,2,324.51,0.0
ITM_1306,ORD_10671,PRD_104,2,301.61,0.0
ITM_1307,ORD_10671,PRD_149,2,194.72,0.0
ITM_1308,ORD_10672,PRD_130,2,319.15,0.0
ITM_1309,ORD_10672,PRD_131,1,479.39,0.0
ITM_1310,ORD_10673,PRD_120,2,127.19,0.2
ITM_1311,ORD_10673,PRD_106,1,342.0,0.05
ITM_1312,ORD_10674,PRD_114,1,425.06,0.0
ITM_1313,ORD_10674,PRD_143,1,480.47,0.0
ITM_1314,ORD_10675,PRD_119,2,38.34,0.0
ITM_1315,ORD_10676,PRD_128,2,274.02,0.05
ITM_1316,ORD_10676,PRD_138,2,106.49,0.05
ITM_1317,ORD_10677,PRD_106,1,342.0,0.05
ITM_1318,ORD_10677,PRD_133,2,277.96,0.0
ITM_1319,ORD_10677,PRD_103,1,370.74,0.0
ITM_1320,ORD_10678,PRD_135,1,449.86,0.0
ITM_1321,ORD_10678,PRD_149,1,194.72,0.0
ITM_1322,ORD_10679,PRD_139,2,490.76,0.0
ITM_1323,ORD_10680,PRD_129,2,348.15,0.05
ITM_1324,ORD_10680,PRD_146,2,234.53,0.0
ITM_1325,ORD_10680,PRD_123,2,105.96,0.0
ITM_1326,ORD_10681,PRD_141,2,490.78,0.2
ITM_1327,ORD_10681,PRD_124,1,425.13,0.0
ITM_1328,ORD_10682,PRD_124,1,425.13,0.0
ITM_1329,ORD_10683,PRD_126,2,200.2,0.0
ITM_1330,ORD_10683,PRD_107,2,140.95,0.0
ITM_1331,ORD_10683,PRD_115,2,416.58,0.1
ITM_1332,ORD_10684,PRD_118,2,247.2,0.0
ITM_1333,ORD_10684,PRD_145,1,243.68,0.0
ITM_1334,ORD_10685,PRD_134,1,91.22,0.0
ITM_1335,ORD_10685,PRD_101,2,195.76,0.0
ITM_1336,ORD_10686,PRD_128,2,274.02,0.2
ITM_1337,ORD_10686,PRD_106,1,342.0,0.0
ITM_1338,ORD_10687,PRD_143,2,480.47,0.0
ITM_1339,ORD_10687,PRD_113,2,334.87,0.0
ITM_1340,ORD_10687,PRD_110,2,68.9,0.0
ITM_1341,ORD_10688,PRD_122,2,390.69,0.0
ITM_1342,ORD_10689,PRD_127,2,406.83,0.0
ITM_1343,ORD_10689,PRD_119,2,38.34,0.0
ITM_1344,ORD_10689,PRD_129,1,348.15,0.0
ITM_1345,ORD_10690,PRD_125,1,82.01,0.0
ITM_1346,ORD_10690,PRD_117,1,357.97,0.0
ITM_1347,ORD_10690,PRD_141,1,490.78,0.1
ITM_1348,ORD_10691,PRD_113,2,334.87,0.0
ITM_1349,ORD_10691,PRD_109,1,47.43,0.0
ITM_1350,ORD_10691,PRD_103,1,370.74,0.1
ITM_1351,ORD_10692,PRD_103,1,370.74,0.0
ITM_1352,ORD_10693,PRD_124,1,425.13,0.0
ITM_1353,ORD_10694,PRD_115,1,416.58,0.05
ITM_1354,ORD_10695,PRD_133,2,277.96,0.0
ITM_1355,ORD_10696,PRD_119,1,38.34,0.2
ITM_1356,ORD_10696,PRD_113,1,334.87,0.0
ITM_1357,ORD_10697,PRD_124,2,425.13,0.0
ITM_1358,ORD_10697,PRD_102,1,70.94,0.05
ITM_1359,ORD_10698,PRD_111,1,177.48,0.1
ITM_1360,ORD_10698,PRD_130,2,319.15,0.1
ITM_1361,ORD_10699,PRD_150,1,32.57,0.05
ITM_1362,ORD_10699,PRD_126,2,200.2,0.1
ITM_1363,ORD_10699,PRD_130,2,319.15,0.0
ITM_1364,ORD_10700,PRD_138,2,106.49,0.05
ITM_1365,ORD_10701,PRD_110,2,68.9,0.0
ITM_1366,ORD_10701,PRD_123,1,105.96,0.0
ITM_1367,ORD_10702,PRD_143,2,480.47,0.0
ITM_1368,ORD_10702,PRD_125,2,82.01,0.2
ITM_1369,ORD_10702,PRD_130,2,319.15,0.05
ITM_1370,ORD_10703,PRD_137,2,202.01,0.1
ITM_1371,ORD_10703,PRD_102,1,70.94,0.2
ITM_1372,ORD_10704,PRD_116,2,205.02,0.05
ITM_1373,ORD_10704,PRD_138,1,106.49,0.0
ITM_1374,ORD_10704,PRD_112,1,324.51,0.0
ITM_1375,ORD_10705,PRD_113,2,334.87,0.05
ITM_1376,ORD_10705,PRD_111,2,177.48,0.0
ITM_1377,ORD_10706,PRD_128,2,274.02,0.0
ITM_1378,ORD_10707,PRD_132,1,475.04,0.1
ITM_1379,ORD_10707,PRD_110,1,68.9,0.0
ITM_1380,ORD_10707,PRD_127,2,406.83,0.05
ITM_1381,ORD_10708,PRD_135,1,449.86,0.0
ITM_1382,ORD_10709,PRD_128,1,274.02,0.0
ITM_1383,ORD_10709,PRD_139,1,490.76,0.0
ITM_1384,ORD_10710,PRD_118,2,247.2,0.0
ITM_1385,ORD_10711,PRD_147,1,286.89,0.0
ITM_1386,ORD_10711,PRD_127,1,406.83,0.05
ITM_1387,ORD_10711,PRD_101,2,195.76,0.0
ITM_1388,ORD_10712,PRD_110,2,68.9,0.05
ITM_1389,ORD_10712,PRD_117,1,357.97,0.05
ITM_1390,ORD_10713,PRD_145,2,243.68,0.0
ITM_1391,ORD_10713,PRD_147,1,286.89,0.0
ITM_1392,ORD_10714,PRD_128,1,274.02,0.0
ITM_1393,ORD_10715,PRD_108,2,488.25,0.0
ITM_1394,ORD_10716,PRD_122,2,390.69,0.0
ITM_1395,ORD_10716,PRD_115,1,416.58,0.2
ITM_1396,ORD_10717,PRD_114,1,425.06,0.0
ITM_1397,ORD_10717,PRD_144,1,483.86,0.0
ITM_1398,ORD_10718,PRD_133,2,277.96,0.0
ITM_1399,ORD_10718,PRD_111,2,177.48,0.0
ITM_1400,ORD_10718,PRD_143,1,480.47,0.0
ITM_1401,ORD_10719,PRD_120,1,127.19,0.0
ITM_1402,ORD_10719,PRD_106,1,342.0,0.05
ITM_1403,ORD_10720,PRD_126,2,200.2,0.05
ITM_1404,ORD_10721,PRD_134,1,91.22,0.05
ITM_1405,ORD_10721,PRD_137,2,202.01,0.0
ITM_1406,ORD_10722,PRD_138,2,106.49,0.0
ITM_1407,ORD_10723,PRD_150,2,32.57,0.0
ITM_1408,ORD_10724,PRD_128,1,274.02,0.0
ITM_1409,ORD_10724,PRD_127,2,406.83,0.0
ITM_1410,ORD_10725,PRD_122,1,390.69,0.0
ITM_1411,ORD_10725,PRD_117,1,357.97,0.0
ITM_1412,ORD_10726,PRD_138,2,106.49,0.0
ITM_1413,ORD_10726,PRD_104,1,301.61,0.0
ITM_1414,ORD_10727,PRD_136,1,490.78,0.05
ITM_1415,ORD_10727,PRD_107,2,140.95,0.0
ITM_1416,ORD_10728,PRD_142,2,368.74,0.0
ITM_1417,ORD_10729,PRD_137,2,202.01,0.0
ITM_1418,ORD_10729,PRD_105,1,440.05,0.0
ITM_1419,ORD_10730,PRD_115,2,416.58,0.0
ITM_1420,ORD_10730,PRD_120,1,127.19,0.0
ITM_1421,ORD_10731,PRD_108,1,488.25,0.2
ITM_1422,ORD_10731,PRD_110,2,68.9,0.0
ITM_1423,ORD_10732,PRD_112,2,324.51,0.0
ITM_1424,ORD_10733,PRD_113,1,334.87,0.0
ITM_1425,ORD_10733,PRD_143,1,480.47,0.1
ITM_1426,ORD_10733,PRD_141,1,490.78,0.0
ITM_1427,ORD_10734,PRD_127,2,406.83,0.05
ITM_1428,ORD_10735,PRD_135,2,449.86,0.0
ITM_1429,ORD_10735,PRD_108,1,488.25,0.0
ITM_1430,ORD_10735,PRD_105,2,440.05,0.2
ITM_1431,ORD_10736,PRD_134,1,91.22,0.1
ITM_1432,ORD_10737,PRD_148,1,15.93,0.0
ITM_1433,ORD_10738,PRD_120,1,127.19,0.0
ITM_1434,ORD_10739,PRD_148,2,15.93,0.0
ITM_1435,ORD_10740,PRD_119,1,38.34,0.0
ITM_1436,ORD_10740,PRD_104,2,301.61,0.1
ITM_1437,ORD_10740,PRD_128,2,274.02,0.0
ITM_1438,ORD_10741,PRD_110,2,68.9,0.0
ITM_1439,ORD_10741,PRD_128,2,274.02,0.0
ITM_1440,ORD_10742,PRD_148,2,15.93,0.1
ITM_1441,ORD_10742,PRD_115,2,416.58,0.0
ITM_1442,ORD_10743,PRD_104,2,301.61,0.0
ITM_1443,ORD_10743,PRD_143,2,480.47,0.05
ITM_1444,ORD_10744,PRD_140,2,234.89,0.0
ITM_1445,ORD_10744,PRD_113,2,334.87,0.0
ITM_1446,ORD_10745,PRD_147,1,286.89,0.0
ITM_1447,ORD_10745,PRD_140,2,234.89,0.05
ITM_1448,ORD_10746,PRD_134,2,91.22,0.0
ITM_1449,ORD_10747,PRD_149,1,194.72,0.0
ITM_1450,ORD_10747,PRD_117,1,357.97,0.0
ITM_1451,ORD_10747,PRD_134,2,91.22,0.0
ITM_1452,ORD_10748,PRD_125,1,82.01,0.2
ITM_1453,ORD_10748,PRD_127,1,406.83,0.0
ITM_1454,ORD_10748,PRD_136,2,490.78,0.1
ITM_1455,ORD_10749,PRD_136,1,490.78,0.1
ITM_1456,ORD_10749,PRD_147,2,286.89,0.05
ITM_1457,ORD_10749,PRD_121,2,276.8,0.1
ITM_1458,ORD_10750,PRD_118,1,247.2,0.1
ITM_1459,ORD_10750,PRD_107,2,140.95,0.0
ITM_1460,ORD_10751,PRD_139,1,490.76,0.1
ITM_1461,ORD_10751,PRD_114,1,425.06,0.05
ITM_1462,ORD_10751,PRD_138,1,106.49,0.0
ITM_1463,ORD_10752,PRD_150,2,32.57,0.0
ITM_1464,ORD_10753,PRD_129,1,348.15,0.0
ITM_1465,ORD_10754,PRD_130,2,319.15,0.1
ITM_1466,ORD_10755,PRD_119,1,38.34,0.2
ITM_1467,ORD_10755,PRD_136,1,490.78,0.0
ITM_1468,ORD_10756,PRD_137,1,202.01,0.2
ITM_1469,ORD_10756,PRD_131,2,479.39,0.2
ITM_1470,ORD_10756,PRD_130,2,319.15,0.0
ITM_1471,ORD_10757,PRD_134,1,91.22,0.0
ITM_1472,ORD_10757,PRD_120,1,127.19,0.0
ITM_1473,ORD_10757,PRD_141,1,490.78,0.0
ITM_1474,ORD_10758,PRD_113,1,334.87,0.2
ITM_1475,ORD_10759,PRD_146,1,234.53,0.0
ITM_1476,ORD_10759,PRD_103,1,370.74,0.0
ITM_1477,ORD_10759,PRD_136,1,490.78,0.1
ITM_1478,ORD_10760,PRD_130,1,319.15,0.0
ITM_1479,ORD_10760,PRD_107,2,140.95,0.0
ITM_1480,ORD_10760,PRD_106,1,342.0,0.1
ITM_1481,ORD_10761,PRD_111,1,177.48,0.1
ITM_1482,ORD_10762,PRD_149,1,194.72,0.0
ITM_1483,ORD_10762,PRD_109,2,47.43,0.0
ITM_1484,ORD_10763,PRD_143,1,480.47,0.0
ITM_1485,ORD_10763,PRD_149,1,194.72,0.1
ITM_1486,ORD_10764,PRD_150,1,32.57,0.0
ITM_1487,ORD_10765,PRD_103,1,370.74,0.1
ITM_1488,ORD_10766,PRD_114,1,425.06,0.2
ITM_1489,ORD_10767,PRD_148,1,15.93,0.0
ITM_1490,ORD_10767,PRD_132,1,475.04,0.2
ITM_1491,ORD_10767,PRD_148,1,15.93,0.05
ITM_1492,ORD_10768,PRD_140,2,234.89,0.0
ITM_1493,ORD_10769,PRD_114,1,425.06,0.0
ITM_1494,ORD_10770,PRD_140,1,234.89,0.0
ITM_1495,ORD_10771,PRD_142,1,368.74,0.2
ITM_1496,ORD_10771,PRD_107,2,140.95,0.0
ITM_1497,ORD_10771,PRD_118,2,247.2,0.0
ITM_1498,ORD_10772,PRD_102,1,70.94,0.0
ITM_1499,ORD_10773,PRD_111,1,177.48,0.05
ITM_1500,ORD_10773,PRD_103,2,370.74,0.05
ITM_1501,ORD_10774,PRD_102,1,70.94,0.1
ITM_1502,ORD_10774,PRD_139,2,490.76,0.05
ITM_1503,ORD_10774,PRD_140,2,234.89,0.0
ITM_1504,ORD_10775,PRD_145,2,243.68,0.2
ITM_1505,ORD_10775,PRD_144,2,483.86,0.0
ITM_1506,ORD_10776,PRD_120,1,127.19,0.1
ITM_1507,ORD_10776,PRD_112,2,324.51,0.05
ITM_1508,ORD_10777,PRD_129,1,348.15,0.0
ITM_1509,ORD_10778,PRD_149,1,194.72,0.05
ITM_1510,ORD_10779,PRD_146,2,234.53,0.0
ITM_1511,ORD_10779,PRD_146,2,234.53,0.0
ITM_1512,ORD_10780,PRD_142,2,368.74,0.2
ITM_1513,ORD_10781,PRD_102,1,70.94,0.0
ITM_1514,ORD_10781,PRD_140,1,234.89,0.0
ITM_1515,ORD_10781,PRD_130,1,319.15,0.0
ITM_1516,ORD_10782,PRD_122,2,390.69,0.0
ITM_1517,ORD_10783,PRD_129,1,348.15,0.0
ITM_1518,ORD_10784,PRD_107,2,140.95,0.0
ITM_1519,ORD_10784,PRD_107,2,140.95,0.0
ITM_1520,ORD_10785,PRD_121,1,276.8,0.05
ITM_1521,ORD_10785,PRD_123,1,105.96,0.05
ITM_1522,ORD_10785,PRD_139,1,490.76,0.0
ITM_1523,ORD_10786,PRD_118,1,247.2,0.05
ITM_1524,ORD_10786,PRD_127,1,406.83,0.0
ITM_1525,ORD_10786,PRD_138,1,106.49,0.0
ITM_1526,ORD_10787,PRD_127,2,406.83,0.0
ITM_1527,ORD_10788,PRD_111,2,177.48,0.0
ITM_1528,ORD_10789,PRD_141,1,490.78,0.1
ITM_1529,ORD_10789,PRD_108,1,488.25,0.2
ITM_1530,ORD_10790,PRD_108,1,488.25,0.05
ITM_1531,ORD_10791,PRD_102,2,70.94,0.0
ITM_1532,ORD_10792,PRD_116,1,205.02,0.0
ITM_1533,ORD_10793,PRD_126,1,200.2,0.0
ITM_1534,ORD_10793,PRD_123,2,105.96,0.05
ITM_1535,ORD_10794,PRD_113,1,334.87,0.2
ITM_1536,ORD_10794,PRD_113,2,334.87,0.0
ITM_1537,ORD_10795,PRD_112,1,324.51,0.2
ITM_1538,ORD_10796,PRD_145,2,243.68,0.0
ITM_1539,ORD_10797,PRD_149,2,194.72,0.1
ITM_1540,ORD_10797,PRD_129,1,348.15,0.0
ITM_1541,ORD_10798,PRD_123,1,105.96,0.1
ITM_1542,ORD_10798,PRD_147,1,286.89,0.1
ITM_1543,ORD_10798,PRD_145,2,243.68,0.05
ITM_1544,ORD_10799,PRD_102,2,70.94,0.0
ITM_1545,ORD_10799,PRD_110,2,68.9,0.0
ITM_1546,ORD_10800,PRD_146,1,234.53,0.1
ITM_1547,ORD_10800,PRD_114,2,425.06,0.1
ITM_1548,ORD_10800,PRD_120,2,127.19,0.05
ITM_1549,ORD_10801,PRD_150,1,32.57,0.0
ITM_1550,ORD_10801,PRD_131,2,479.39,0.05
ITM_1551,ORD_10802,PRD_128,2,274.02,0.0
ITM_1552,ORD_10803,PRD_115,1,416.58,0.0
ITM_1553,ORD_10804,PRD_125,2,82.01,0.2
ITM_1554,ORD_10804,PRD_138,1,106.49,0.05
ITM_1555,ORD_10805,PRD_107,1,140.95,0.0
ITM_1556,ORD_10805,PRD_123,2,105.96,0.2
ITM_1557,ORD_10805,PRD_125,1,82.01,0.0
ITM_1558,ORD_10806,PRD_150,1,32.57,0.1
ITM_1559,ORD_10807,PRD_124,1,425.13,0.0
ITM_1560,ORD_10807,PRD_134,2,91.22,0.0
ITM_1561,ORD_10808,PRD_112,2,324.51,0.05
ITM_1562,ORD_10808,PRD_135,1,449.86,0.1
ITM_1563,ORD_10809,PRD_107,2,140.95,0.1
ITM_1564,ORD_10809,PRD_132,1,475.04,0.0
ITM_1565,ORD_10809,PRD_102,1,70.94,0.0
ITM_1566,ORD_10810,PRD_134,2,91.22,0.05
ITM_1567,ORD_10810,PRD_116,1,205.02,0.0
ITM_1568,ORD_10811,PRD_122,2,390.69,0.2
ITM_1569,ORD_10812,PRD_119,2,38.34,0.0
ITM_1570,ORD_10812,PRD_115,1,416.58,0.0
ITM_1571,ORD_10812,PRD_113,2,334.87,0.0
ITM_1572,ORD_10813,PRD_143,2,480.47,0.05
ITM_1573,ORD_10814,PRD_131,1,479.39,0.2
ITM_1574,ORD_10814,PRD_144,1,483.86,0.05
ITM_1575,ORD_10814,PRD_112,2,324.51,0.05
ITM_1576,ORD_10815,PRD_141,2,490.78,0.05
ITM_1577,ORD_10816,PRD_137,1,202.01,0.0
ITM_1578,ORD_10816,PRD_147,2,286.89,0.0
ITM_1579,ORD_10817,PRD_139,2,490.76,0.0
ITM_1580,ORD_10818,PRD_105,1,440.05,0.0
ITM_1581,ORD_10818,PRD_124,2,425.13,0.0
ITM_1582,ORD_10818,PRD_117,2,357.97,0.2
ITM_1583,ORD_10819,PRD_112,2,324.51,0.0
ITM_1584,ORD_10820,PRD_146,2,234.53,0.2
ITM_1585,ORD_10821,PRD_144,1,483.86,0.0
ITM_1586,ORD_10821,PRD_130,1,319.15,0.0
ITM_1587,ORD_10822,PRD_121,1,276.8,0.05
ITM_1588,ORD_10823,PRD_122,2,390.69,0.2
ITM_1589,ORD_10824,PRD_102,1,70.94,0.0
ITM_1590,ORD_10824,PRD_119,2,38.34,0.0
ITM_1591,ORD_10824,PRD_132,2,475.04,0.0
ITM_1592,ORD_10825,PRD_114,1,425.06,0.05
ITM_1593,ORD_10825,PRD_129,1,348.15,0.0
ITM_1594,ORD_10825,PRD_147,1,286.89,0.05
ITM_1595,ORD_10826,PRD_142,1,368.74,0.1
ITM_1596,ORD_10827,PRD_134,2,91.22,0.05
ITM_1597,ORD_10828,PRD_103,1,370.74,0.2
ITM_1598,ORD_10829,PRD_142,2,368.74,0.2
ITM_1599,ORD_10829,PRD_110,2,68.9,0.0
ITM_1600,ORD_10829,PRD_129,2,348.15,0.05
ITM_1601,ORD_10830,PRD_136,2,490.78,0.0
ITM_1602,ORD_10830,PRD_133,2,277.96,0.0
ITM_1603,ORD_10830,PRD_126,1,200.2,0.2
ITM_1604,ORD_10831,PRD_128,2,274.02,0.0
ITM_1605,ORD_10831,PRD_140,1,234.89,0.0
ITM_1606,ORD_10831,PRD_110,2,68.9,0.05
ITM_1607,ORD_10832,PRD_143,2,480.47,0.05
ITM_1608,ORD_10833,PRD_109,2,47.43,0.1
ITM_1609,ORD_10833,PRD_129,1,348.15,0.05
ITM_1610,ORD_10834,PRD_148,2,15.93,0.0
ITM_1611,ORD_10834,PRD_104,1,301.61,0.0
ITM_1612,ORD_10834,PRD_148,2,15.93,0.1
ITM_1613,ORD_10835,PRD_115,2,416.58,0.0
ITM_1614,ORD_10836,PRD_147,2,286.89,0.0
ITM_1615,ORD_10836,PRD_101,2,195.76,0.0
ITM_1616,ORD_10837,PRD_138,1,106.49,0.05
ITM_1617,ORD_10837,PRD_133,2,277.96,0.0
ITM_1618,ORD_10838,PRD_139,2,490.76,0.0
ITM_1619,ORD_10838,PRD_138,1,106.49,0.0
ITM_1620,ORD_10839,PRD_128,1,274.02,0.1
ITM_1621,ORD_10840,PRD_123,2,105.96,0.1
ITM_1622,ORD_10840,PRD_142,1,368.74,0.2
ITM_1623,ORD_10840,PRD_111,1,177.48,0.0
ITM_1624,ORD_10841,PRD_103,1,370.74,0.0
ITM_1625,ORD_10841,PRD_135,2,449.86,0.0
ITM_1626,ORD_10841,PRD_128,2,274.02,0.05
ITM_1627,ORD_10842,PRD_147,1,286.89,0.05
ITM_1628,ORD_10842,PRD_106,2,342.0,0.2
ITM_1629,ORD_10842,PRD_106,2,342.0,0.0
ITM_1630,ORD_10843,PRD_108,2,488.25,0.0
ITM_1631,ORD_10843,PRD_125,1,82.01,0.1
ITM_1632,ORD_10844,PRD_113,2,334.87,0.0
ITM_1633,ORD_10844,PRD_112,1,324.51,0.0
ITM_1634,ORD_10845,PRD_107,2,140.95,0.0
ITM_1635,ORD_10845,PRD_111,1,177.48,0.0
ITM_1636,ORD_10846,PRD_106,2,342.0,0.0
ITM_1637,ORD_10847,PRD_136,2,490.78,0.0
ITM_1638,ORD_10847,PRD_118,2,247.2,0.0
ITM_1639,ORD_10847,PRD_121,2,276.8,0.0
ITM_1640,ORD_10848,PRD_128,1,274.02,0.0
ITM_1641,ORD_10848,PRD_111,1,177.48,0.0
ITM_1642,ORD_10848,PRD_110,2,68.9,0.1
ITM_1643,ORD_10849,PRD_133,1,277.96,0.0
ITM_1644,ORD_10849,PRD_131,2,479.39,0.2
ITM_1645,ORD_10850,PRD_146,1,234.53,0.0
ITM_1646,ORD_10851,PRD_137,2,202.01,0.0
ITM_1647,ORD_10852,PRD_102,1,70.94,0.0
ITM_1648,ORD_10852,PRD_134,2,91.22,0.0
ITM_1649,ORD_10853,PRD_136,1,490.78,0.2
ITM_1650,ORD_10853,PRD_117,1,357.97,0.0
ITM_1651,ORD_10853,PRD_136,1,490.78,0.0
ITM_1652,ORD_10854,PRD_148,1,15.93,0.0
ITM_1653,ORD_10854,PRD_130,1,319.15,0.0
ITM_1654,ORD_10855,PRD_150,1,32.57,0.05
ITM_1655,ORD_10855,PRD_114,1,425.06,0.0
ITM_1656,ORD_10856,PRD_146,1,234.53,0.0
ITM_1657,ORD_10857,PRD_129,2,348.15,0.0
ITM_1658,ORD_10858,PRD_101,2,195.76,0.2
ITM_1659,ORD_10858,PRD_125,1,82.01,0.0
ITM_1660,ORD_10858,PRD_122,2,390.69,0.05
ITM_1661,ORD_10859,PRD_112,1,324.51,0.05
ITM_1662,ORD_10859,PRD_124,2,425.13,0.0
ITM_1663,ORD_10860,PRD_118,2,247.2,0.0
ITM_1664,ORD_10860,PRD_104,2,301.61,0.1
ITM_1665,ORD_10861,PRD_119,1,38.34,0.0
ITM_1666,ORD_10861,PRD_118,2,247.2,0.0
ITM_1667,ORD_10861,PRD_135,1,449.86,0.0
ITM_1668,ORD_10862,PRD_115,1,416.58,0.0
ITM_1669,ORD_10862,PRD_148,2,15.93,0.0
ITM_1670,ORD_10862,PRD_108,2,488.25,0.0
ITM_1671,ORD_10863,PRD_113,1,334.87,0.0
ITM_1672,ORD_10863,PRD_115,1,416.58,0.2
ITM_1673,ORD_10864,PRD_103,2,370.74,0.05
ITM_1674,ORD_10864,PRD_102,1,70.94,0.0
ITM_1675,ORD_10865,PRD_144,2,483.86,0.0
ITM_1676,ORD_10865,PRD_108,2,488.25,0.1
ITM_1677,ORD_10866,PRD_107,1,140.95,0.1
ITM_1678,ORD_10866,PRD_131,1,479.39,0.0
ITM_1679,ORD_10867,PRD_128,2,274.02,0.05
ITM_1680,ORD_10867,PRD_141,1,490.78,0.0
ITM_1681,ORD_10868,PRD_117,2,357.97,0.05
ITM_1682,ORD_10868,PRD_126,1,200.2,0.0
ITM_1683,ORD_10868,PRD_109,1,47.43,0.0
ITM_1684,ORD_10869,PRD_117,2,357.97,0.0
ITM_1685,ORD_10869,PRD_136,2,490.78,0.1
ITM_1686,ORD_10870,PRD_112,1,324.51,0.0
ITM_1687,ORD_10870,PRD_109,1,47.43,0.0
ITM_1688,ORD_10871,PRD_102,2,70.94,0.1
ITM_1689,ORD_10872,PRD_101,1,195.76,0.2
ITM_1690,ORD_10873,PRD_148,1,15.93,0.0
ITM_1691,ORD_10873,PRD_117,2,357.97,0.05
ITM_1692,ORD_10874,PRD_146,1,234.53,0.05
ITM_1693,ORD_10875,PRD_102,2,70.94,0.05
ITM_1694,ORD_10875,PRD_101,1,195.76,0.05
ITM_1695,ORD_10875,PRD_124,2,425.13,0.05
ITM_1696,ORD_10876,PRD_118,2,247.2,0.0
ITM_1697,ORD_10876,PRD_102,1,70.94,0.0
ITM_1698,ORD_10876,PRD_103,2,370.74,0.1
ITM_1699,ORD_10877,PRD_146,1,234.53,0.0
ITM_1700,ORD_10878,PRD_139,1,490.76,0.1
ITM_1701,ORD_10879,PRD_140,1,234.89,0.0
ITM_1702,ORD_10880,PRD_127,2,406.83,0.0
ITM_1703,ORD_10880,PRD_115,2,416.58,0.0
ITM_1704,ORD_10881,PRD_131,1,479.39,0.05
ITM_1705,ORD_10881,PRD_141,1,490.78,0.0
ITM_1706,ORD_10882,PRD_130,1,319.15,0.05
ITM_1707,ORD_10883,PRD_135,1,449.86,0.05
ITM_1708,ORD_10883,PRD_148,1,15.93,0.1
ITM_1709,ORD_10884,PRD_101,1,195.76,0.05
ITM_1710,ORD_10884,PRD_148,2,15.93,0.1
ITM_1711,ORD_10885,PRD_147,1,286.89,0.1
ITM_1712,ORD_10885,PRD_102,1,70.94,0.0
ITM_1713,ORD_10886,PRD_150,2,32.57,0.0
ITM_1714,ORD_10886,PRD_129,1,348.15,0.0
ITM_1715,ORD_10886,PRD_140,1,234.89,0.2
ITM_1716,ORD_10887,PRD_103,2,370.74,0.0
ITM_1717,ORD_10887,PRD_144,1,483.86,0.0
ITM_1718,ORD_10887,PRD_112,2,324.51,0.0
ITM_1719,ORD_10888,PRD_142,1,368.74,0.0
ITM_1720,ORD_10889,PRD_108,2,488.25,0.05
ITM_1721,ORD_10890,PRD_105,1,440.05,0.1
ITM_1722,ORD_10890,PRD_148,2,15.93,0.0
ITM_1723,ORD_10890,PRD_136,1,490.78,0.0
ITM_1724,ORD_10891,PRD_135,1,449.86,0.05
ITM_1725,ORD_10891,PRD_112,1,324.51,0.05
ITM_1726,ORD_10891,PRD_148,2,15.93,0.05
ITM_1727,ORD_10892,PRD_124,2,425.13,0.0
ITM_1728,ORD_10892,PRD_143,1,480.47,0.0
ITM_1729,ORD_10892,PRD_147,2,286.89,0.2
ITM_1730,ORD_10893,PRD_140,1,234.89,0.2
ITM_1731,ORD_10894,PRD_118,2,247.2,0.0
ITM_1732,ORD_10894,PRD_140,2,234.89,0.2
ITM_1733,ORD_10894,PRD_133,2,277.96,0.0
ITM_1734,ORD_10895,PRD_144,1,483.86,0.0
ITM_1735,ORD_10895,PRD_149,1,194.72,0.0
ITM_1736,ORD_10895,PRD_102,2,70.94,0.2
ITM_1737,ORD_10896,PRD_142,1,368.74,0.0
ITM_1738,ORD_10897,PRD_128,1,274.02,0.0
ITM_1739,ORD_10897,PRD_118,2,247.2,0.05
ITM_1740,ORD_10898,PRD_141,1,490.78,0.05
ITM_1741,ORD_10899,PRD_111,2,177.48,0.05
ITM_1742,ORD_10899,PRD_143,1,480.47,0.2
ITM_1743,ORD_10900,PRD_141,1,490.78,0.05
ITM_1744,ORD_10900,PRD_103,2,370.74,0.0
ITM_1745,ORD_10900,PRD_110,1,68.9,0.0
ITM_1746,ORD_10901,PRD_115,2,416.58,0.0
ITM_1747,ORD_10901,PRD_123,2,105.96,0.0
ITM_1748,ORD_10902,PRD_121,2,276.8,0.2
ITM_1749,ORD_10903,PRD_124,1,425.13,0.1
ITM_1750,ORD_10903,PRD_145,1,243.68,0.0
ITM_1751,ORD_10903,PRD_147,2,286.89,0.05
ITM_1752,ORD_10904,PRD_130,1,319.15,0.05
ITM_1753,ORD_10904,PRD_126,1,200.2,0.05
ITM_1754,ORD_10904,PRD_102,1,70.94,0.2
ITM_1755,ORD_10905,PRD_105,1,440.05,0.05
ITM_1756,ORD_10906,PRD_132,1,475.04,0.0
ITM_1757,ORD_10906,PRD_144,1,483.86,0.0
ITM_1758,ORD_10907,PRD_113,2,334.87,0.05
ITM_1759,ORD_10908,PRD_132,2,475.04,0.05
ITM_1760,ORD_10909,PRD_102,2,70.94,0.2
ITM_1761,ORD_10910,PRD_116,2,205.02,0.0
ITM_1762,ORD_10911,PRD_145,1,243.68,0.05
ITM_1763,ORD_10911,PRD_138,2,106.49,0.0
ITM_1764,ORD_10912,PRD_108,2,488.25,0.0
ITM_1765,ORD_10912,PRD_111,1,177.48,0.0
ITM_1766,ORD_10913,PRD_123,2,105.96,0.1
ITM_1767,ORD_10913,PRD_123,2,105.96,0.05
ITM_1768,ORD_10913,PRD_143,2,480.47,0.0
ITM_1769,ORD_10914,PRD_127,1,406.83,0.05
ITM_1770,ORD_10914,PRD_117,2,357.97,0.0
ITM_1771,ORD_10914,PRD_146,2,234.53,0.0
ITM_1772,ORD_10915,PRD_147,2,286.89,0.05
ITM_1773,ORD_10916,PRD_131,1,479.39,0.1
ITM_1774,ORD_10916,PRD_107,1,140.95,0.0
ITM_1775,ORD_10916,PRD_139,2,490.76,0.05
ITM_1776,ORD_10917,PRD_140,1,234.89,0.0
ITM_1777,ORD_10917,PRD_128,2,274.02,0.05
ITM_1778,ORD_10917,PRD_126,1,200.2,0.1
ITM_1779,ORD_10918,PRD_119,1,38.34,0.0
ITM_1780,ORD_10918,PRD_109,2,47.43,0.05
ITM_1781,ORD_10918,PRD_104,2,301.61,0.0
ITM_1782,ORD_10919,PRD_111,2,177.48,0.0
ITM_1783,ORD_10919,PRD_129,1,348.15,0.0
ITM_1784,ORD_10920,PRD_102,2,70.94,0.2
ITM_1785,ORD_10920,PRD_150,2,32.57,0.05
ITM_1786,ORD_10921,PRD_101,2,195.76,0.0
ITM_1787,ORD_10922,PRD_140,1,234.89,0.2
ITM_1788,ORD_10922,PRD_123,2,105.96,0.1
ITM_1789,ORD_10922,PRD_136,2,490.78,0.0
ITM_1790,ORD_10923,PRD_105,1,440.05,0.0
ITM_1791,ORD_10924,PRD_110,1,68.9,0.2
ITM_1792,ORD_10925,PRD_124,2,425.13,0.2
ITM_1793,ORD_10925,PRD_138,1,106.49,0.05
ITM_1794,ORD_10925,PRD_106,1,342.0,0.0
ITM_1795,ORD_10926,PRD_106,1,342.0,0.0
ITM_1796,ORD_10927,PRD_114,1,425.06,0.0
ITM_1797,ORD_10927,PRD_102,2,70.94,0.2
ITM_1798,ORD_10928,PRD_147,2,286.89,0.2
ITM_1799,ORD_10928,PRD_146,1,234.53,0.0
ITM_1800,ORD_10928,PRD_107,2,140.95,0.05
ITM_1801,ORD_10929,PRD_132,2,475.04,0.0
ITM_1802,ORD_10930,PRD_135,1,449.86,0.05
ITM_1803,ORD_10930,PRD_108,2,488.25,0.05
ITM_1804,ORD_10930,PRD_140,2,234.89,0.0
ITM_1805,ORD_10931,PRD_126,1,200.2,0.0
ITM_1806,ORD_10931,PRD_116,1,205.02,0.0
ITM_1807,ORD_10932,PRD_138,2,106.49,0.0
ITM_1808,ORD_10932,PRD_103,1,370.74,0.05
ITM_1809,ORD_10932,PRD_116,2,205.02,0.2
ITM_1810,ORD_10933,PRD_139,2,490.76,0.1
ITM_1811,ORD_10933,PRD_108,2,488.25,0.1
ITM_1812,ORD_10934,PRD_125,1,82.01,0.05
ITM_1813,ORD_10935,PRD_104,1,301.61,0.05
ITM_1814,ORD_10935,PRD_147,1,286.89,0.05
ITM_1815,ORD_10935,PRD_129,1,348.15,0.05
ITM_1816,ORD_10936,PRD_105,2,440.05,0.0
ITM_1817,ORD_10936,PRD_146,2,234.53,0.2
ITM_1818,ORD_10937,PRD_148,2,15.93,0.05
ITM_1819,ORD_10937,PRD_109,2,47.43,0.0
ITM_1820,ORD_10938,PRD_111,1,177.48,0.0
ITM_1821,ORD_10938,PRD_123,1,105.96,0.0
ITM_1822,ORD_10938,PRD_115,1,416.58,0.0
ITM_1823,ORD_10939,PRD_133,2,277.96,0.0
ITM_1824,ORD_10940,PRD_102,1,70.94,0.0
ITM_1825,ORD_10940,PRD_125,2,82.01,0.05
ITM_1826,ORD_10941,PRD_129,1,348.15,0.2
ITM_1827,ORD_10942,PRD_108,1,488.25,0.1
ITM_1828,ORD_10942,PRD_147,1,286.89,0.0
ITM_1829,ORD_10943,PRD_103,2,370.74,0.0
ITM_1830,ORD_10944,PRD_128,2,274.02,0.0
ITM_1831,ORD_10945,PRD_102,2,70.94,0.0
ITM_1832,ORD_10945,PRD_136,2,490.78,0.0
ITM_1833,ORD_10945,PRD_136,2,490.78,0.2
ITM_1834,ORD_10946,PRD_138,2,106.49,0.0
ITM_1835,ORD_10946,PRD_110,1,68.9,0.0
ITM_1836,ORD_10946,PRD_136,1,490.78,0.05
ITM_1837,ORD_10947,PRD_120,2,127.19,0.0
ITM_1838,ORD_10947,PRD_110,2,68.9,0.0
ITM_1839,ORD_10948,PRD_150,2,32.57,0.0
ITM_1840,ORD_10948,PRD_148,1,15.93,0.0
ITM_1841,ORD_10948,PRD_122,1,390.69,0.0
ITM_1842,ORD_10949,PRD_117,1,357.97,0.05
ITM_1843,ORD_10950,PRD_129,2,348.15,0.0
ITM_1844,ORD_10951,PRD_112,1,324.51,0.05
ITM_1845,ORD_10951,PRD_112,2,324.51,0.0
ITM_1846,ORD_10951,PRD_147,2,286.89,0.0
ITM_1847,ORD_10952,PRD_129,2,348.15,0.05
ITM_1848,ORD_10953,PRD_110,2,68.9,0.0
ITM_1849,ORD_10954,PRD_112,2,324.51,0.0
ITM_1850,ORD_10954,PRD_124,2,425.13,0.0
ITM_1851,ORD_10954,PRD_106,1,342.0,0.05
ITM_1852,ORD_10955,PRD_134,1,91.22,0.0
ITM_1853,ORD_10956,PRD_107,2,140.95,0.0
ITM_1854,ORD_10957,PRD_110,1,68.9,0.0
ITM_1855,ORD_10957,PRD_121,1,276.8,0.0
ITM_1856,ORD_10958,PRD_130,2,319.15,0.0
ITM_1857,ORD_10959,PRD_122,1,390.69,0.0
ITM_1858,ORD_10959,PRD_115,2,416.58,0.05
ITM_1859,ORD_10960,PRD_105,1,440.05,0.0
ITM_1860,ORD_10961,PRD_119,1,38.34,0.05
ITM_1861,ORD_10961,PRD_144,1,483.86,0.0
ITM_1862,ORD_10961,PRD_141,2,490.78,0.05
ITM_1863,ORD_10962,PRD_115,1,416.58,0.1
ITM_1864,ORD_10962,PRD_138,1,106.49,0.05
ITM_1865,ORD_10962,PRD_125,1,82.01,0.0
ITM_1866,ORD_10963,PRD_115,1,416.58,0.0
ITM_1867,ORD_10963,PRD_150,1,32.57,0.0
ITM_1868,ORD_10963,PRD_105,2,440.05,0.1
ITM_1869,ORD_10964,PRD_150,1,32.57,0.0
ITM_1870,ORD_10964,PRD_132,1,475.04,0.05
ITM_1871,ORD_10965,PRD_114,2,425.06,0.0
ITM_1872,ORD_10965,PRD_122,2,390.69,0.2
ITM_1873,ORD_10965,PRD_122,1,390.69,0.2
ITM_1874,ORD_10966,PRD_108,2,488.25,0.05
ITM_1875,ORD_10966,PRD_120,2,127.19,0.0
ITM_1876,ORD_10966,PRD_149,1,194.72,0.0
ITM_1877,ORD_10967,PRD_130,2,319.15,0.0
ITM_1878,ORD_10968,PRD_124,1,425.13,0.0
ITM_1879,ORD_10968,PRD_103,2,370.74,0.0
ITM_1880,ORD_10969,PRD_145,2,243.68,0.0
ITM_1881,ORD_10969,PRD_149,2,194.72,0.05
ITM_1882,ORD_10970,PRD_132,1,475.04,0.0
ITM_1883,ORD_10970,PRD_131,2,479.39,0.05
ITM_1884,ORD_10971,PRD_108,1,488.25,0.1
ITM_1885,ORD_10971,PRD_123,1,105.96,0.0
ITM_1886,ORD_10971,PRD_122,2,390.69,0.0
ITM_1887,ORD_10972,PRD_126,1,200.2,0.2
ITM_1888,ORD_10972,PRD_121,2,276.8,0.05
ITM_1889,ORD_10972,PRD_115,1,416.58,0.1
ITM_1890,ORD_10973,PRD_116,2,205.02,0.1
ITM_1891,ORD_10973,PRD_104,1,301.61,0.0
ITM_1892,ORD_10973,PRD_120,2,127.19,0.05
ITM_1893,ORD_10974,PRD_139,2,490.76,0.1
ITM_1894,ORD_10974,PRD_121,1,276.8,0.0
ITM_1895,ORD_10974,PRD_110,2,68.9,0.2
ITM_1896,ORD_10975,PRD_117,2,357.97,0.0
ITM_1897,ORD_10975,PRD_121,2,276.8,0.05
ITM_1898,ORD_10976,PRD_140,1,234.89,0.2
ITM_1899,ORD_10976,PRD_137,2,202.01,0.0
ITM_1900,ORD_10977,PRD_149,2,194.72,0.05
ITM_1901,ORD_10978,PRD_121,1,276.8,0.1
ITM_1902,ORD_10978,PRD_114,2,425.06,0.0
ITM_1903,ORD_10978,PRD_145,1,243.68,0.05
ITM_1904,ORD_10979,PRD_149,1,194.72,0.0
ITM_1905,ORD_10980,PRD_127,2,406.83,0.1
ITM_1906,ORD_10981,PRD_136,2,490.78,0.05
ITM_1907,ORD_10981,PRD_116,1,205.02,0.05
ITM_1908,ORD_10982,PRD_148,2,15.93,0.0
ITM_1909,ORD_10982,PRD_136,1,490.78,0.0
ITM_1910,ORD_10983,PRD_111,2,177.48,0.0
ITM_1911,ORD_10983,PRD_131,2,479.39,0.0
ITM_1912,ORD_10984,PRD_150,2,32.57,0.1
ITM_1913,ORD_10985,PRD_126,2,200.2,0.05
ITM_1914,ORD_10985,PRD_114,2,425.06,0.05
ITM_1915,ORD_10986,PRD_147,1,286.89,0.05
ITM_1916,ORD_10987,PRD_142,2,368.74,0.1
ITM_1917,ORD_10987,PRD_130,1,319.15,0.05
ITM_1918,ORD_10988,PRD_146,2,234.53,0.0
ITM_1919,ORD_10989,PRD_119,2,38.34,0.1
ITM_1920,ORD_10989,PRD_112,2,324.51,0.0
ITM_1921,ORD_10989,PRD_112,2,324.51,0.0
ITM_1922,ORD_10990,PRD_133,1,277.96,0.1
ITM_1923,ORD_10991,PRD_148,1,15.93,0.0
ITM_1924,ORD_10991,PRD_112,1,324.51,0.0
ITM_1925,ORD_10992,PRD_114,2,425.06,0.0
ITM_1926,ORD_10992,PRD_127,1,406.83,0.0
ITM_1927,ORD_10992,PRD_101,1,195.76,0.0
ITM_1928,ORD_10993,PRD_122,1,390.69,0.2
ITM_1929,ORD_10994,PRD_108,1,488.25,0.0
ITM_1930,ORD_10994,PRD_106,2,342.0,0.0
ITM_1931,ORD_10995,PRD_142,1,368.74,0.05
ITM_1932,ORD_10996,PRD_111,1,177.48,0.0
ITM_1933,ORD_10996,PRD_115,1,416.58,0.0
ITM_1934,ORD_10996,PRD_117,1,357.97,0.0
ITM_1935,ORD_10997,PRD_123,1,105.96,0.05
ITM_1936,ORD_10997,PRD_120,1,127.19,0.0
ITM_1937,ORD_10997,PRD_119,2,38.34,0.0
ITM_1938,ORD_10998,PRD_111,1,177.48,0.1
ITM_1939,ORD_10998,PRD_101,2,195.76,0.0
ITM_1940,ORD_10999,PRD_147,2,286.89,0.0
ITM_1941,ORD_10999,PRD_121,2,276.8,0.05
ITM_1942,ORD_10999,PRD_136,2,490.78,0.0
ITM_1943,ORD_11000,PRD_141,1,490.78,0.0
ITM_1944,ORD_11000,PRD_118,1,247.2,0.0
ITM_1945,ORD_11000,PRD_110,2,68.9,0.0
ITM_1946,ORD_11001,PRD_147,1,286.89,0.0
ITM_1947,ORD_11001,PRD_112,1,324.51,0.0
ITM_1948,ORD_11001,PRD_136,1,490.78,0.0
ITM_1949,ORD_11002,PRD_105,2,440.05,0.0
ITM_1950,ORD_11002,PRD_117,2,357.97,0.05
ITM_1951,ORD_11002,PRD_132,1,475.04,0.0
ITM_1952,ORD_11003,PRD_101,1,195.76,0.0
ITM_1953,ORD_11003,PRD_103,2,370.74,0.0
ITM_1954,ORD_11004,PRD_110,2,68.9,0.05
ITM_1955,ORD_11004,PRD_111,2,177.48,0.0
ITM_1956,ORD_11005,PRD_133,2,277.96,0.2
ITM_1957,ORD_11005,PRD_121,1,276.8,0.05
ITM_1958,ORD_11006,PRD_137,1,202.01,0.0
ITM_1959,ORD_11006,PRD_102,1,70.94,0.0
ITM_1960,ORD_11006,PRD_112,1,324.51,0.2
ITM_1961,ORD_11007,PRD_143,1,480.47,0.05
ITM_1962,ORD_11008,PRD_105,1,440.05,0.1
ITM_1963,ORD_11008,PRD_118,1,247.2,0.05
ITM_1964,ORD_11008,PRD_117,2,357.97,0.0
ITM_1965,ORD_11009,PRD_136,2,490.78,0.1
ITM_1966,ORD_11009,PRD_124,1,425.13,0.2
ITM_1967,ORD_11009,PRD_137,1,202.01,0.0
ITM_1968,ORD_11010,PRD_116,2,205.02,0.0
ITM_1969,ORD_11010,PRD_115,2,416.58,0.0
ITM_1970,ORD_11011,PRD_103,1,370.74,0.0
ITM_1971,ORD_11011,PRD_145,2,243.68,0.2
ITM_1972,ORD_11012,PRD_150,2,32.57,0.0
ITM_1973,ORD_11013,PRD_107,2,140.95,0.0
ITM_1974,ORD_11013,PRD_130,1,319.15,0.0
ITM_1975,ORD_11014,PRD_117,1,357.97,0.0
ITM_1976,ORD_11015,PRD_104,2,301.61,0.0
ITM_1977,ORD_11015,PRD_102,1,70.94,0.05
ITM_1978,ORD_11015,PRD_121,2,276.8,0.1
ITM_1979,ORD_11016,PRD_124,1,425.13,0.0
ITM_1980,ORD_11016,PRD_132,2,475.04,0.0
ITM_1981,ORD_11016,PRD_111,2,177.48,0.05
ITM_1982,ORD_11017,PRD_126,2,200.2,0.0
ITM_1983,ORD_11017,PRD_118,1,247.2,0.05
ITM_1984,ORD_11018,PRD_141,1,490.78,0.05
ITM_1985,ORD_11018,PRD_145,1,243.68,0.0
ITM_1986,ORD_11018,PRD_125,2,82.01,0.0
ITM_1987,ORD_11019,PRD_146,2,234.53,0.0
ITM_1988,ORD_11019,PRD_146,1,234.53,0.0
ITM_1989,ORD_11019,PRD_105,2,440.05,0.1
ITM_1990,ORD_11020,PRD_116,2,205.02,0.05
ITM_1991,ORD_11021,PRD_135,1,449.86,0.0
ITM_1992,ORD_11021,PRD_135,2,449.86,0.0
ITM_1993,ORD_11021,PRD_111,1,177.48,0.2
ITM_1994,ORD_11022,PRD_144,2,483.86,0.05
ITM_1995,ORD_11023,PRD_150,1,32.57,0.05
ITM_1996,ORD_11023,PRD_141,2,490.78,0.2
ITM_1997,ORD_11023,PRD_113,2,334.87,0.05
ITM_1998,ORD_11024,PRD_132,1,475.04,0.2
ITM_1999,ORD_11025,PRD_145,1,243.68,0.0
ITM_2000,ORD_11026,PRD_122,1,390.69,0.05
ITM_2001,ORD_11027,PRD_119,2,38.34,0.0
ITM_2002,ORD_11028,PRD_129,1,348.15,0.0
ITM_2003,ORD_11028,PRD_143,2,480.47,0.1
ITM_2004,ORD_11028,PRD_123,1,105.96,0.0
ITM_2005,ORD_11029,PRD_145,1,243.68,0.0
ITM_2006,ORD_11029,PRD_132,1,475.04,0.2
ITM_2007,ORD_11029,PRD_117,2,357.97,0.0
ITM_2008,ORD_11030,PRD_143,2,480.47,0.0
ITM_2009,ORD_11030,PRD_131,2,479.39,0.0
ITM_2010,ORD_11030,PRD_127,2,406.83,0.0
ITM_2011,ORD_11031,PRD_121,2,276.8,0.2
ITM_2012,ORD_11032,PRD_111,1,177.48,0.05
ITM_2013,ORD_11032,PRD_139,2,490.76,0.0
ITM_2014,ORD_11032,PRD_108,2,488.25,0.05
ITM_2015,ORD_11033,PRD_143,1,480.47,0.0
ITM_2016,ORD_11034,PRD_122,2,390.69,0.05
ITM_2017,ORD_11035,PRD_119,1,38.34,0.2
ITM_2018,ORD_11035,PRD_145,2,243.68,0.0
ITM_2019,ORD_11035,PRD_117,2,357.97,0.0
ITM_2020,ORD_11036,PRD_142,2,368.74,0.0
ITM_2021,ORD_11036,PRD_121,1,276.8,0.0
ITM_2022,ORD_11037,PRD_130,1,319.15,0.05
ITM_2023,ORD_11037,PRD_102,1,70.94,0.2
ITM_2024,ORD_11037,PRD_112,2,324.51,0.2
ITM_2025,ORD_11038,PRD_102,2,70.94,0.0
ITM_2026,ORD_11039,PRD_146,2,234.53,0.0
ITM_2027,ORD_11039,PRD_131,1,479.39,0.0
ITM_2028,ORD_11039,PRD_138,1,106.49,0.2
ITM_2029,ORD_11040,PRD_145,2,243.68,0.1
ITM_2030,ORD_11040,PRD_148,2,15.93,0.0
ITM_2031,ORD_11041,PRD_128,1,274.02,0.05
ITM_2032,ORD_11041,PRD_115,1,416.58,0.1
ITM_2033,ORD_11042,PRD_111,1,177.48,0.0
ITM_2034,ORD_11042,PRD_144,1,483.86,0.05
ITM_2035,ORD_11042,PRD_111,1,177.48,0.05
ITM_2036,ORD_11043,PRD_147,2,286.89,0.2
ITM_2037,ORD_11043,PRD_106,1,342.0,0.0
ITM_2038,ORD_11043,PRD_138,2,106.49,0.05
ITM_2039,ORD_11044,PRD_145,2,243.68,0.0
ITM_2040,ORD_11044,PRD_104,1,301.61,0.2
ITM_2041,ORD_11045,PRD_143,1,480.47,0.0
ITM_2042,ORD_11046,PRD_104,2,301.61,0.0
ITM_2043,ORD_11046,PRD_104,1,301.61,0.2
ITM_2044,ORD_11046,PRD_119,1,38.34,0.1
ITM_2045,ORD_11047,PRD_122,1,390.69,0.05
ITM_2046,ORD_11047,PRD_144,1,483.86,0.0
ITM_2047,ORD_11048,PRD_115,1,416.58,0.1
ITM_2048,ORD_11048,PRD_146,2,234.53,0.0
ITM_2049,ORD_11049,PRD_121,1,276.8,0.0
ITM_2050,ORD_11049,PRD_130,1,319.15,0.0
ITM_2051,ORD_11050,PRD_138,2,106.49,0.05
ITM_2052,ORD_11051,PRD_142,1,368.74,0.0
ITM_2053,ORD_11052,PRD_117,1,357.97,0.05
ITM_2054,ORD_11053,PRD_122,2,390.69,0.0
ITM_2055,ORD_11053,PRD_111,1,177.48,0.05
ITM_2056,ORD_11054,PRD_127,1,406.83,0.2
ITM_2057,ORD_11055,PRD_110,1,68.9,0.0
ITM_2058,ORD_11055,PRD_109,1,47.43,0.0
ITM_2059,ORD_11055,PRD_109,1,47.43,0.0
ITM_2060,ORD_11056,PRD_107,1,140.95,0.05
ITM_2061,ORD_11056,PRD_137,1,202.01,0.05
ITM_2062,ORD_11057,PRD_144,1,483.86,0.0
ITM_2063,ORD_11058,PRD_113,1,334.87,0.0
ITM_2064,ORD_11058,PRD_131,1,479.39,0.0
ITM_2065,ORD_11058,PRD_105,2,440.05,0.0
ITM_2066,ORD_11059,PRD_132,2,475.04,0.1
ITM_2067,ORD_11059,PRD_130,2,319.15,0.2
ITM_2068,ORD_11060,PRD_125,2,82.01,0.0
ITM_2069,ORD_11060,PRD_132,1,475.04,0.05
ITM_2070,ORD_11061,PRD_115,1,416.58,0.05
ITM_2071,ORD_11062,PRD_128,1,274.02,0.0
ITM_2072,ORD_11062,PRD_117,1,357.97,0.0
ITM_2073,ORD_11062,PRD_144,2,483.86,0.0
ITM_2074,ORD_11063,PRD_120,2,127.19,0.0
ITM_2075,ORD_11064,PRD_141,1,490.78,0.0
ITM_2076,ORD_11064,PRD_116,1,205.02,0.0
ITM_2077,ORD_11065,PRD_126,2,200.2,0.0
ITM_2078,ORD_11065,PRD_109,1,47.43,0.2
ITM_2079,ORD_11065,PRD_148,2,15.93,0.0
ITM_2080,ORD_11066,PRD_117,1,357.97,0.1
ITM_2081,ORD_11067,PRD_112,1,324.51,0.0
ITM_2082,ORD_11067,PRD_101,1,195.76,0.2
ITM_2083,ORD_11068,PRD_122,1,390.69,0.05
ITM_2084,ORD_11068,PRD_134,1,91.22,0.2
ITM_2085,ORD_11068,PRD_150,1,32.57,0.0
ITM_2086,ORD_11069,PRD_109,2,47.43,0.05
ITM_2087,ORD_11069,PRD_121,1,276.8,0.05
ITM_2088,ORD_11070,PRD_139,1,490.76,0.0
ITM_2089,ORD_11070,PRD_109,2,47.43,0.0
ITM_2090,ORD_11071,PRD_124,1,425.13,0.0
ITM_2091,ORD_11071,PRD_136,1,490.78,0.0
ITM_2092,ORD_11072,PRD_110,1,68.9,0.2
ITM_2093,ORD_11073,PRD_118,2,247.2,0.05
ITM_2094,ORD_11073,PRD_137,1,202.01,0.05
ITM_2095,ORD_11074,PRD_117,1,357.97,0.2
ITM_2096,ORD_11074,PRD_108,1,488.25,0.0
ITM_2097,ORD_11074,PRD_131,2,479.39,0.2
ITM_2098,ORD_11075,PRD_141,2,490.78,0.1
ITM_2099,ORD_11076,PRD_105,1,440.05,0.05
ITM_2100,ORD_11077,PRD_134,1,91.22,0.1
ITM_2101,ORD_11077,PRD_106,2,342.0,0.0
ITM_2102,ORD_11077,PRD_125,2,82.01,0.0
ITM_2103,ORD_11078,PRD_114,1,425.06,0.0
ITM_2104,ORD_11079,PRD_128,1,274.02,0.05
ITM_2105,ORD_11080,PRD_106,1,342.0,0.05
ITM_2106,ORD_11081,PRD_103,2,370.74,0.2
ITM_2107,ORD_11081,PRD_145,1,243.68,0.0
ITM_2108,ORD_11081,PRD_147,2,286.89,0.0
ITM_2109,ORD_11082,PRD_106,1,342.0,0.0
ITM_2110,ORD_11082,PRD_119,1,38.34,0.0
ITM_2111,ORD_11082,PRD_144,1,483.86,0.05
ITM_2112,ORD_11083,PRD_112,1,324.51,0.0
ITM_2113,ORD_11084,PRD_113,2,334.87,0.0
ITM_2114,ORD_11084,PRD_132,1,475.04,0.1
ITM_2115,ORD_11085,PRD_146,1,234.53,0.0
ITM_2116,ORD_11086,PRD_119,2,38.34,0.05
ITM_2117,ORD_11086,PRD_139,1,490.76,0.05
ITM_2118,ORD_11086,PRD_114,1,425.06,0.05
ITM_2119,ORD_11087,PRD_103,1,370.74,0.05
ITM_2120,ORD_11087,PRD_115,1,416.58,0.0
ITM_2121,ORD_11088,PRD_138,2,106.49,0.05
ITM_2122,ORD_11089,PRD_142,1,368.74,0.0
ITM_2123,ORD_11089,PRD_104,1,301.61,0.05
ITM_2124,ORD_11090,PRD_148,1,15.93,0.0
ITM_2125,ORD_11090,PRD_144,2,483.86,0.0
ITM_2126,ORD_11091,PRD_135,1,449.86,0.0
ITM_2127,ORD_11091,PRD_105,2,440.05,0.05
ITM_2128,ORD_11092,PRD_139,1,490.76,0.0
ITM_2129,ORD_11092,PRD_117,1,357.97,0.0
ITM_2130,ORD_11092,PRD_109,2,47.43,0.2
ITM_2131,ORD_11093,PRD_132,1,475.04,0.0
ITM_2132,ORD_11094,PRD_109,1,47.43,0.1
ITM_2133,ORD_11095,PRD_124,2,425.13,0.0
ITM_2134,ORD_11096,PRD_144,2,483.86,0.0
ITM_2135,ORD_11096,PRD_130,1,319.15,0.0
ITM_2136,ORD_11097,PRD_147,2,286.89,0.2
ITM_2137,ORD_11098,PRD_129,1,348.15,0.0
ITM_2138,ORD_11098,PRD_143,1,480.47,0.1
ITM_2139,ORD_11099,PRD_125,1,82.01,0.0
ITM_2140,ORD_11099,PRD_110,1,68.9,0.0
ITM_2141,ORD_11100,PRD_111,1,177.48,0.0
ITM_2142,ORD_11100,PRD_101,1,195.76,0.0
ITM_2143,ORD_11101,PRD_144,2,483.86,0.0
ITM_2144,ORD_11102,PRD_129,2,348.15,0.0
ITM_2145,ORD_11103,PRD_144,1,483.86,0.0
ITM_2146,ORD_11103,PRD_116,2,205.02,0.0
ITM_2147,ORD_11104,PRD_127,2,406.83,0.0
ITM_2148,ORD_11105,PRD_101,2,195.76,0.0
ITM_2149,ORD_11105,PRD_140,2,234.89,0.0
ITM_2150,ORD_11106,PRD_139,2,490.76,0.1
ITM_2151,ORD_11107,PRD_147,2,286.89,0.05
ITM_2152,ORD_11108,PRD_144,2,483.86,0.0
ITM_2153,ORD_11108,PRD_147,2,286.89,0.05
ITM_2154,ORD_11109,PRD_131,2,479.39,0.0
ITM_2155,ORD_11109,PRD_117,2,357.97,0.0
ITM_2156,ORD_11110,PRD_147,2,286.89,0.0
ITM_2157,ORD_11110,PRD_130,1,319.15,0.2
ITM_2158,ORD_11110,PRD_136,2,490.78,0.2
ITM_2159,ORD_11111,PRD_112,1,324.51,0.05
ITM_2160,ORD_11112,PRD_116,2,205.02,0.1
ITM_2161,ORD_11113,PRD_138,2,106.49,0.0
ITM_2162,ORD_11114,PRD_146,1,234.53,0.0
ITM_2163,ORD_11115,PRD_141,2,490.78,0.0
ITM_2164,ORD_11116,PRD_139,2,490.76,0.0
ITM_2165,ORD_11117,PRD_117,1,357.97,0.0
ITM_2166,ORD_11117,PRD_107,1,140.95,0.0
ITM_2167,ORD_11118,PRD_114,1,425.06,0.0
ITM_2168,ORD_11118,PRD_131,2,479.39,0.05
ITM_2169,ORD_11118,PRD_109,2,47.43,0.05
ITM_2170,ORD_11119,PRD_142,2,368.74,0.1
ITM_2171,ORD_11119,PRD_110,2,68.9,0.0
ITM_2172,ORD_11119,PRD_102,2,70.94,0.0
ITM_2173,ORD_11120,PRD_118,2,247.2,0.0
ITM_2174,ORD_11121,PRD_146,2,234.53,0.1
ITM_2175,ORD_11121,PRD_122,1,390.69,0.0
ITM_2176,ORD_11121,PRD_131,2,479.39,0.1
ITM_2177,ORD_11122,PRD_150,2,32.57,0.05
ITM_2178,ORD_11122,PRD_116,2,205.02,0.05
ITM_2179,ORD_11123,PRD_109,2,47.43,0.05
ITM_2180,ORD_11123,PRD_110,1,68.9,0.05
ITM_2181,ORD_11124,PRD_102,2,70.94,0.1
ITM_2182,ORD_11124,PRD_129,1,348.15,0.0
ITM_2183,ORD_11125,PRD_102,2,70.94,0.0
ITM_2184,ORD_11126,PRD_123,1,105.96,0.2
ITM_2185,ORD_11126,PRD_105,1,440.05,0.0
ITM_2186,ORD_11126,PRD_123,1,105.96,0.2
ITM_2187,ORD_11127,PRD_110,2,68.9,0.0
ITM_2188,ORD_11127,PRD_143,1,480.47,0.0
ITM_2189,ORD_11128,PRD_113,2,334.87,0.0
ITM_2190,ORD_11128,PRD_140,1,234.89,0.0
ITM_2191,ORD_11129,PRD_104,2,301.61,0.05
ITM_2192,ORD_11130,PRD_112,1,324.51,0.0
ITM_2193,ORD_11130,PRD_132,1,475.04,0.0
ITM_2194,ORD_11130,PRD_122,2,390.69,0.2
ITM_2195,ORD_11131,PRD_148,1,15.93,0.05
ITM_2196,ORD_11132,PRD_125,2,82.01,0.2
ITM_2197,ORD_11132,PRD_102,2,70.94,0.0
ITM_2198,ORD_11133,PRD_117,1,357.97,0.1
ITM_2199,ORD_11133,PRD_126,2,200.2,0.0
ITM_2200,ORD_11133,PRD_138,1,106.49,0.0
ITM_2201,ORD_11134,PRD_139,2,490.76,0.0
ITM_2202,ORD_11135,PRD_113,2,334.87,0.05
ITM_2203,ORD_11136,PRD_117,2,357.97,0.1
ITM_2204,ORD_11136,PRD_148,1,15.93,0.0
ITM_2205,ORD_11137,PRD_117,2,357.97,0.0
ITM_2206,ORD_11137,PRD_110,1,68.9,0.05
ITM_2207,ORD_11137,PRD_119,1,38.34,0.0
ITM_2208,ORD_11138,PRD_142,1,368.74,0.05
ITM_2209,ORD_11138,PRD_120,1,127.19,0.0
ITM_2210,ORD_11138,PRD_110,2,68.9,0.0
ITM_2211,ORD_11139,PRD_116,2,205.02,0.0
ITM_2212,ORD_11139,PRD_137,2,202.01,0.0
ITM_2213,ORD_11139,PRD_105,2,440.05,0.05
ITM_2214,ORD_11140,PRD_134,1,91.22,0.0
ITM_2215,ORD_11140,PRD_125,1,82.01,0.0
ITM_2216,ORD_11140,PRD_124,2,425.13,0.0
ITM_2217,ORD_11141,PRD_110,1,68.9,0.0
ITM_2218,ORD_11141,PRD_102,2,70.94,0.0
ITM_2219,ORD_11141,PRD_128,2,274.02,0.1
ITM_2220,ORD_11142,PRD_113,1,334.87,0.05
ITM_2221,ORD_11142,PRD_116,2,205.02,0.0
ITM_2222,ORD_11142,PRD_133,1,277.96,0.05
ITM_2223,ORD_11143,PRD_135,1,449.86,0.0
ITM_2224,ORD_11143,PRD_106,1,342.0,0.0
ITM_2225,ORD_11144,PRD_150,1,32.57,0.05
ITM_2226,ORD_11144,PRD_145,1,243.68,0.0
ITM_2227,ORD_11145,PRD_141,2,490.78,0.2
ITM_2228,ORD_11145,PRD_124,2,425.13,0.05
ITM_2229,ORD_11146,PRD_139,1,490.76,0.1
ITM_2230,ORD_11147,PRD_130,2,319.15,0.2
ITM_2231,ORD_11148,PRD_130,2,319.15,0.0
ITM_2232,ORD_11149,PRD_138,2,106.49,0.1
ITM_2233,ORD_11149,PRD_135,1,449.86,0.05
ITM_2234,ORD_11149,PRD_140,1,234.89,0.1
ITM_2235,ORD_11150,PRD_128,1,274.02,0.2
ITM_2236,ORD_11150,PRD_139,1,490.76,0.2
ITM_2237,ORD_11150,PRD_149,2,194.72,0.2
ITM_2238,ORD_11151,PRD_122,2,390.69,0.0
ITM_2239,ORD_11151,PRD_118,1,247.2,0.0
ITM_2240,ORD_11151,PRD_139,2,490.76,0.0
ITM_2241,ORD_11152,PRD_121,1,276.8,0.2
ITM_2242,ORD_11153,PRD_119,2,38.34,0.2
ITM_2243,ORD_11154,PRD_106,2,342.0,0.0
ITM_2244,ORD_11155,PRD_119,2,38.34,0.05
ITM_2245,ORD_11156,PRD_144,2,483.86,0.0
ITM_2246,ORD_11156,PRD_146,2,234.53,0.2
ITM_2247,ORD_11156,PRD_108,2,488.25,0.0
ITM_2248,ORD_11157,PRD_103,1,370.74,0.0
ITM_2249,ORD_11157,PRD_105,2,440.05,0.0
ITM_2250,ORD_11157,PRD_132,1,475.04,0.0
ITM_2251,ORD_11158,PRD_108,2,488.25,0.0
ITM_2252,ORD_11159,PRD_119,1,38.34,0.1
ITM_2253,ORD_11160,PRD_126,2,200.2,0.1
ITM_2254,ORD_11160,PRD_149,1,194.72,0.05
ITM_2255,ORD_11160,PRD_126,2,200.2,0.05
ITM_2256,ORD_11161,PRD_124,1,425.13,0.0
ITM_2257,ORD_11161,PRD_106,2,342.0,0.0
ITM_2258,ORD_11161,PRD_131,2,479.39,0.0
ITM_2259,ORD_11162,PRD_119,2,38.34,0.0
ITM_2260,ORD_11163,PRD_112,2,324.51,0.0
ITM_2261,ORD_11164,PRD_140,2,234.89,0.0
ITM_2262,ORD_11165,PRD_119,2,38.34,0.2
ITM_2263,ORD_11165,PRD_101,1,195.76,0.0
ITM_2264,ORD_11166,PRD_103,1,370.74,0.0
ITM_2265,ORD_11166,PRD_113,2,334.87,0.05
ITM_2266,ORD_11167,PRD_101,2,195.76,0.0
ITM_2267,ORD_11168,PRD_119,1,38.34,0.0
ITM_2268,ORD_11168,PRD_112,2,324.51,0.05
ITM_2269,ORD_11169,PRD_140,1,234.89,0.05
ITM_2270,ORD_11170,PRD_109,1,47.43,0.2
ITM_2271,ORD_11171,PRD_122,1,390.69,0.0
ITM_2272,ORD_11172,PRD_126,2,200.2,0.0
ITM_2273,ORD_11172,PRD_112,2,324.51,0.0
ITM_2274,ORD_11172,PRD_117,1,357.97,0.05
ITM_2275,ORD_11173,PRD_119,2,38.34,0.0
ITM_2276,ORD_11174,PRD_146,1,234.53,0.05
ITM_2277,ORD_11175,PRD_123,2,105.96,0.2
ITM_2278,ORD_11175,PRD_119,1,38.34,0.0
ITM_2279,ORD_11175,PRD_108,1,488.25,0.0
ITM_2280,ORD_11176,PRD_140,1,234.89,0.0
ITM_2281,ORD_11176,PRD_117,1,357.97,0.0
ITM_2282,ORD_11177,PRD_139,1,490.76,0.0
ITM_2283,ORD_11178,PRD_111,2,177.48,0.0
ITM_2284,ORD_11178,PRD_120,1,127.19,0.05
ITM_2285,ORD_11179,PRD_129,1,348.15,0.05
ITM_2286,ORD_11179,PRD_132,1,475.04,0.0
ITM_2287,ORD_11180,PRD_127,1,406.83,0.05
ITM_2288,ORD_11180,PRD_138,2,106.49,0.0
ITM_2289,ORD_11180,PRD_113,1,334.87,0.0
ITM_2290,ORD_11181,PRD_124,2,425.13,0.05
ITM_2291,ORD_11182,PRD_105,2,440.05,0.0
ITM_2292,ORD_11183,PRD_114,1,425.06,0.0
ITM_2293,ORD_11183,PRD_127,2,406.83,0.0
ITM_2294,ORD_11184,PRD_137,1,202.01,0.05
ITM_2295,ORD_11185,PRD_147,2,286.89,0.0
ITM_2296,ORD_11185,PRD_104,2,301.61,0.0
ITM_2297,ORD_11186,PRD_110,2,68.9,0.0
ITM_2298,ORD_11187,PRD_126,2,200.2,0.0
ITM_2299,ORD_11187,PRD_110,1,68.9,0.0
ITM_2300,ORD_11187,PRD_111,1,177.48,0.0
ITM_2301,ORD_11188,PRD_120,1,127.19,0.05
ITM_2302,ORD_11188,PRD_134,2,91.22,0.0
ITM_2303,ORD_11188,PRD_138,1,106.49,0.2
ITM_2304,ORD_11189,PRD_139,2,490.76,0.05
ITM_2305,ORD_11190,PRD_111,2,177.48,0.0
ITM_2306,ORD_11190,PRD_130,1,319.15,0.05
ITM_2307,ORD_11190,PRD_140,2,234.89,0.0
ITM_2308,ORD_11191,PRD_119,2,38.34,0.0
ITM_2309,ORD_11192,PRD_111,2,177.48,0.05
ITM_2310,ORD_11193,PRD_146,2,234.53,0.0
ITM_2311,ORD_11193,PRD_138,2,106.49,0.0
ITM_2312,ORD_11194,PRD_112,2,324.51,0.0
ITM_2313,ORD_11195,PRD_114,1,425.06,0.1
ITM_2314,ORD_11195,PRD_135,1,449.86,0.2
ITM_2315,ORD_11196,PRD_105,2,440.05,0.05
ITM_2316,ORD_11197,PRD_123,2,105.96,0.0
ITM_2317,ORD_11197,PRD_136,1,490.78,0.0
ITM_2318,ORD_11198,PRD_146,2,234.53,0.0
ITM_2319,ORD_11198,PRD_122,1,390.69,0.0
ITM_2320,ORD_11198,PRD_129,2,348.15,0.05
ITM_2321,ORD_11199,PRD_105,2,440.05,0.1
ITM_2322,ORD_11199,PRD_131,2,479.39,0.0
ITM_2323,ORD_11199,PRD_117,2,357.97,0.0
ITM_2324,ORD_11200,PRD_139,2,490.76,0.0
ITM_2325,ORD_11201,PRD_136,2,490.78,0.0
ITM_2326,ORD_11201,PRD_110,1,68.9,0.0
ITM_2327,ORD_11201,PRD_134,2,91.22,0.1
ITM_2328,ORD_11202,PRD_138,1,106.49,0.05
ITM_2329,ORD_11203,PRD_148,1,15.93,0.0
ITM_2330,ORD_11203,PRD_150,1,32.57,0.0
ITM_2331,ORD_11204,PRD_105,2,440.05,0.0
ITM_2332,ORD_11204,PRD_128,1,274.02,0.0
ITM_2333,ORD_11204,PRD_133,1,277.96,0.2
ITM_2334,ORD_11205,PRD_143,1,480.47,0.0
ITM_2335,ORD_11206,PRD_102,2,70.94,0.05
ITM_2336,ORD_11206,PRD_111,1,177.48,0.0
ITM_2337,ORD_11206,PRD_120,2,127.19,0.0
ITM_2338,ORD_11207,PRD_137,1,202.01,0.0
ITM_2339,ORD_11208,PRD_115,1,416.58,0.05
ITM_2340,ORD_11208,PRD_132,1,475.04,0.2
ITM_2341,ORD_11209,PRD_134,2,91.22,0.0
ITM_2342,ORD_11210,PRD_110,1,68.9,0.0
ITM_2343,ORD_11210,PRD_142,2,368.74,0.0
ITM_2344,ORD_11210,PRD_127,2,406.83,0.05
ITM_2345,ORD_11211,PRD_105,1,440.05,0.0
ITM_2346,ORD_11211,PRD_112,1,324.51,0.0
ITM_2347,ORD_11212,PRD_139,1,490.76,0.1
ITM_2348,ORD_11212,PRD_134,2,91.22,0.0
ITM_2349,ORD_11213,PRD_150,2,32.57,0.0
ITM_2350,ORD_11214,PRD_134,2,91.22,0.05
ITM_2351,ORD_11214,PRD_115,1,416.58,0.1
ITM_2352,ORD_11215,PRD_119,1,38.34,0.05
ITM_2353,ORD_11215,PRD_133,1,277.96,0.0
ITM_2354,ORD_11216,PRD_140,1,234.89,0.0
ITM_2355,ORD_11216,PRD_108,1,488.25,0.0
ITM_2356,ORD_11216,PRD_141,2,490.78,0.0
ITM_2357,ORD_11217,PRD_149,1,194.72,0.0
ITM_2358,ORD_11218,PRD_122,2,390.69,0.0
ITM_2359,ORD_11218,PRD_101,2,195.76,0.0
ITM_2360,ORD_11219,PRD_119,1,38.34,0.05
ITM_2361,ORD_11219,PRD_104,1,301.61,0.0
ITM_2362,ORD_11220,PRD_128,2,274.02,0.2
ITM_2363,ORD_11220,PRD_141,2,490.78,0.1
ITM_2364,ORD_11220,PRD_144,1,483.86,0.0
ITM_2365,ORD_11221,PRD_146,2,234.53,0.2
ITM_2366,ORD_11221,PRD_125,1,82.01,0.0
ITM_2367,ORD_11222,PRD_133,1,277.96,0.0
ITM_2368,ORD_11223,PRD_137,2,202.01,0.0
ITM_2369,ORD_11223,PRD_102,1,70.94,0.05
ITM_2370,ORD_11223,PRD_149,2,194.72,0.05
ITM_2371,ORD_11224,PRD_109,1,47.43,0.1
ITM_2372,ORD_11225,PRD_140,2,234.89,0.0
ITM_2373,ORD_11226,PRD_112,1,324.51,0.1
ITM_2374,ORD_11227,PRD_124,2,425.13,0.0
ITM_2375,ORD_11227,PRD_108,2,488.25,0.0
ITM_2376,ORD_11227,PRD_149,2,194.72,0.0
ITM_2377,ORD_11228,PRD_102,1,70.94,0.0
ITM_2378,ORD_11228,PRD_128,2,274.02,0.0
ITM_2379,ORD_11228,PRD_123,2,105.96,0.0
ITM_2380,ORD_11229,PRD_139,2,490.76,0.2
ITM_2381,ORD_11230,PRD_138,2,106.49,0.1
ITM_2382,ORD_11231,PRD_133,2,277.96,0.0
ITM_2383,ORD_11231,PRD_136,2,490.78,0.0
ITM_2384,ORD_11232,PRD_145,1,243.68,0.0
ITM_2385,ORD_11232,PRD_147,2,286.89,0.1
ITM_2386,ORD_11233,PRD_106,1,342.0,0.0
ITM_2387,ORD_11234,PRD_148,1,15.93,0.1
ITM_2388,ORD_11235,PRD_106,1,342.0,0.0
ITM_2389,ORD_11236,PRD_101,1,195.76,0.05
ITM_2390,ORD_11236,PRD_138,1,106.49,0.0
ITM_2391,ORD_11236,PRD_103,2,370.74,0.05
ITM_2392,ORD_11237,PRD_141,1,490.78,0.0
ITM_2393,ORD_11238,PRD_146,2,234.53,0.05
ITM_2394,ORD_11238,PRD_121,2,276.8,0.1
ITM_2395,ORD_11238,PRD_142,2,368.74,0.0
ITM_2396,ORD_11239,PRD_127,2,406.83,0.0
ITM_2397,ORD_11239,PRD_105,1,440.05,0.0
ITM_2398,ORD_11239,PRD_102,2,70.94,0.0
ITM_2399,ORD_11240,PRD_104,2,301.61,0.0
ITM_2400,ORD_11240,PRD_104,2,301.61,0.05
ITM_2401,ORD_11240,PRD_129,2,348.15,0.05
ITM_2402,ORD_11241,PRD_114,2,425.06,0.0
ITM_2403,ORD_11242,PRD_128,2,274.02,0.05
ITM_2404,ORD_11242,PRD_133,2,277.96,0.0
ITM_2405,ORD_11242,PRD_109,1,47.43,0.0
ITM_2406,ORD_11243,PRD_106,2,342.0,0.0
ITM_2407,ORD_11244,PRD_129,1,348.15,0.0
ITM_2408,ORD_11245,PRD_120,1,127.19,0.05
ITM_2409,ORD_11245,PRD_132,2,475.04,0.0
ITM_2410,ORD_11245,PRD_123,1,105.96,0.0
ITM_2411,ORD_11246,PRD_121,1,276.8,0.0
ITM_2412,ORD_11247,PRD_150,1,32.57,0.0
ITM_2413,ORD_11248,PRD_112,1,324.51,0.2
ITM_2414,ORD_11248,PRD_110,2,68.9,0.0
ITM_2415,ORD_11249,PRD_103,1,370.74,0.0
ITM_2416,ORD_11249,PRD_121,1,276.8,0.05
ITM_2417,ORD_11249,PRD_142,2,368.74,0.05
ITM_2418,ORD_11250,PRD_107,1,140.95,0.05
ITM_2419,ORD_11250,PRD_121,1,276.8,0.05
ITM_2420,ORD_11251,PRD_126,1,200.2,0.0
ITM_2421,ORD_11251,PRD_140,2,234.89,0.05
ITM_2422,ORD_11252,PRD_110,1,68.9,0.0
ITM_2423,ORD_11252,PRD_108,1,488.25,0.0
ITM_2424,ORD_11252,PRD_114,2,425.06,0.2
ITM_2425,ORD_11253,PRD_132,2,475.04,0.1
ITM_2426,ORD_11253,PRD_129,2,348.15,0.0
ITM_2427,ORD_11253,PRD_130,2,319.15,0.05
ITM_2428,ORD_11254,PRD_102,2,70.94,0.2
ITM_2429,ORD_11254,PRD_146,1,234.53,0.2
ITM_2430,ORD_11254,PRD_130,2,319.15,0.0
ITM_2431,ORD_11255,PRD_150,1,32.57,0.1
ITM_2432,ORD_11255,PRD_138,2,106.49,0.0
ITM_2433,ORD_11255,PRD_143,2,480.47,0.0
ITM_2434,ORD_11256,PRD_113,1,334.87,0.0
ITM_2435,ORD_11257,PRD_116,2,205.02,0.0
ITM_2436,ORD_11257,PRD_140,1,234.89,0.2
ITM_2437,ORD_11257,PRD_131,1,479.39,0.0
ITM_2438,ORD_11258,PRD_103,1,370.74,0.2
ITM_2439,ORD_11258,PRD_105,2,440.05,0.0
ITM_2440,ORD_11259,PRD_104,1,301.61,0.0
ITM_2441,ORD_11259,PRD_107,2,140.95,0.0
ITM_2442,ORD_11259,PRD_112,2,324.51,0.0
ITM_2443,ORD_11260,PRD_121,1,276.8,0.0
ITM_2444,ORD_11260,PRD_146,2,234.53,0.05
ITM_2445,ORD_11260,PRD_136,1,490.78,0.05
ITM_2446,ORD_11261,PRD_136,1,490.78,0.0
ITM_2447,ORD_11261,PRD_134,1,91.22,0.0
ITM_2448,ORD_11262,PRD_119,2,38.34,0.0
ITM_2449,ORD_11263,PRD_137,2,202.01,0.05
ITM_2450,ORD_11263,PRD_138,1,106.49,0.0
ITM_2451,ORD_11263,PRD_120,2,127.19,0.0
ITM_2452,ORD_11264,PRD_134,1,91.22,0.0
ITM_2453,ORD_11264,PRD_107,2,140.95,0.05
ITM_2454,ORD_11264,PRD_110,1,68.9,0.05
ITM_2455,ORD_11265,PRD_113,1,334.87,0.0
ITM_2456,ORD_11266,PRD_112,2,324.51,0.05
ITM_2457,ORD_11266,PRD_145,1,243.68,0.1
ITM_2458,ORD_11266,PRD_145,2,243.68,0.0
ITM_2459,ORD_11267,PRD_143,1,480.47,0.0
ITM_2460,ORD_11267,PRD_121,2,276.8,0.05
ITM_2461,ORD_11267,PRD_122,1,390.69,0.0
ITM_2462,ORD_11268,PRD_104,1,301.61,0.05
ITM_2463,ORD_11269,PRD_108,1,488.25,0.0
ITM_2464,ORD_11269,PRD_110,2,68.9,0.0
ITM_2465,ORD_11270,PRD_105,1,440.05,0.0
ITM_2466,ORD_11270,PRD_123,1,105.96,0.0
ITM_2467,ORD_11271,PRD_114,1,425.06,0.0
ITM_2468,ORD_11271,PRD_117,1,357.97,0.05
ITM_2469,ORD_11271,PRD_148,1,15.93,0.0
ITM_2470,ORD_11272,PRD_149,2,194.72,0.0
ITM_2471,ORD_11272,PRD_130,2,319.15,0.0
ITM_2472,ORD_11272,PRD_138,1,106.49,0.05
ITM_2473,ORD_11273,PRD_139,1,490.76,0.0
ITM_2474,ORD_11273,PRD_136,1,490.78,0.05
ITM_2475,ORD_11273,PRD_136,2,490.78,0.05
ITM_2476,ORD_11274,PRD_132,1,475.04,0.0
ITM_2477,ORD_11275,PRD_115,1,416.58,0.0
ITM_2478,ORD_11275,PRD_138,2,106.49,0.0
ITM_2479,ORD_11275,PRD_141,1,490.78,0.1
ITM_2480,ORD_11276,PRD_108,1,488.25,0.2
ITM_2481,ORD_11277,PRD_150,2,32.57,0.1
ITM_2482,ORD_11277,PRD_134,1,91.22,0.0
ITM_2483,ORD_11278,PRD_142,1,368.74,0.0
ITM_2484,ORD_11278,PRD_114,1,425.06,0.0
ITM_2485,ORD_11278,PRD_141,1,490.78,0.1
ITM_2486,ORD_11279,PRD_134,1,91.22,0.05
ITM_2487,ORD_11279,PRD_140,2,234.89,0.0
ITM_2488,ORD_11280,PRD_130,1,319.15,0.2
ITM_2489,ORD_11281,PRD_113,1,334.87,0.2
ITM_2490,ORD_11281,PRD_133,1,277.96,0.0
ITM_2491,ORD_11281,PRD_107,2,140.95,0.2
ITM_2492,ORD_11282,PRD_108,2,488.25,0.1
ITM_2493,ORD_11283,PRD_107,2,140.95,0.0
ITM_2494,ORD_11283,PRD_108,2,488.25,0.1
ITM_2495,ORD_11284,PRD_120,2,127.19,0.05
ITM_2496,ORD_11284,PRD_128,2,274.02,0.0
ITM_2497,ORD_11284,PRD_117,2,357.97,0.0
ITM_2498,ORD_11285,PRD_140,1,234.89,0.05
ITM_2499,ORD_11285,PRD_101,1,195.76,0.0
ITM_2500,ORD_11286,PRD_131,1,479.39,0.1
ITM_2501,ORD_11286,PRD_126,1,200.2,0.0
ITM_2502,ORD_11287,PRD_144,2,483.86,0.2
ITM_2503,ORD_11287,PRD_149,1,194.72,0.05
ITM_2504,ORD_11288,PRD_150,1,32.57,0.0
ITM_2505,ORD_11288,PRD_123,1,105.96,0.05
ITM_2506,ORD_11289,PRD_109,1,47.43,0.1
ITM_2507,ORD_11290,PRD_132,1,475.04,0.1
ITM_2508,ORD_11290,PRD_102,2,70.94,0.05
ITM_2509,ORD_11290,PRD_148,2,15.93,0.1
ITM_2510,ORD_11291,PRD_139,2,490.76,0.0
ITM_2511,ORD_11291,PRD_143,2,480.47,0.0
ITM_2512,ORD_11292,PRD_109,2,47.43,0.0
ITM_2513,ORD_11293,PRD_128,2,274.02,0.0
ITM_2514,ORD_11293,PRD_130,1,319.15,0.2
ITM_2515,ORD_11293,PRD_119,2,38.34,0.1
ITM_2516,ORD_11294,PRD_123,2,105.96,0.05
ITM_2517,ORD_11295,PRD_140,1,234.89,0.0
ITM_2518,ORD_11295,PRD_149,2,194.72,0.0
ITM_2519,ORD_11295,PRD_111,2,177.48,0.0
ITM_2520,ORD_11296,PRD_110,2,68.9,0.1
ITM_2521,ORD_11297,PRD_106,2,342.0,0.0
ITM_2522,ORD_11298,PRD_141,1,490.78,0.1
ITM_2523,ORD_11299,PRD_110,2,68.9,0.0
ITM_2524,ORD_11299,PRD_101,1,195.76,0.05
ITM_2525,ORD_11299,PRD_147,1,286.89,0.1
ITM_2526,ORD_11300,PRD_104,1,301.61,0.05
ITM_2527,ORD_11301,PRD_134,2,91.22,0.2
ITM_2528,ORD_11302,PRD_108,1,488.25,0.0
ITM_2529,ORD_11303,PRD_149,2,194.72,0.0
ITM_2530,ORD_11303,PRD_122,2,390.69,0.0
ITM_2531,ORD_11304,PRD_109,1,47.43,0.2
ITM_2532,ORD_11304,PRD_123,2,105.96,0.0
ITM_2533,ORD_11305,PRD_137,1,202.01,0.05
ITM_2534,ORD_11305,PRD_117,1,357.97,0.0
ITM_2535,ORD_11306,PRD_148,2,15.93,0.2
ITM_2536,ORD_11307,PRD_135,1,449.86,0.0
ITM_2537,ORD_11307,PRD_131,2,479.39,0.05
ITM_2538,ORD_11308,PRD_119,2,38.34,0.05
ITM_2539,ORD_11309,PRD_131,2,479.39,0.1
ITM_2540,ORD_11310,PRD_117,2,357.97,0.0
ITM_2541,ORD_11310,PRD_101,2,195.76,0.0
ITM_2542,ORD_11311,PRD_111,2,177.48,0.0
ITM_2543,ORD_11312,PRD_102,1,70.94,0.0
ITM_2544,ORD_11312,PRD_112,2,324.51,0.05
ITM_2545,ORD_11312,PRD_124,2,425.13,0.0
ITM_2546,ORD_11313,PRD_122,2,390.69,0.0
ITM_2547,ORD_11314,PRD_150,1,32.57,0.05
ITM_2548,ORD_11315,PRD_144,2,483.86,0.05
ITM_2549,ORD_11315,PRD_136,2,490.78,0.0
ITM_2550,ORD_11316,PRD_126,2,200.2,0.05
ITM_2551,ORD_11316,PRD_143,1,480.47,0.05
ITM_2552,ORD_11317,PRD_144,2,483.86,0.2
ITM_2553,ORD_11318,PRD_125,2,82.01,0.05
ITM_2554,ORD_11319,PRD_128,1,274.02,0.1
ITM_2555,ORD_11319,PRD_149,1,194.72,0.0
ITM_2556,ORD_11320,PRD_123,1,105.96,0.0
ITM_2557,ORD_11320,PRD_145,2,243.68,0.0
ITM_2558,ORD_11320,PRD_110,1,68.9,0.05
ITM_2559,ORD_11321,PRD_107,1,140.95,0.0
ITM_2560,ORD_11321,PRD_132,1,475.04,0.05
ITM_2561,ORD_11321,PRD_117,2,357.97,0.1
ITM_2562,ORD_11322,PRD_119,1,38.34,0.0
ITM_2563,ORD_11323,PRD_138,1,106.49,0.0
ITM_2564,ORD_11323,PRD_113,2,334.87,0.0
ITM_2565,ORD_11324,PRD_141,2,490.78,0.0
ITM_2566,ORD_11325,PRD_117,1,357.97,0.05
ITM_2567,ORD_11325,PRD_129,1,348.15,0.0
ITM_2568,ORD_11326,PRD_112,1,324.51,0.0
ITM_2569,ORD_11326,PRD_110,2,68.9,0.0
ITM_2570,ORD_11326,PRD_106,2,342.0,0.0
ITM_2571,ORD_11327,PRD_130,2,319.15,0.05
ITM_2572,ORD_11327,PRD_144,2,483.86,0.0
ITM_2573,ORD_11327,PRD_101,2,195.76,0.05
ITM_2574,ORD_11328,PRD_121,1,276.8,0.0
ITM_2575,ORD_11328,PRD_145,2,243.68,0.0
ITM_2576,ORD_11328,PRD_108,1,488.25,0.0
ITM_2577,ORD_11329,PRD_114,1,425.06,0.0
ITM_2578,ORD_11330,PRD_133,1,277.96,0.0
ITM_2579,ORD_11330,PRD_105,2,440.05,0.0
ITM_2580,ORD_11330,PRD_113,1,334.87,0.05
ITM_2581,ORD_11331,PRD_122,1,390.69,0.1
ITM_2582,ORD_11332,PRD_142,2,368.74,0.0
ITM_2583,ORD_11333,PRD_128,1,274.02,0.05
ITM_2584,ORD_11333,PRD_130,1,319.15,0.2
ITM_2585,ORD_11333,PRD_105,2,440.05,0.0
ITM_2586,ORD_11334,PRD_126,1,200.2,0.0
ITM_2587,ORD_11334,PRD_117,1,357.97,0.1
ITM_2588,ORD_11334,PRD_136,2,490.78,0.0
ITM_2589,ORD_11335,PRD_149,1,194.72,0.05
ITM_2590,ORD_11335,PRD_144,1,483.86,0.0
ITM_2591,ORD_11336,PRD_121,1,276.8,0.2
ITM_2592,ORD_11336,PRD_125,1,82.01,0.05
ITM_2593,ORD_11337,PRD_104,2,301.61,0.2
ITM_2594,ORD_11338,PRD_108,2,488.25,0.0
ITM_2595,ORD_11338,PRD_126,2,200.2,0.1
ITM_2596,ORD_11339,PRD_125,1,82.01,0.1
ITM_2597,ORD_11339,PRD_103,1,370.74,0.0
ITM_2598,ORD_11339,PRD_113,1,334.87,0.0
ITM_2599,ORD_11340,PRD_108,2,488.25,0.0
ITM_2600,ORD_11340,PRD_122,1,390.69,0.05
ITM_2601,ORD_11340,PRD_118,1,247.2,0.0
ITM_2602,ORD_11341,PRD_115,2,416.58,0.0
ITM_2603,ORD_11342,PRD_150,1,32.57,0.0
ITM_2604,ORD_11342,PRD_119,2,38.34,0.1
ITM_2605,ORD_11343,PRD_125,1,82.01,0.1
ITM_2606,ORD_11344,PRD_110,1,68.9,0.0
ITM_2607,ORD_11344,PRD_131,2,479.39,0.0
ITM_2608,ORD_11344,PRD_109,2,47.43,0.0
ITM_2609,ORD_11345,PRD_121,2,276.8,0.2
ITM_2610,ORD_11346,PRD_149,2,194.72,0.05
ITM_2611,ORD_11346,PRD_144,1,483.86,0.1
ITM_2612,ORD_11346,PRD_102,1,70.94,0.0
ITM_2613,ORD_11347,PRD_119,2,38.34,0.0
ITM_2614,ORD_11347,PRD_134,1,91.22,0.1
ITM_2615,ORD_11347,PRD_111,1,177.48,0.2
ITM_2616,ORD_11348,PRD_140,1,234.89,0.1
ITM_2617,ORD_11349,PRD_130,1,319.15,0.0
ITM_2618,ORD_11349,PRD_114,2,425.06,0.1
ITM_2619,ORD_11350,PRD_118,2,247.2,0.0
ITM_2620,ORD_11350,PRD_108,2,488.25,0.0
ITM_2621,ORD_11351,PRD_133,1,277.96,0.1
ITM_2622,ORD_11351,PRD_148,2,15.93,0.0
ITM_2623,ORD_11352,PRD_137,2,202.01,0.0
ITM_2624,ORD_11352,PRD_138,2,106.49,0.05
ITM_2625,ORD_11352,PRD_112,1,324.51,0.0
ITM_2626,ORD_11353,PRD_113,2,334.87,0.2
ITM_2627,ORD_11353,PRD_126,2,200.2,0.0
ITM_2628,ORD_11353,PRD_123,1,105.96,0.0
ITM_2629,ORD_11354,PRD_109,2,47.43,0.0
ITM_2630,ORD_11355,PRD_114,2,425.06,0.2
ITM_2631,ORD_11356,PRD_115,1,416.58,0.05
ITM_2632,ORD_11357,PRD_147,1,286.89,0.0
ITM_2633,ORD_11357,PRD_104,2,301.61,0.0
ITM_2634,ORD_11358,PRD_113,2,334.87,0.0
ITM_2635,ORD_11358,PRD_136,1,490.78,0.05
ITM_2636,ORD_11359,PRD_131,2,479.39,0.0
ITM_2637,ORD_11360,PRD_144,1,483.86,0.0
ITM_2638,ORD_11360,PRD_146,1,234.53,0.0
ITM_2639,ORD_11360,PRD_138,2,106.49,0.0
ITM_2640,ORD_11361,PRD_150,2,32.57,0.0
ITM_2641,ORD_11361,PRD_133,1,277.96,0.05
ITM_2642,ORD_11362,PRD_119,1,38.34,0.0
ITM_2643,ORD_11362,PRD_116,1,205.02,0.0
ITM_2644,ORD_11362,PRD_111,2,177.48,0.1
ITM_2645,ORD_11363,PRD_135,2,449.86,0.0
ITM_2646,ORD_11363,PRD_103,2,370.74,0.0
ITM_2647,ORD_11364,PRD_127,2,406.83,0.0
ITM_2648,ORD_11364,PRD_113,1,334.87,0.2
ITM_2649,ORD_11364,PRD_121,1,276.8,0.0
ITM_2650,ORD_11365,PRD_145,1,243.68,0.05
ITM_2651,ORD_11365,PRD_142,2,368.74,0.0
ITM_2652,ORD_11365,PRD_116,1,205.02,0.05
ITM_2653,ORD_11366,PRD_138,2,106.49,0.0
ITM_2654,ORD_11367,PRD_103,1,370.74,0.0
ITM_2655,ORD_11367,PRD_102,1,70.94,0.1
ITM_2656,ORD_11367,PRD_139,1,490.76,0.0
ITM_2657,ORD_11368,PRD_141,2,490.78,0.0
ITM_2658,ORD_11368,PRD_142,2,368.74,0.0
ITM_2659,ORD_11369,PRD_102,2,70.94,0.1
ITM_2660,ORD_11369,PRD_109,1,47.43,0.0
ITM_2661,ORD_11370,PRD_124,1,425.13,0.1
ITM_2662,ORD_11370,PRD_116,1,205.02,0.1
ITM_2663,ORD_11371,PRD_110,1,68.9,0.0
ITM_2664,ORD_11371,PRD_133,1,277.96,0.0
ITM_2665,ORD_11371,PRD_104,2,301.61,0.0
ITM_2666,ORD_11372,PRD_117,1,357.97,0.0
ITM_2667,ORD_11373,PRD_148,2,15.93,0.05
ITM_2668,ORD_11374,PRD_109,1,47.43,0.0
ITM_2669,ORD_11374,PRD_139,2,490.76,0.05
ITM_2670,ORD_11375,PRD_106,1,342.0,0.0
ITM_2671,ORD_11375,PRD_113,2,334.87,0.0
ITM_2672,ORD_11375,PRD_126,2,200.2,0.0
ITM_2673,ORD_11376,PRD_115,1,416.58,0.0
ITM_2674,ORD_11377,PRD_142,2,368.74,0.05
ITM_2675,ORD_11377,PRD_126,1,200.2,0.0
ITM_2676,ORD_11377,PRD_131,1,479.39,0.1
ITM_2677,ORD_11378,PRD_131,1,479.39,0.05
ITM_2678,ORD_11378,PRD_130,2,319.15,0.0
ITM_2679,ORD_11378,PRD_140,1,234.89,0.1
ITM_2680,ORD_11379,PRD_109,1,47.43,0.1
ITM_2681,ORD_11380,PRD_120,1,127.19,0.0
ITM_2682,ORD_11380,PRD_140,2,234.89,0.0
ITM_2683,ORD_11381,PRD_108,1,488.25,0.05
ITM_2684,ORD_11381,PRD_150,2,32.57,0.2
ITM_2685,ORD_11382,PRD_107,1,140.95,0.0
ITM_2686,ORD_11382,PRD_148,1,15.93,0.0
ITM_2687,ORD_11383,PRD_148,2,15.93,0.0
ITM_2688,ORD_11383,PRD_143,2,480.47,0.05
ITM_2689,ORD_11384,PRD_116,2,205.02,0.05
ITM_2690,ORD_11384,PRD_138,2,106.49,0.0
ITM_2691,ORD_11385,PRD_109,2,47.43,0.0
ITM_2692,ORD_11385,PRD_112,1,324.51,0.2
ITM_2693,ORD_11386,PRD_109,1,47.43,0.0
ITM_2694,ORD_11387,PRD_120,1,127.19,0.2
ITM_2695,ORD_11387,PRD_107,1,140.95,0.0
ITM_2696,ORD_11388,PRD_142,1,368.74,0.0
ITM_2697,ORD_11388,PRD_145,2,243.68,0.0
ITM_2698,ORD_11389,PRD_128,2,274.02,0.0
ITM_2699,ORD_11390,PRD_103,1,370.74,0.0
ITM_2700,ORD_11390,PRD_146,1,234.53,0.0
ITM_2701,ORD_11390,PRD_126,1,200.2,0.0
ITM_2702,ORD_11391,PRD_107,1,140.95,0.2
ITM_2703,ORD_11391,PRD_101,1,195.76,0.1
ITM_2704,ORD_11392,PRD_122,2,390.69,0.0
ITM_2705,ORD_11393,PRD_150,2,32.57,0.0
ITM_2706,ORD_11393,PRD_138,1,106.49,0.0
ITM_2707,ORD_11393,PRD_149,1,194.72,0.05
ITM_2708,ORD_11394,PRD_131,2,479.39,0.0
ITM_2709,ORD_11394,PRD_126,2,200.2,0.2
ITM_2710,ORD_11395,PRD_126,2,200.2,0.05
ITM_2711,ORD_11395,PRD_143,1,480.47,0.0
ITM_2712,ORD_11395,PRD_127,2,406.83,0.05
ITM_2713,ORD_11396,PRD_123,2,105.96,0.0
ITM_2714,ORD_11396,PRD_108,1,488.25,0.0
ITM_2715,ORD_11397,PRD_124,2,425.13,0.0
ITM_2716,ORD_11398,PRD_121,2,276.8,0.0
ITM_2717,ORD_11398,PRD_125,2,82.01,0.0
ITM_2718,ORD_11399,PRD_136,2,490.78,0.0
ITM_2719,ORD_11399,PRD_104,2,301.61,0.0
ITM_2720,ORD_11399,PRD_107,1,140.95,0.05
ITM_2721,ORD_11400,PRD_140,1,234.89,0.2
ITM_2722,ORD_11400,PRD_117,1,357.97,0.05
ITM_2723,ORD_11400,PRD_101,2,195.76,0.0
ITM_2724,ORD_11401,PRD_124,1,425.13,0.0
ITM_2725,ORD_11401,PRD_115,2,416.58,0.1
ITM_2726,ORD_11401,PRD_103,1,370.74,0.0
ITM_2727,ORD_11402,PRD_126,2,200.2,0.0
ITM_2728,ORD_11402,PRD_121,1,276.8,0.0
ITM_2729,ORD_11402,PRD_101,2,195.76,0.05
ITM_2730,ORD_11403,PRD_127,2,406.83,0.0
ITM_2731,ORD_11403,PRD_109,2,47.43,0.0
ITM_2732,ORD_11404,PRD_133,2,277.96,0.0
ITM_2733,ORD_11405,PRD_144,1,483.86,0.05
ITM_2734,ORD_11405,PRD_125,2,82.01,0.0
ITM_2735,ORD_11405,PRD_150,2,32.57,0.1
ITM_2736,ORD_11406,PRD_110,1,68.9,0.0
ITM_2737,ORD_11407,PRD_117,2,357.97,0.2
ITM_2738,ORD_11407,PRD_137,2,202.01,0.1
ITM_2739,ORD_11407,PRD_108,2,488.25,0.2
ITM_2740,ORD_11408,PRD_133,2,277.96,0.0
ITM_2741,ORD_11408,PRD_150,1,32.57,0.0
ITM_2742,ORD_11408,PRD_130,1,319.15,0.0
ITM_2743,ORD_11409,PRD_118,2,247.2,0.05
ITM_2744,ORD_11409,PRD_135,1,449.86,0.1
ITM_2745,ORD_11409,PRD_114,1,425.06,0.2
ITM_2746,ORD_11410,PRD_105,1,440.05,0.2
ITM_2747,ORD_11410,PRD_101,2,195.76,0.0
ITM_2748,ORD_11411,PRD_117,1,357.97,0.2
ITM_2749,ORD_11411,PRD_143,2,480.47,0.0
ITM_2750,ORD_11411,PRD_140,1,234.89,0.0
ITM_2751,ORD_11412,PRD_106,1,342.0,0.05
ITM_2752,ORD_11413,PRD_135,1,449.86,0.0
ITM_2753,ORD_11413,PRD_146,1,234.53,0.1
ITM_2754,ORD_11413,PRD_140,1,234.89,0.05
ITM_2755,ORD_11414,PRD_119,1,38.34,0.1
ITM_2756,ORD_11415,PRD_109,2,47.43,0.05
ITM_2757,ORD_11415,PRD_125,1,82.01,0.0
ITM_2758,ORD_11415,PRD_112,1,324.51,0.0
ITM_2759,ORD_11416,PRD_117,1,357.97,0.0
ITM_2760,ORD_11416,PRD_112,1,324.51,0.2
ITM_2761,ORD_11416,PRD_146,1,234.53,0.0
ITM_2762,ORD_11417,PRD_103,2,370.74,0.1
ITM_2763,ORD_11417,PRD_113,1,334.87,0.0
ITM_2764,ORD_11418,PRD_121,1,276.8,0.0
ITM_2765,ORD_11419,PRD_117,2,357.97,0.2
ITM_2766,ORD_11419,PRD_123,2,105.96,0.1
ITM_2767,ORD_11420,PRD_144,1,483.86,0.0
ITM_2768,ORD_11420,PRD_134,2,91.22,0.0
ITM_2769,ORD_11420,PRD_139,1,490.76,0.0
ITM_2770,ORD_11421,PRD_134,2,91.22,0.05
ITM_2771,ORD_11421,PRD_102,2,70.94,0.2
ITM_2772,ORD_11422,PRD_103,2,370.74,0.0
ITM_2773,ORD_11423,PRD_102,2,70.94,0.0
ITM_2774,ORD_11423,PRD_136,2,490.78,0.0
ITM_2775,ORD_11423,PRD_107,2,140.95,0.0
ITM_2776,ORD_11424,PRD_102,2,70.94,0.0
ITM_2777,ORD_11424,PRD_122,1,390.69,0.0
ITM_2778,ORD_11425,PRD_131,2,479.39,0.0
ITM_2779,ORD_11425,PRD_106,1,342.0,0.0
ITM_2780,ORD_11426,PRD_136,2,490.78,0.0
ITM_2781,ORD_11426,PRD_101,1,195.76,0.2
ITM_2782,ORD_11426,PRD_124,1,425.13,0.05
ITM_2783,ORD_11427,PRD_135,2,449.86,0.0
ITM_2784,ORD_11428,PRD_120,1,127.19,0.0
ITM_2785,ORD_11429,PRD_147,1,286.89,0.0
ITM_2786,ORD_11429,PRD_133,2,277.96,0.05
ITM_2787,ORD_11430,PRD_106,2,342.0,0.1
ITM_2788,ORD_11430,PRD_143,2,480.47,0.0
ITM_2789,ORD_11431,PRD_119,1,38.34,0.0
ITM_2790,ORD_11432,PRD_125,2,82.01,0.0
ITM_2791,ORD_11432,PRD_150,2,32.57,0.0
ITM_2792,ORD_11433,PRD_138,2,106.49,0.1
ITM_2793,ORD_11434,PRD_146,1,234.53,0.0
ITM_2794,ORD_11435,PRD_111,1,177.48,0.0
ITM_2795,ORD_11436,PRD_120,2,127.19,0.1
ITM_2796,ORD_11436,PRD_150,2,32.57,0.0
ITM_2797,ORD_11436,PRD_140,2,234.89,0.05
ITM_2798,ORD_11437,PRD_107,1,140.95,0.2
ITM_2799,ORD_11438,PRD_104,1,301.61,0.0
ITM_2800,ORD_11438,PRD_142,1,368.74,0.05
ITM_2801,ORD_11438,PRD_135,1,449.86,0.0
ITM_2802,ORD_11439,PRD_101,1,195.76,0.0
ITM_2803,ORD_11439,PRD_140,2,234.89,0.05
ITM_2804,ORD_11439,PRD_145,2,243.68,0.0
ITM_2805,ORD_11440,PRD_113,1,334.87,0.0
ITM_2806,ORD_11440,PRD_117,1,357.97,0.0
ITM_2807,ORD_11440,PRD_117,2,357.97,0.0
ITM_2808,ORD_11441,PRD_146,2,234.53,0.1
ITM_2809,ORD_11441,PRD_144,1,483.86,0.05
ITM_2810,ORD_11441,PRD_121,1,276.8,0.0
ITM_2811,ORD_11442,PRD_135,2,449.86,0.1
ITM_2812,ORD_11443,PRD_142,1,368.74,0.2
ITM_2813,ORD_11443,PRD_110,1,68.9,0.0
ITM_2814,ORD_11444,PRD_135,1,449.86,0.0
ITM_2815,ORD_11444,PRD_138,2,106.49,0.0
ITM_2816,ORD_11444,PRD_131,2,479.39,0.0
ITM_2817,ORD_11445,PRD_124,1,425.13,0.0
ITM_2818,ORD_11445,PRD_112,1,324.51,0.2
ITM_2819,ORD_11445,PRD_133,2,277.96,0.0
ITM_2820,ORD_11446,PRD_112,2,324.51,0.0
ITM_2821,ORD_11446,PRD_140,2,234.89,0.05
ITM_2822,ORD_11446,PRD_132,1,475.04,0.0
ITM_2823,ORD_11447,PRD_109,1,47.43,0.0
ITM_2824,ORD_11448,PRD_140,2,234.89,0.2
ITM_2825,ORD_11448,PRD_150,1,32.57,0.0
ITM_2826,ORD_11448,PRD_119,2,38.34,0.0
ITM_2827,ORD_11449,PRD_114,2,425.06,0.1
ITM_2828,ORD_11450,PRD_102,1,70.94,0.1
ITM_2829,ORD_11450,PRD_115,1,416.58,0.0
ITM_2830,ORD_11450,PRD_142,1,368.74,0.1
ITM_2831,ORD_11451,PRD_140,1,234.89,0.0
ITM_2832,ORD_11452,PRD_106,1,342.0,0.0
ITM_2833,ORD_11452,PRD_125,1,82.01,0.05
ITM_2834,ORD_11453,PRD_129,2,348.15,0.2
ITM_2835,ORD_11453,PRD_109,1,47.43,0.0
ITM_2836,ORD_11454,PRD_137,2,202.01,0.0
ITM_2837,ORD_11454,PRD_149,1,194.72,0.0
ITM_2838,ORD_11454,PRD_117,1,357.97,0.0
ITM_2839,ORD_11455,PRD_112,2,324.51,0.0
ITM_2840,ORD_11455,PRD_126,1,200.2,0.2
ITM_2841,ORD_11455,PRD_120,1,127.19,0.0
ITM_2842,ORD_11456,PRD_141,2,490.78,0.2
ITM_2843,ORD_11456,PRD_148,1,15.93,0.05
ITM_2844,ORD_11457,PRD_144,2,483.86,0.0
ITM_2845,ORD_11457,PRD_144,2,483.86,0.0
ITM_2846,ORD_11458,PRD_122,2,390.69,0.0
ITM_2847,ORD_11459,PRD_126,1,200.2,0.0
ITM_2848,ORD_11459,PRD_143,2,480.47,0.0
ITM_2849,ORD_11460,PRD_113,2,334.87,0.1
ITM_2850,ORD_11460,PRD_142,1,368.74,0.0
ITM_2851,ORD_11461,PRD_131,2,479.39,0.2
ITM_2852,ORD_11461,PRD_126,2,200.2,0.0
ITM_2853,ORD_11461,PRD_143,2,480.47,0.05
ITM_2854,ORD_11462,PRD_137,2,202.01,0.0
ITM_2855,ORD_11463,PRD_108,1,488.25,0.05
ITM_2856,ORD_11463,PRD_131,1,479.39,0.05
ITM_2857,ORD_11464,PRD_149,1,194.72,0.0
ITM_2858,ORD_11465,PRD_129,2,348.15,0.0
ITM_2859,ORD_11466,PRD_125,2,82.01,0.05
ITM_2860,ORD_11466,PRD_138,1,106.49,0.0
ITM_2861,ORD_11466,PRD_122,2,390.69,0.2
ITM_2862,ORD_11467,PRD_135,1,449.86,0.0
ITM_2863,ORD_11467,PRD_105,2,440.05,0.0
ITM_2864,ORD_11468,PRD_123,2,105.96,0.0
ITM_2865,ORD_11468,PRD_131,1,479.39,0.0
ITM_2866,ORD_11468,PRD_147,1,286.89,0.0
ITM_2867,ORD_11469,PRD_112,2,324.51,0.2
ITM_2868,ORD_11469,PRD_128,2,274.02,0.0
ITM_2869,ORD_11469,PRD_146,2,234.53,0.0
ITM_2870,ORD_11470,PRD_101,2,195.76,0.05
ITM_2871,ORD_11470,PRD_143,2,480.47,0.2
ITM_2872,ORD_11471,PRD_124,2,425.13,0.0
ITM_2873,ORD_11471,PRD_102,2,70.94,0.0
ITM_2874,ORD_11472,PRD_108,2,488.25,0.2
ITM_2875,ORD_11473,PRD_138,2,106.49,0.0
ITM_2876,ORD_11473,PRD_115,2,416.58,0.05
ITM_2877,ORD_11474,PRD_135,1,449.86,0.0
ITM_2878,ORD_11475,PRD_135,1,449.86,0.1
ITM_2879,ORD_11475,PRD_101,1,195.76,0.0
ITM_2880,ORD_11475,PRD_120,1,127.19,0.05
ITM_2881,ORD_11476,PRD_134,2,91.22,0.05
ITM_2882,ORD_11476,PRD_131,1,479.39,0.0
ITM_2883,ORD_11477,PRD_146,1,234.53,0.0
ITM_2884,ORD_11477,PRD_148,2,15.93,0.2
ITM_2885,ORD_11477,PRD_122,1,390.69,0.05
ITM_2886,ORD_11478,PRD_112,1,324.51,0.05
ITM_2887,ORD_11478,PRD_132,2,475.04,0.0
ITM_2888,ORD_11478,PRD_135,2,449.86,0.0
ITM_2889,ORD_11479,PRD_107,1,140.95,0.0
ITM_2890,ORD_11479,PRD_115,2,416.58,0.0
ITM_2891,ORD_11480,PRD_107,1,140.95,0.1
ITM_2892,ORD_11480,PRD_119,1,38.34,0.0
ITM_2893,ORD_11481,PRD_128,1,274.02,0.05
ITM_2894,ORD_11481,PRD_128,1,274.02,0.0
ITM_2895,ORD_11481,PRD_124,1,425.13,0.0
ITM_2896,ORD_11482,PRD_110,2,68.9,0.0
ITM_2897,ORD_11483,PRD_107,2,140.95,0.0
ITM_2898,ORD_11484,PRD_148,2,15.93,0.2
ITM_2899,ORD_11485,PRD_103,1,370.74,0.05
ITM_2900,ORD_11485,PRD_138,2,106.49,0.0
ITM_2901,ORD_11485,PRD_126,1,200.2,0.0
ITM_2902,ORD_11486,PRD_124,1,425.13,0.0
ITM_2903,ORD_11487,PRD_108,1,488.25,0.1
ITM_2904,ORD_11488,PRD_122,2,390.69,0.0
ITM_2905,ORD_11489,PRD_108,1,488.25,0.05
ITM_2906,ORD_11489,PRD_117,2,357.97,0.1
ITM_2907,ORD_11489,PRD_138,2,106.49,0.0
ITM_2908,ORD_11490,PRD_131,1,479.39,0.0
ITM_2909,ORD_11490,PRD_116,2,205.02,0.0
ITM_2910,ORD_11491,PRD_123,1,105.96,0.2
ITM_2911,ORD_11492,PRD_116,1,205.02,0.0
ITM_2912,ORD_11492,PRD_139,2,490.76,0.0
ITM_2913,ORD_11492,PRD_133,2,277.96,0.1
ITM_2914,ORD_11493,PRD_147,1,286.89,0.0
ITM_2915,ORD_11494,PRD_116,2,205.02,0.0
ITM_2916,ORD_11494,PRD_145,1,243.68,0.0
ITM_2917,ORD_11495,PRD_118,2,247.2,0.05
ITM_2918,ORD_11495,PRD_141,1,490.78,0.0
ITM_2919,ORD_11496,PRD_132,2,475.04,0.0
ITM_2920,ORD_11497,PRD_112,2,324.51,0.0
ITM_2921,ORD_11497,PRD_138,2,106.49,0.0
ITM_2922,ORD_11498,PRD_116,2,205.02,0.0
ITM_2923,ORD_11498,PRD_106,2,342.0,0.0
ITM_2924,ORD_11498,PRD_104,2,301.61,0.1
ITM_2925,ORD_11499,PRD_146,1,234.53,0.2
ITM_2926,ORD_11499,PRD_144,1,483.86,0.2
ITM_2927,ORD_11499,PRD_121,1,276.8,0.0
ITM_2928,ORD_11500,PRD_123,1,105.96,0.2
ITM_2929,ORD_11501,PRD_123,1,105.96,0.05
ITM_2930,ORD_11501,PRD_113,2,334.87,0.05
ITM_2931,ORD_11502,PRD_150,2,32.57,0.0
ITM_2932,ORD_11502,PRD_107,2,140.95,0.0
ITM_2933,ORD_11503,PRD_119,1,38.34,0.0
ITM_2934,ORD_11504,PRD_122,1,390.69,0.0
ITM_2935,ORD_11504,PRD_105,1,440.05,0.2
ITM_2936,ORD_11505,PRD_103,1,370.74,0.0
ITM_2937,ORD_11506,PRD_140,1,234.89,0.05
ITM_2938,ORD_11506,PRD_102,1,70.94,0.0
ITM_2939,ORD_11507,PRD_104,1,301.61,0.1
ITM_2940,ORD_11507,PRD_143,1,480.47,0.2
ITM_2941,ORD_11508,PRD_119,1,38.34,0.0
ITM_2942,ORD_11508,PRD_101,1,195.76,0.1
ITM_2943,ORD_11508,PRD_150,1,32.57,0.0
ITM_2944,ORD_11509,PRD_117,2,357.97,0.0
ITM_2945,ORD_11510,PRD_127,2,406.83,0.0
ITM_2946,ORD_11510,PRD_120,1,127.19,0.0
ITM_2947,ORD_11511,PRD_117,1,357.97,0.2
ITM_2948,ORD_11511,PRD_118,1,247.2,0.0
ITM_2949,ORD_11511,PRD_147,1,286.89,0.2
ITM_2950,ORD_11512,PRD_138,1,106.49,0.0
ITM_2951,ORD_11512,PRD_103,1,370.74,0.05
ITM_2952,ORD_11513,PRD_145,1,243.68,0.0
ITM_2953,ORD_11514,PRD_122,1,390.69,0.0
ITM_2954,ORD_11515,PRD_127,2,406.83,0.0
ITM_2955,ORD_11515,PRD_125,2,82.01,0.0
ITM_2956,ORD_11515,PRD_118,1,247.2,0.0
ITM_2957,ORD_11516,PRD_106,1,342.0,0.1
ITM_2958,ORD_11516,PRD_140,1,234.89,0.0
ITM_2959,ORD_11517,PRD_138,2,106.49,0.0
ITM_2960,ORD_11517,PRD_110,2,68.9,0.0
ITM_2961,ORD_11517,PRD_131,1,479.39,0.0
ITM_2962,ORD_11518,PRD_126,2,200.2,0.0
ITM_2963,ORD_11518,PRD_134,2,91.22,0.0
ITM_2964,ORD_11518,PRD_136,1,490.78,0.05
ITM_2965,ORD_11519,PRD_135,1,449.86,0.1
ITM_2966,ORD_11520,PRD_138,1,106.49,0.05
ITM_2967,ORD_11520,PRD_103,1,370.74,0.05
ITM_2968,ORD_11520,PRD_140,2,234.89,0.2
ITM_2969,ORD_11521,PRD_139,2,490.76,0.0
ITM_2970,ORD_11522,PRD_116,1,205.02,0.0
ITM_2971,ORD_11523,PRD_122,2,390.69,0.1
ITM_2972,ORD_11523,PRD_148,2,15.93,0.05
ITM_2973,ORD_11524,PRD_146,1,234.53,0.2
ITM_2974,ORD_11524,PRD_138,2,106.49,0.0
ITM_2975,ORD_11524,PRD_137,1,202.01,0.2
ITM_2976,ORD_11525,PRD_106,1,342.0,0.2
ITM_2977,ORD_11525,PRD_107,2,140.95,0.0
ITM_2978,ORD_11526,PRD_123,1,105.96,0.0
ITM_2979,ORD_11526,PRD_148,1,15.93,0.05
ITM_2980,ORD_11526,PRD_137,2,202.01,0.0
ITM_2981,ORD_11527,PRD_123,1,105.96,0.05
ITM_2982,ORD_11527,PRD_143,1,480.47,0.05
ITM_2983,ORD_11527,PRD_144,1,483.86,0.05
ITM_2984,ORD_11528,PRD_106,1,342.0,0.2
ITM_2985,ORD_11528,PRD_133,2,277.96,0.0
ITM_2986,ORD_11529,PRD_132,1,475.04,0.1
ITM_2987,ORD_11529,PRD_132,2,475.04,0.0
ITM_2988,ORD_11529,PRD_147,2,286.89,0.0
ITM_2989,ORD_11530,PRD_141,2,490.78,0.1
ITM_2990,ORD_11531,PRD_115,2,416.58,0.0
ITM_2991,ORD_11532,PRD_126,2,200.2,0.0
ITM_2992,ORD_11532,PRD_126,1,200.2,0.0
ITM_2993,ORD_11533,PRD_142,2,368.74,0.0
ITM_2994,ORD_11534,PRD_147,2,286.89,0.1
ITM_2995,ORD_11535,PRD_147,1,286.89,0.05
ITM_2996,ORD_11536,PRD_102,2,70.94,0.2
ITM_2997,ORD_11537,PRD_110,2,68.9,0.1
ITM_2998,ORD_11537,PRD_147,1,286.89,0.05
ITM_2999,ORD_11537,PRD_145,1,243.68,0.0
ITM_3000,ORD_11538,PRD_134,1,91.22,0.1
ITM_3001,ORD_11539,PRD_109,1,47.43,0.0
ITM_3002,ORD_11539,PRD_132,1,475.04,0.05
ITM_3003,ORD_11540,PRD_124,1,425.13,0.05
ITM_3004,ORD_11541,PRD_121,2,276.8,0.0
ITM_3005,ORD_11541,PRD_119,2,38.34,0.0
ITM_3006,ORD_11542,PRD_117,1,357.97,0.2
ITM_3007,ORD_11542,PRD_148,1,15.93,0.0
ITM_3008,ORD_11543,PRD_104,1,301.61,0.0
ITM_3009,ORD_11543,PRD_110,2,68.9,0.0
ITM_3010,ORD_11543,PRD_147,2,286.89,0.1
ITM_3011,ORD_11544,PRD_110,2,68.9,0.1
ITM_3012,ORD_11544,PRD_123,2,105.96,0.0
ITM_3013,ORD_11545,PRD_106,1,342.0,0.05
ITM_3014,ORD_11545,PRD_123,2,105.96,0.0
ITM_3015,ORD_11546,PRD_134,1,91.22,0.2
ITM_3016,ORD_11546,PRD_136,1,490.78,0.1
ITM_3017,ORD_11547,PRD_148,1,15.93,0.0
ITM_3018,ORD_11548,PRD_141,1,490.78,0.2
ITM_3019,ORD_11548,PRD_124,2,425.13,0.0
ITM_3020,ORD_11549,PRD_145,2,243.68,0.0
ITM_3021,ORD_11549,PRD_139,2,490.76,0.0
ITM_3022,ORD_11550,PRD_149,2,194.72,0.0
ITM_3023,ORD_11550,PRD_105,2,440.05,0.05
ITM_3024,ORD_11551,PRD_134,2,91.22,0.0
ITM_3025,ORD_11551,PRD_106,1,342.0,0.0
ITM_3026,ORD_11551,PRD_104,1,301.61,0.0
ITM_3027,ORD_11552,PRD_140,2,234.89,0.05
ITM_3028,ORD_11553,PRD_138,1,106.49,0.0
ITM_3029,ORD_11553,PRD_133,1,277.96,0.0
ITM_3030,ORD_11554,PRD_114,1,425.06,0.1
ITM_3031,ORD_11554,PRD_116,2,205.02,0.0
ITM_3032,ORD_11554,PRD_143,2,480.47,0.2
ITM_3033,ORD_11555,PRD_103,2,370.74,0.0
ITM_3034,ORD_11555,PRD_128,1,274.02,0.0
ITM_3035,ORD_11555,PRD_114,1,425.06,0.0
ITM_3036,ORD_11556,PRD_122,1,390.69,0.0
ITM_3037,ORD_11557,PRD_129,1,348.15,0.0
ITM_3038,ORD_11558,PRD_123,1,105.96,0.0
ITM_3039,ORD_11558,PRD_102,2,70.94,0.0
ITM_3040,ORD_11558,PRD_130,2,319.15,0.0
ITM_3041,ORD_11559,PRD_138,2,106.49,0.0
ITM_3042,ORD_11560,PRD_132,2,475.04,0.0
ITM_3043,ORD_11560,PRD_141,1,490.78,0.05
ITM_3044,ORD_11561,PRD_138,1,106.49,0.1
ITM_3045,ORD_11562,PRD_101,2,195.76,0.05
ITM_3046,ORD_11563,PRD_144,1,483.86,0.0
ITM_3047,ORD_11563,PRD_116,1,205.02,0.2
ITM_3048,ORD_11564,PRD_143,2,480.47,0.05
ITM_3049,ORD_11565,PRD_144,2,483.86,0.0
ITM_3050,ORD_11565,PRD_107,1,140.95,0.0
ITM_3051,ORD_11566,PRD_128,2,274.02,0.0
ITM_3052,ORD_11567,PRD_119,2,38.34,0.0
ITM_3053,ORD_11567,PRD_121,2,276.8,0.0
ITM_3054,ORD_11567,PRD_103,1,370.74,0.0
ITM_3055,ORD_11568,PRD_147,2,286.89,0.0
ITM_3056,ORD_11568,PRD_139,2,490.76,0.05
ITM_3057,ORD_11568,PRD_119,1,38.34,0.2
ITM_3058,ORD_11569,PRD_106,2,342.0,0.0
ITM_3059,ORD_11569,PRD_113,2,334.87,0.05
ITM_3060,ORD_11569,PRD_144,2,483.86,0.1
ITM_3061,ORD_11570,PRD_127,1,406.83,0.2
ITM_3062,ORD_11570,PRD_112,1,324.51,0.0
ITM_3063,ORD_11571,PRD_121,1,276.8,0.0
ITM_3064,ORD_11571,PRD_143,1,480.47,0.2
ITM_3065,ORD_11571,PRD_115,1,416.58,0.05
ITM_3066,ORD_11572,PRD_133,2,277.96,0.05
ITM_3067,ORD_11572,PRD_134,2,91.22,0.0
ITM_3068,ORD_11573,PRD_139,1,490.76,0.0
ITM_3069,ORD_11574,PRD_137,2,202.01,0.1
ITM_3070,ORD_11574,PRD_139,1,490.76,0.0
ITM_3071,ORD_11574,PRD_131,2,479.39,0.0
ITM_3072,ORD_11575,PRD_101,1,195.76,0.05
ITM_3073,ORD_11576,PRD_109,2,47.43,0.0
ITM_3074,ORD_11577,PRD_101,1,195.76,0.0
ITM_3075,ORD_11577,PRD_108,2,488.25,0.0
ITM_3076,ORD_11577,PRD_142,1,368.74,0.2
ITM_3077,ORD_11578,PRD_144,2,483.86,0.1
ITM_3078,ORD_11579,PRD_108,2,488.25,0.0
ITM_3079,ORD_11579,PRD_109,2,47.43,0.0
ITM_3080,ORD_11580,PRD_116,2,205.02,0.0
ITM_3081,ORD_11580,PRD_141,1,490.78,0.1
ITM_3082,ORD_11581,PRD_119,2,38.34,0.2
ITM_3083,ORD_11581,PRD_121,1,276.8,0.0
ITM_3084,ORD_11582,PRD_140,2,234.89,0.0
ITM_3085,ORD_11582,PRD_138,1,106.49,0.2
ITM_3086,ORD_11583,PRD_125,2,82.01,0.0
ITM_3087,ORD_11583,PRD_105,1,440.05,0.0
ITM_3088,ORD_11584,PRD_147,1,286.89,0.1
ITM_3089,ORD_11584,PRD_149,1,194.72,0.0
ITM_3090,ORD_11584,PRD_102,1,70.94,0.05
ITM_3091,ORD_11585,PRD_124,2,425.13,0.05
ITM_3092,ORD_11585,PRD_115,2,416.58,0.0
ITM_3093,ORD_11586,PRD_117,1,357.97,0.0
ITM_3094,ORD_11586,PRD_105,1,440.05,0.1
ITM_3095,ORD_11587,PRD_101,2,195.76,0.0
ITM_3096,ORD_11587,PRD_130,2,319.15,0.0
ITM_3097,ORD_11588,PRD_131,1,479.39,0.0
ITM_3098,ORD_11588,PRD_114,1,425.06,0.0
ITM_3099,ORD_11588,PRD_114,2,425.06,0.0
ITM_3100,ORD_11589,PRD_124,2,425.13,0.0
ITM_3101,ORD_11589,PRD_137,2,202.01,0.0
ITM_3102,ORD_11589,PRD_131,1,479.39,0.0
ITM_3103,ORD_11590,PRD_133,1,277.96,0.0
ITM_3104,ORD_11590,PRD_107,2,140.95,0.1
ITM_3105,ORD_11590,PRD_147,2,286.89,0.05
ITM_3106,ORD_11591,PRD_114,1,425.06,0.0
ITM_3107,ORD_11591,PRD_137,2,202.01,0.0
ITM_3108,ORD_11592,PRD_114,1,425.06,0.0
ITM_3109,ORD_11592,PRD_114,2,425.06,0.0
ITM_3110,ORD_11592,PRD_149,2,194.72,0.1
ITM_3111,ORD_11593,PRD_142,2,368.74,0.2
ITM_3112,ORD_11593,PRD_129,2,348.15,0.0
ITM_3113,ORD_11594,PRD_125,1,82.01,0.0
ITM_3114,ORD_11595,PRD_132,2,475.04,0.0
ITM_3115,ORD_11596,PRD_138,1,106.49,0.0
ITM_3116,ORD_11597,PRD_134,2,91.22,0.0
ITM_3117,ORD_11598,PRD_112,1,324.51,0.2
ITM_3118,ORD_11598,PRD_149,1,194.72,0.0
ITM_3119,ORD_11598,PRD_112,1,324.51,0.0
ITM_3120,ORD_11599,PRD_133,1,277.96,0.0
ITM_3121,ORD_11599,PRD_115,2,416.58,0.05
ITM_3122,ORD_11600,PRD_141,2,490.78,0.2
ITM_3123,ORD_11600,PRD_120,2,127.19,0.0
ITM_3124,ORD_11601,PRD_143,2,480.47,0.0
ITM_3125,ORD_11602,PRD_131,2,479.39,0.0
ITM_3126,ORD_11602,PRD_124,2,425.13,0.05
ITM_3127,ORD_11602,PRD_128,2,274.02,0.0
ITM_3128,ORD_11603,PRD_111,2,177.48,0.1
ITM_3129,ORD_11603,PRD_128,2,274.02,0.2
ITM_3130,ORD_11603,PRD_115,1,416.58,0.0
ITM_3131,ORD_11604,PRD_124,1,425.13,0.0
ITM_3132,ORD_11604,PRD_141,1,490.78,0.05
ITM_3133,ORD_11604,PRD_122,1,390.69,0.0
ITM_3134,ORD_11605,PRD_133,2,277.96,0.0
ITM_3135,ORD_11606,PRD_120,1,127.19,0.0
ITM_3136,ORD_11607,PRD_110,1,68.9,0.0
ITM_3137,ORD_11607,PRD_134,1,91.22,0.0
ITM_3138,ORD_11608,PRD_144,2,483.86,0.0
ITM_3139,ORD_11609,PRD_136,1,490.78,0.05
ITM_3140,ORD_11610,PRD_132,2,475.04,0.0
ITM_3141,ORD_11610,PRD_141,1,490.78,0.2
ITM_3142,ORD_11610,PRD_101,1,195.76,0.05
ITM_3143,ORD_11611,PRD_130,1,319.15,0.05
ITM_3144,ORD_11611,PRD_127,1,406.83,0.2
ITM_3145,ORD_11611,PRD_115,2,416.58,0.0
ITM_3146,ORD_11612,PRD_101,1,195.76,0.0
ITM_3147,ORD_11613,PRD_129,1,348.15,0.2
ITM_3148,ORD_11613,PRD_131,2,479.39,0.0
ITM_3149,ORD_11613,PRD_139,2,490.76,0.0
ITM_3150,ORD_11614,PRD_134,2,91.22,0.0
ITM_3151,ORD_11614,PRD_136,2,490.78,0.0
ITM_3152,ORD_11615,PRD_147,2,286.89,0.0
ITM_3153,ORD_11615,PRD_109,1,47.43,0.0
ITM_3154,ORD_11616,PRD_127,1,406.83,0.0
ITM_3155,ORD_11616,PRD_131,1,479.39,0.1
ITM_3156,ORD_11617,PRD_118,2,247.2,0.0
ITM_3157,ORD_11617,PRD_121,2,276.8,0.0
ITM_3158,ORD_11617,PRD_106,2,342.0,0.0
ITM_3159,ORD_11618,PRD_119,1,38.34,0.1
ITM_3160,ORD_11618,PRD_112,1,324.51,0.0
ITM_3161,ORD_11619,PRD_149,1,194.72,0.0
ITM_3162,ORD_11619,PRD_147,1,286.89,0.0
ITM_3163,ORD_11620,PRD_113,2,334.87,0.0
ITM_3164,ORD_11620,PRD_107,1,140.95,0.0
ITM_3165,ORD_11620,PRD_106,1,342.0,0.05
ITM_3166,ORD_11621,PRD_138,2,106.49,0.05
ITM_3167,ORD_11622,PRD_112,1,324.51,0.0
ITM_3168,ORD_11622,PRD_135,2,449.86,0.1
ITM_3169,ORD_11623,PRD_118,1,247.2,0.0
ITM_3170,ORD_11623,PRD_114,1,425.06,0.0
ITM_3171,ORD_11623,PRD_113,1,334.87,0.0
ITM_3172,ORD_11624,PRD_113,2,334.87,0.0
ITM_3173,ORD_11625,PRD_138,2,106.49,0.0
ITM_3174,ORD_11626,PRD_140,1,234.89,0.0
ITM_3175,ORD_11626,PRD_122,2,390.69,0.05
ITM_3176,ORD_11627,PRD_126,2,200.2,0.05
ITM_3177,ORD_11627,PRD_139,1,490.76,0.1
ITM_3178,ORD_11627,PRD_150,1,32.57,0.0
ITM_3179,ORD_11628,PRD_135,1,449.86,0.05
ITM_3180,ORD_11629,PRD_129,2,348.15,0.0
ITM_3181,ORD_11629,PRD_135,2,449.86,0.05
ITM_3182,ORD_11630,PRD_103,2,370.74,0.0
ITM_3183,ORD_11630,PRD_130,1,319.15,0.1
ITM_3184,ORD_11630,PRD_125,1,82.01,0.0
ITM_3185,ORD_11631,PRD_103,1,370.74,0.0
ITM_3186,ORD_11631,PRD_120,1,127.19,0.05
ITM_3187,ORD_11631,PRD_109,1,47.43,0.0
ITM_3188,ORD_11632,PRD_120,2,127.19,0.2
ITM_3189,ORD_11632,PRD_135,1,449.86,0.0
ITM_3190,ORD_11633,PRD_115,2,416.58,0.0
ITM_3191,ORD_11633,PRD_135,1,449.86,0.0
ITM_3192,ORD_11634,PRD_140,1,234.89,0.0
ITM_3193,ORD_11634,PRD_150,1,32.57,0.0
ITM_3194,ORD_11634,PRD_137,2,202.01,0.1
ITM_3195,ORD_11635,PRD_107,1,140.95,0.1
ITM_3196,ORD_11636,PRD_125,2,82.01,0.2
ITM_3197,ORD_11637,PRD_108,1,488.25,0.05
ITM_3198,ORD_11638,PRD_130,1,319.15,0.0
ITM_3199,ORD_11638,PRD_142,2,368.74,0.0
ITM_3200,ORD_11638,PRD_117,1,357.97,0.0
ITM_3201,ORD_11639,PRD_132,2,475.04,0.0
ITM_3202,ORD_11639,PRD_129,1,348.15,0.05
ITM_3203,ORD_11640,PRD_118,1,247.2,0.05
ITM_3204,ORD_11641,PRD_124,1,425.13,0.0
ITM_3205,ORD_11642,PRD_128,2,274.02,0.0
ITM_3206,ORD_11642,PRD_101,1,195.76,0.0
ITM_3207,ORD_11642,PRD_125,2,82.01,0.0
ITM_3208,ORD_11643,PRD_143,2,480.47,0.0
ITM_3209,ORD_11643,PRD_146,1,234.53,0.1
ITM_3210,ORD_11643,PRD_107,2,140.95,0.0
ITM_3211,ORD_11644,PRD_101,2,195.76,0.0
ITM_3212,ORD_11644,PRD_116,2,205.02,0.0
ITM_3213,ORD_11644,PRD_123,2,105.96,0.0
ITM_3214,ORD_11645,PRD_114,1,425.06,0.2
ITM_3215,ORD_11645,PRD_101,1,195.76,0.0
ITM_3216,ORD_11646,PRD_146,1,234.53,0.0
ITM_3217,ORD_11646,PRD_135,2,449.86,0.0
ITM_3218,ORD_11646,PRD_137,2,202.01,0.05
ITM_3219,ORD_11647,PRD_122,2,390.69,0.2
ITM_3220,ORD_11647,PRD_113,2,334.87,0.0
ITM_3221,ORD_11647,PRD_140,1,234.89,0.05
ITM_3222,ORD_11648,PRD_124,2,425.13,0.0
ITM_3223,ORD_11649,PRD_130,2,319.15,0.0
ITM_3224,ORD_11649,PRD_105,2,440.05,0.0
ITM_3225,ORD_11650,PRD_136,1,490.78,0.0
ITM_3226,ORD_11650,PRD_126,2,200.2,0.2
ITM_3227,ORD_11650,PRD_115,1,416.58,0.0
ITM_3228,ORD_11651,PRD_110,2,68.9,0.0
ITM_3229,ORD_11652,PRD_143,1,480.47,0.0
ITM_3230,ORD_11652,PRD_132,2,475.04,0.0
ITM_3231,ORD_11653,PRD_139,1,490.76,0.0
ITM_3232,ORD_11653,PRD_126,2,200.2,0.1
ITM_3233,ORD_11653,PRD_129,1,348.15,0.05
ITM_3234,ORD_11654,PRD_111,1,177.48,0.1
ITM_3235,ORD_11655,PRD_121,1,276.8,0.1
ITM_3236,ORD_11656,PRD_126,1,200.2,0.1
ITM_3237,ORD_11656,PRD_117,1,357.97,0.05
ITM_3238,ORD_11656,PRD_137,1,202.01,0.05
ITM_3239,ORD_11657,PRD_115,1,416.58,0.0
ITM_3240,ORD_11657,PRD_150,1,32.57,0.2
ITM_3241,ORD_11657,PRD_140,1,234.89,0.0
ITM_3242,ORD_11658,PRD_115,1,416.58,0.05
ITM_3243,ORD_11658,PRD_114,2,425.06,0.0
ITM_3244,ORD_11658,PRD_128,1,274.02,0.0
ITM_3245,ORD_11659,PRD_147,1,286.89,0.0
ITM_3246,ORD_11659,PRD_149,2,194.72,0.0
ITM_3247,ORD_11660,PRD_149,2,194.72,0.0
ITM_3248,ORD_11660,PRD_136,2,490.78,0.05
ITM_3249,ORD_11660,PRD_114,2,425.06,0.05
ITM_3250,ORD_11661,PRD_139,1,490.76,0.05
ITM_3251,ORD_11661,PRD_103,1,370.74,0.0
ITM_3252,ORD_11661,PRD_108,2,488.25,0.05
ITM_3253,ORD_11662,PRD_114,1,425.06,0.0
ITM_3254,ORD_11662,PRD_123,2,105.96,0.0
ITM_3255,ORD_11662,PRD_119,1,38.34,0.1
ITM_3256,ORD_11663,PRD_149,2,194.72,0.05
ITM_3257,ORD_11663,PRD_137,1,202.01,0.0
ITM_3258,ORD_11664,PRD_107,1,140.95,0.0
ITM_3259,ORD_11664,PRD_122,1,390.69,0.0
ITM_3260,ORD_11665,PRD_115,1,416.58,0.1
ITM_3261,ORD_11665,PRD_110,1,68.9,0.0
ITM_3262,ORD_11666,PRD_121,2,276.8,0.2
ITM_3263,ORD_11666,PRD_135,1,449.86,0.0
ITM_3264,ORD_11666,PRD_135,2,449.86,0.0
ITM_3265,ORD_11667,PRD_111,1,177.48,0.0
ITM_3266,ORD_11668,PRD_119,1,38.34,0.1
ITM_3267,ORD_11668,PRD_120,2,127.19,0.0
ITM_3268,ORD_11668,PRD_103,2,370.74,0.05
ITM_3269,ORD_11669,PRD_126,2,200.2,0.0
ITM_3270,ORD_11670,PRD_132,1,475.04,0.0
ITM_3271,ORD_11670,PRD_104,2,301.61,0.0
ITM_3272,ORD_11671,PRD_114,1,425.06,0.0
ITM_3273,ORD_11671,PRD_141,2,490.78,0.0
ITM_3274,ORD_11671,PRD_135,2,449.86,0.0
ITM_3275,ORD_11672,PRD_116,2,205.02,0.0
ITM_3276,ORD_11673,PRD_110,1,68.9,0.0
ITM_3277,ORD_11673,PRD_110,2,68.9,0.0
ITM_3278,ORD_11674,PRD_141,1,490.78,0.05
ITM_3279,ORD_11674,PRD_107,2,140.95,0.0
ITM_3280,ORD_11675,PRD_148,1,15.93,0.0
ITM_3281,ORD_11675,PRD_127,2,406.83,0.05
ITM_3282,ORD_11675,PRD_146,1,234.53,0.0
ITM_3283,ORD_11676,PRD_129,1,348.15,0.0
ITM_3284,ORD_11676,PRD_114,2,425.06,0.0
ITM_3285,ORD_11676,PRD_149,2,194.72,0.2
ITM_3286,ORD_11677,PRD_130,1,319.15,0.0
ITM_3287,ORD_11678,PRD_102,2,70.94,0.05
ITM_3288,ORD_11678,PRD_130,1,319.15,0.0
ITM_3289,ORD_11679,PRD_133,2,277.96,0.2
ITM_3290,ORD_11679,PRD_119,2,38.34,0.0
ITM_3291,ORD_11680,PRD_141,2,490.78,0.05
ITM_3292,ORD_11680,PRD_142,2,368.74,0.0
ITM_3293,ORD_11680,PRD_110,2,68.9,0.2
ITM_3294,ORD_11681,PRD_142,1,368.74,0.0
ITM_3295,ORD_11681,PRD_143,2,480.47,0.0
ITM_3296,ORD_11681,PRD_150,2,32.57,0.0
ITM_3297,ORD_11682,PRD_131,1,479.39,0.0
ITM_3298,ORD_11682,PRD_139,1,490.76,0.0
ITM_3299,ORD_11683,PRD_146,2,234.53,0.0
ITM_3300,ORD_11684,PRD_144,2,483.86,0.0
ITM_3301,ORD_11684,PRD_107,1,140.95,0.05
ITM_3302,ORD_11685,PRD_140,2,234.89,0.0
ITM_3303,ORD_11686,PRD_141,1,490.78,0.0
ITM_3304,ORD_11686,PRD_137,2,202.01,0.0
ITM_3305,ORD_11687,PRD_110,1,68.9,0.05
ITM_3306,ORD_11687,PRD_123,1,105.96,0.0
ITM_3307,ORD_11688,PRD_136,2,490.78,0.05
ITM_3308,ORD_11688,PRD_115,1,416.58,0.05
ITM_3309,ORD_11688,PRD_143,2,480.47,0.0
ITM_3310,ORD_11689,PRD_137,2,202.01,0.0
ITM_3311,ORD_11689,PRD_105,2,440.05,0.0
ITM_3312,ORD_11689,PRD_124,1,425.13,0.1
ITM_3313,ORD_11690,PRD_108,1,488.25,0.0
ITM_3314,ORD_11690,PRD_111,2,177.48,0.2
ITM_3315,ORD_11691,PRD_113,1,334.87,0.2
ITM_3316,ORD_11691,PRD_124,1,425.13,0.0
ITM_3317,ORD_11692,PRD_104,2,301.61,0.0
ITM_3318,ORD_11692,PRD_113,2,334.87,0.0
ITM_3319,ORD_11692,PRD_123,2,105.96,0.0
ITM_3320,ORD_11693,PRD_121,2,276.8,0.05
ITM_3321,ORD_11693,PRD_101,1,195.76,0.0
ITM_3322,ORD_11694,PRD_106,2,342.0,0.0
ITM_3323,ORD_11694,PRD_125,2,82.01,0.05
ITM_3324,ORD_11694,PRD_143,1,480.47,0.1
ITM_3325,ORD_11695,PRD_145,2,243.68,0.0
ITM_3326,ORD_11695,PRD_113,2,334.87,0.0
ITM_3327,ORD_11695,PRD_149,2,194.72,0.0
ITM_3328,ORD_11696,PRD_115,1,416.58,0.0
ITM_3329,ORD_11696,PRD_104,1,301.61,0.05
ITM_3330,ORD_11696,PRD_148,2,15.93,0.1
ITM_3331,ORD_11697,PRD_108,1,488.25,0.0
ITM_3332,ORD_11698,PRD_135,2,449.86,0.0
ITM_3333,ORD_11698,PRD_121,1,276.8,0.05
ITM_3334,ORD_11698,PRD_144,1,483.86,0.0
ITM_3335,ORD_11699,PRD_102,1,70.94,0.1
ITM_3336,ORD_11699,PRD_148,2,15.93,0.0
ITM_3337,ORD_11699,PRD_145,2,243.68,0.2
ITM_3338,ORD_11700,PRD_128,1,274.02,0.0
ITM_3339,ORD_11700,PRD_107,1,140.95,0.0
ITM_3340,ORD_11700,PRD_145,1,243.68,0.0
ITM_3341,ORD_11701,PRD_126,1,200.2,0.0
ITM_3342,ORD_11701,PRD_144,1,483.86,0.0
ITM_3343,ORD_11701,PRD_101,1,195.76,0.2
ITM_3344,ORD_11702,PRD_101,2,195.76,0.0
ITM_3345,ORD_11702,PRD_112,1,324.51,0.2
ITM_3346,ORD_11703,PRD_123,2,105.96,0.0
ITM_3347,ORD_11704,PRD_133,2,277.96,0.0
ITM_3348,ORD_11705,PRD_104,1,301.61,0.0
ITM_3349,ORD_11705,PRD_142,2,368.74,0.0
ITM_3350,ORD_11706,PRD_150,1,32.57,0.0
ITM_3351,ORD_11706,PRD_114,2,425.06,0.1
ITM_3352,ORD_11706,PRD_112,2,324.51,0.0
ITM_3353,ORD_11707,PRD_107,1,140.95,0.05
ITM_3354,ORD_11708,PRD_115,1,416.58,0.05
ITM_3355,ORD_11709,PRD_142,1,368.74,0.0
ITM_3356,ORD_11709,PRD_103,2,370.74,0.0
ITM_3357,ORD_11710,PRD_146,2,234.53,0.05
ITM_3358,ORD_11710,PRD_118,2,247.2,0.0
ITM_3359,ORD_11710,PRD_109,2,47.43,0.2
ITM_3360,ORD_11711,PRD_147,1,286.89,0.0
ITM_3361,ORD_11711,PRD_118,1,247.2,0.05
ITM_3362,ORD_11712,PRD_102,2,70.94,0.0
ITM_3363,ORD_11713,PRD_140,1,234.89,0.0
ITM_3364,ORD_11714,PRD_122,2,390.69,0.05
ITM_3365,ORD_11714,PRD_126,2,200.2,0.05
ITM_3366,ORD_11715,PRD_149,1,194.72,0.0
ITM_3367,ORD_11716,PRD_144,2,483.86,0.0
ITM_3368,ORD_11716,PRD_138,1,106.49,0.0
ITM_3369,ORD_11717,PRD_145,2,243.68,0.2
ITM_3370,ORD_11717,PRD_146,2,234.53,0.1
ITM_3371,ORD_11718,PRD_103,1,370.74,0.0
ITM_3372,ORD_11718,PRD_108,1,488.25,0.1
ITM_3373,ORD_11718,PRD_132,2,475.04,0.0
ITM_3374,ORD_11719,PRD_123,2,105.96,0.2
ITM_3375,ORD_11719,PRD_147,1,286.89,0.0
ITM_3376,ORD_11719,PRD_137,1,202.01,0.0
ITM_3377,ORD_11720,PRD_138,2,106.49,0.2
ITM_3378,ORD_11720,PRD_123,2,105.96,0.0
ITM_3379,ORD_11720,PRD_132,1,475.04,0.0
ITM_3380,ORD_11721,PRD_102,2,70.94,0.0
ITM_3381,ORD_11721,PRD_140,1,234.89,0.0
ITM_3382,ORD_11721,PRD_140,1,234.89,0.0
ITM_3383,ORD_11722,PRD_110,1,68.9,0.2
ITM_3384,ORD_11722,PRD_145,2,243.68,0.0
ITM_3385,ORD_11722,PRD_127,1,406.83,0.05
ITM_3386,ORD_11723,PRD_117,1,357.97,0.0
ITM_3387,ORD_11723,PRD_102,2,70.94,0.0
ITM_3388,ORD_11723,PRD_108,2,488.25,0.05
ITM_3389,ORD_11724,PRD_116,2,205.02,0.2
ITM_3390,ORD_11724,PRD_125,2,82.01,0.2
ITM_3391,ORD_11724,PRD_131,1,479.39,0.0
ITM_3392,ORD_11725,PRD_107,2,140.95,0.1
ITM_3393,ORD_11725,PRD_136,2,490.78,0.05
ITM_3394,ORD_11726,PRD_116,2,205.02,0.0
ITM_3395,ORD_11727,PRD_137,2,202.01,0.0
ITM_3396,ORD_11727,PRD_129,1,348.15,0.2
ITM_3397,ORD_11728,PRD_111,2,177.48,0.0
ITM_3398,ORD_11728,PRD_114,2,425.06,0.0
ITM_3399,ORD_11729,PRD_141,1,490.78,0.0
ITM_3400,ORD_11729,PRD_138,1,106.49,0.05
ITM_3401,ORD_11730,PRD_108,1,488.25,0.0
ITM_3402,ORD_11730,PRD_144,1,483.86,0.2
ITM_3403,ORD_11731,PRD_126,1,200.2,0.0
ITM_3404,ORD_11731,PRD_106,2,342.0,0.1
ITM_3405,ORD_11732,PRD_103,2,370.74,0.0
ITM_3406,ORD_11732,PRD_127,1,406.83,0.1
ITM_3407,ORD_11733,PRD_118,1,247.2,0.05
ITM_3408,ORD_11733,PRD_132,1,475.04,0.0
ITM_3409,ORD_11734,PRD_113,2,334.87,0.05
ITM_3410,ORD_11735,PRD_108,2,488.25,0.05
ITM_3411,ORD_11735,PRD_110,1,68.9,0.0
ITM_3412,ORD_11735,PRD_106,2,342.0,0.05
ITM_3413,ORD_11736,PRD_106,1,342.0,0.0
ITM_3414,ORD_11737,PRD_128,2,274.02,0.0
ITM_3415,ORD_11737,PRD_128,1,274.02,0.0
ITM_3416,ORD_11737,PRD_123,1,105.96,0.0
ITM_3417,ORD_11738,PRD_119,2,38.34,0.0
ITM_3418,ORD_11738,PRD_124,1,425.13,0.0
ITM_3419,ORD_11738,PRD_146,1,234.53,0.0
ITM_3420,ORD_11739,PRD_113,1,334.87,0.0
ITM_3421,ORD_11739,PRD_106,2,342.0,0.0
ITM_3422,ORD_11740,PRD_105,1,440.05,0.0
ITM_3423,ORD_11741,PRD_121,1,276.8,0.0
ITM_3424,ORD_11741,PRD_113,2,334.87,0.2
ITM_3425,ORD_11742,PRD_140,1,234.89,0.05
ITM_3426,ORD_11743,PRD_111,1,177.48,0.1
ITM_3427,ORD_11743,PRD_148,1,15.93,0.0
ITM_3428,ORD_11744,PRD_129,2,348.15,0.1
ITM_3429,ORD_11744,PRD_131,1,479.39,0.0
ITM_3430,ORD_11745,PRD_131,1,479.39,0.0
ITM_3431,ORD_11746,PRD_102,2,70.94,0.05
ITM_3432,ORD_11746,PRD_111,2,177.48,0.0
ITM_3433,ORD_11747,PRD_103,1,370.74,0.0
ITM_3434,ORD_11747,PRD_146,2,234.53,0.0
ITM_3435,ORD_11748,PRD_116,2,205.02,0.0
ITM_3436,ORD_11748,PRD_110,1,68.9,0.2
ITM_3437,ORD_11749,PRD_142,1,368.74,0.0
ITM_3438,ORD_11750,PRD_125,2,82.01,0.05
ITM_3439,ORD_11750,PRD_144,2,483.86,0.0
ITM_3440,ORD_11751,PRD_126,2,200.2,0.0
ITM_3441,ORD_11752,PRD_140,1,234.89,0.0
ITM_3442,ORD_11752,PRD_123,2,105.96,0.0
ITM_3443,ORD_11752,PRD_143,2,480.47,0.1
ITM_3444,ORD_11753,PRD_132,2,475.04,0.0
ITM_3445,ORD_11754,PRD_111,2,177.48,0.0
ITM_3446,ORD_11755,PRD_136,1,490.78,0.2
ITM_3447,ORD_11756,PRD_107,2,140.95,0.0
ITM_3448,ORD_11756,PRD_118,1,247.2,0.05
ITM_3449,ORD_11757,PRD_130,2,319.15,0.0
ITM_3450,ORD_11757,PRD_125,2,82.01,0.0
ITM_3451,ORD_11757,PRD_137,2,202.01,0.2
ITM_3452,ORD_11758,PRD_116,1,205.02,0.0
ITM_3453,ORD_11758,PRD_131,1,479.39,0.1
ITM_3454,ORD_11759,PRD_131,1,479.39,0.0
ITM_3455,ORD_11759,PRD_131,1,479.39,0.2
ITM_3456,ORD_11759,PRD_138,2,106.49,0.05
ITM_3457,ORD_11760,PRD_105,2,440.05,0.0
ITM_3458,ORD_11760,PRD_129,1,348.15,0.0
ITM_3459,ORD_11761,PRD_115,2,416.58,0.0
ITM_3460,ORD_11761,PRD_123,2,105.96,0.05
ITM_3461,ORD_11762,PRD_125,2,82.01,0.0
ITM_3462,ORD_11762,PRD_146,2,234.53,0.0
ITM_3463,ORD_11763,PRD_107,2,140.95,0.05
ITM_3464,ORD_11763,PRD_140,2,234.89,0.0
ITM_3465,ORD_11764,PRD_109,1,47.43,0.2
ITM_3466,ORD_11764,PRD_105,1,440.05,0.0
ITM_3467,ORD_11764,PRD_124,1,425.13,0.0
ITM_3468,ORD_11765,PRD_139,1,490.76,0.0
ITM_3469,ORD_11766,PRD_147,2,286.89,0.0
ITM_3470,ORD_11766,PRD_113,2,334.87,0.2
ITM_3471,ORD_11767,PRD_132,2,475.04,0.0
ITM_3472,ORD_11767,PRD_147,2,286.89,0.1
ITM_3473,ORD_11768,PRD_111,2,177.48,0.1
ITM_3474,ORD_11768,PRD_115,2,416.58,0.0
ITM_3475,ORD_11769,PRD_130,2,319.15,0.0
ITM_3476,ORD_11770,PRD_143,1,480.47,0.05
ITM_3477,ORD_11770,PRD_145,1,243.68,0.0
ITM_3478,ORD_11770,PRD_139,1,490.76,0.2
ITM_3479,ORD_11771,PRD_145,2,243.68,0.0
ITM_3480,ORD_11771,PRD_105,2,440.05,0.1
ITM_3481,ORD_11772,PRD_129,2,348.15,0.0
ITM_3482,ORD_11773,PRD_113,1,334.87,0.0
ITM_3483,ORD_11773,PRD_125,1,82.01,0.0
ITM_3484,ORD_11774,PRD_122,2,390.69,0.1
ITM_3485,ORD_11774,PRD_132,1,475.04,0.0
ITM_3486,ORD_11774,PRD_141,2,490.78,0.0
ITM_3487,ORD_11775,PRD_102,2,70.94,0.0
ITM_3488,ORD_11775,PRD_146,1,234.53,0.0
ITM_3489,ORD_11775,PRD_117,1,357.97,0.1
ITM_3490,ORD_11776,PRD_125,2,82.01,0.0
ITM_3491,ORD_11776,PRD_112,2,324.51,0.0
ITM_3492,ORD_11776,PRD_123,1,105.96,0.0
ITM_3493,ORD_11777,PRD_144,1,483.86,0.0
ITM_3494,ORD_11777,PRD_107,2,140.95,0.05
ITM_3495,ORD_11778,PRD_134,1,91.22,0.0
ITM_3496,ORD_11779,PRD_119,1,38.34,0.0
ITM_3497,ORD_11779,PRD_126,2,200.2,0.1
ITM_3498,ORD_11779,PRD_104,1,301.61,0.05
ITM_3499,ORD_11780,PRD_126,2,200.2,0.0
ITM_3500,ORD_11780,PRD_133,1,277.96,0.05
ITM_3501,ORD_11780,PRD_125,1,82.01,0.0
ITM_3502,ORD_11781,PRD_124,1,425.13,0.0
ITM_3503,ORD_11781,PRD_143,2,480.47,0.0
ITM_3504,ORD_11781,PRD_131,2,479.39,0.2
ITM_3505,ORD_11782,PRD_117,1,357.97,0.1
ITM_3506,ORD_11782,PRD_115,2,416.58,0.05
ITM_3507,ORD_11782,PRD_143,2,480.47,0.05
ITM_3508,ORD_11783,PRD_131,2,479.39,0.05
ITM_3509,ORD_11783,PRD_144,2,483.86,0.0
ITM_3510,ORD_11783,PRD_110,2,68.9,0.05
ITM_3511,ORD_11784,PRD_106,1,342.0,0.1
ITM_3512,ORD_11785,PRD_111,1,177.48,0.0
ITM_3513,ORD_11785,PRD_125,1,82.01,0.05
ITM_3514,ORD_11785,PRD_147,1,286.89,0.0
ITM_3515,ORD_11786,PRD_139,2,490.76,0.0
ITM_3516,ORD_11787,PRD_109,2,47.43,0.0
ITM_3517,ORD_11787,PRD_148,1,15.93,0.0
ITM_3518,ORD_11787,PRD_132,1,475.04,0.0
ITM_3519,ORD_11788,PRD_144,2,483.86,0.05
ITM_3520,ORD_11788,PRD_150,2,32.57,0.0
ITM_3521,ORD_11789,PRD_132,2,475.04,0.2
ITM_3522,ORD_11790,PRD_124,1,425.13,0.0
ITM_3523,ORD_11791,PRD_132,2,475.04,0.2
ITM_3524,ORD_11792,PRD_150,2,32.57,0.2
ITM_3525,ORD_11793,PRD_132,2,475.04,0.0
ITM_3526,ORD_11794,PRD_116,2,205.02,0.0
ITM_3527,ORD_11795,PRD_146,1,234.53,0.1
ITM_3528,ORD_11796,PRD_132,1,475.04,0.2
ITM_3529,ORD_11796,PRD_135,2,449.86,0.05
ITM_3530,ORD_11797,PRD_140,2,234.89,0.0
ITM_3531,ORD_11797,PRD_138,1,106.49,0.05
ITM_3532,ORD_11797,PRD_138,2,106.49,0.2
ITM_3533,ORD_11798,PRD_135,1,449.86,0.0
ITM_3534,ORD_11798,PRD_117,2,357.97,0.2
ITM_3535,ORD_11798,PRD_139,2,490.76,0.2
ITM_3536,ORD_11799,PRD_108,1,488.25,0.0
ITM_3537,ORD_11799,PRD_120,2,127.19,0.05
ITM_3538,ORD_11799,PRD_124,1,425.13,0.0
ITM_3539,ORD_11800,PRD_140,1,234.89,0.0
ITM_3540,ORD_11800,PRD_124,2,425.13,0.0
ITM_3541,ORD_11800,PRD_142,1,368.74,0.05
ITM_3542,ORD_11801,PRD_110,1,68.9,0.0
ITM_3543,ORD_11801,PRD_143,1,480.47,0.05
ITM_3544,ORD_11801,PRD_135,1,449.86,0.0
ITM_3545,ORD_11802,PRD_143,1,480.47,0.1
ITM_3546,ORD_11802,PRD_120,2,127.19,0.05
ITM_3547,ORD_11803,PRD_110,1,68.9,0.0
ITM_3548,ORD_11803,PRD_118,2,247.2,0.05
ITM_3549,ORD_11803,PRD_127,1,406.83,0.05
ITM_3550,ORD_11804,PRD_123,1,105.96,0.0
ITM_3551,ORD_11804,PRD_101,2,195.76,0.0
ITM_3552,ORD_11804,PRD_121,1,276.8,0.2
ITM_3553,ORD_11805,PRD_126,1,200.2,0.0
ITM_3554,ORD_11805,PRD_129,2,348.15,0.0
ITM_3555,ORD_11806,PRD_109,1,47.43,0.05
ITM_3556,ORD_11807,PRD_138,2,106.49,0.05
ITM_3557,ORD_11808,PRD_131,1,479.39,0.0
ITM_3558,ORD_11808,PRD_117,2,357.97,0.05
ITM_3559,ORD_11808,PRD_122,1,390.69,0.0
ITM_3560,ORD_11809,PRD_110,1,68.9,0.05
ITM_3561,ORD_11809,PRD_119,2,38.34,0.05
ITM_3562,ORD_11810,PRD_116,2,205.02,0.05
ITM_3563,ORD_11811,PRD_129,1,348.15,0.0
ITM_3564,ORD_11811,PRD_137,2,202.01,0.05
ITM_3565,ORD_11811,PRD_114,2,425.06,0.0
ITM_3566,ORD_11812,PRD_125,1,82.01,0.05
ITM_3567,ORD_11812,PRD_120,2,127.19,0.0
ITM_3568,ORD_11812,PRD_119,2,38.34,0.05
ITM_3569,ORD_11813,PRD_119,2,38.34,0.0
ITM_3570,ORD_11814,PRD_105,1,440.05,0.0
ITM_3571,ORD_11814,PRD_103,1,370.74,0.05
ITM_3572,ORD_11814,PRD_110,2,68.9,0.05
ITM_3573,ORD_11815,PRD_115,2,416.58,0.05
ITM_3574,ORD_11816,PRD_108,1,488.25,0.2
ITM_3575,ORD_11816,PRD_143,1,480.47,0.0
ITM_3576,ORD_11816,PRD_143,1,480.47,0.05
ITM_3577,ORD_11817,PRD_118,2,247.2,0.0
ITM_3578,ORD_11818,PRD_135,2,449.86,0.0
ITM_3579,ORD_11819,PRD_137,1,202.01,0.0
ITM_3580,ORD_11820,PRD_104,1,301.61,0.05
ITM_3581,ORD_11820,PRD_125,2,82.01,0.05
ITM_3582,ORD_11820,PRD_115,1,416.58,0.0
ITM_3583,ORD_11821,PRD_142,2,368.74,0.05
ITM_3584,ORD_11822,PRD_147,1,286.89,0.0
ITM_3585,ORD_11822,PRD_134,1,91.22,0.0
ITM_3586,ORD_11823,PRD_127,2,406.83,0.0
ITM_3587,ORD_11823,PRD_122,2,390.69,0.05
ITM_3588,ORD_11823,PRD_107,2,140.95,0.2
ITM_3589,ORD_11824,PRD_108,2,488.25,0.2
ITM_3590,ORD_11824,PRD_127,1,406.83,0.0
ITM_3591,ORD_11825,PRD_110,1,68.9,0.0
ITM_3592,ORD_11825,PRD_118,1,247.2,0.05
ITM_3593,ORD_11825,PRD_131,1,479.39,0.0
ITM_3594,ORD_11826,PRD_105,2,440.05,0.2
ITM_3595,ORD_11826,PRD_150,2,32.57,0.05
ITM_3596,ORD_11827,PRD_114,2,425.06,0.2
ITM_3597,ORD_11827,PRD_123,2,105.96,0.05
ITM_3598,ORD_11827,PRD_133,1,277.96,0.0
ITM_3599,ORD_11828,PRD_131,1,479.39,0.1
ITM_3600,ORD_11828,PRD_141,2,490.78,0.0
ITM_3601,ORD_11829,PRD_113,2,334.87,0.05
ITM_3602,ORD_11829,PRD_145,2,243.68,0.0
ITM_3603,ORD_11830,PRD_125,1,82.01,0.2
ITM_3604,ORD_11831,PRD_142,2,368.74,0.0
ITM_3605,ORD_11832,PRD_142,1,368.74,0.0
ITM_3606,ORD_11832,PRD_120,2,127.19,0.2
ITM_3607,ORD_11833,PRD_137,2,202.01,0.0
ITM_3608,ORD_11834,PRD_103,1,370.74,0.05
ITM_3609,ORD_11835,PRD_114,2,425.06,0.0
ITM_3610,ORD_11836,PRD_134,2,91.22,0.0
ITM_3611,ORD_11836,PRD_143,2,480.47,0.0
ITM_3612,ORD_11837,PRD_119,1,38.34,0.0
ITM_3613,ORD_11837,PRD_128,2,274.02,0.2
ITM_3614,ORD_11837,PRD_106,2,342.0,0.0
ITM_3615,ORD_11838,PRD_129,2,348.15,0.0
ITM_3616,ORD_11839,PRD_148,1,15.93,0.0
ITM_3617,ORD_11839,PRD_144,2,483.86,0.2
ITM_3618,ORD_11839,PRD_123,1,105.96,0.0
ITM_3619,ORD_11840,PRD_139,2,490.76,0.1
ITM_3620,ORD_11841,PRD_122,1,390.69,0.1
ITM_3621,ORD_11841,PRD_112,2,324.51,0.05
ITM_3622,ORD_11842,PRD_149,2,194.72,0.0
ITM_3623,ORD_11843,PRD_140,2,234.89,0.0
ITM_3624,ORD_11843,PRD_142,2,368.74,0.1
ITM_3625,ORD_11843,PRD_105,2,440.05,0.05
ITM_3626,ORD_11844,PRD_141,1,490.78,0.2
ITM_3627,ORD_11844,PRD_122,2,390.69,0.0
ITM_3628,ORD_11845,PRD_101,1,195.76,0.0
ITM_3629,ORD_11845,PRD_134,1,91.22,0.2
ITM_3630,ORD_11846,PRD_119,2,38.34,0.0
ITM_3631,ORD_11846,PRD_115,2,416.58,0.1
ITM_3632,ORD_11847,PRD_118,2,247.2,0.2
ITM_3633,ORD_11848,PRD_130,2,319.15,0.0
ITM_3634,ORD_11848,PRD_109,2,47.43,0.05
ITM_3635,ORD_11848,PRD_129,1,348.15,0.0
ITM_3636,ORD_11849,PRD_115,1,416.58,0.1
ITM_3637,ORD_11850,PRD_108,2,488.25,0.0
ITM_3638,ORD_11851,PRD_142,1,368.74,0.0
ITM_3639,ORD_11852,PRD_122,2,390.69,0.05
ITM_3640,ORD_11853,PRD_105,2,440.05,0.0
ITM_3641,ORD_11853,PRD_107,2,140.95,0.05
ITM_3642,ORD_11853,PRD_138,1,106.49,0.05
ITM_3643,ORD_11854,PRD_139,1,490.76,0.0
ITM_3644,ORD_11854,PRD_146,2,234.53,0.1
ITM_3645,ORD_11854,PRD_130,1,319.15,0.0
ITM_3646,ORD_11855,PRD_112,1,324.51,0.05
ITM_3647,ORD_11855,PRD_110,1,68.9,0.05
ITM_3648,ORD_11855,PRD_131,1,479.39,0.2
ITM_3649,ORD_11856,PRD_124,1,425.13,0.0
ITM_3650,ORD_11856,PRD_101,2,195.76,0.0
ITM_3651,ORD_11856,PRD_101,2,195.76,0.1
ITM_3652,ORD_11857,PRD_102,2,70.94,0.2
ITM_3653,ORD_11857,PRD_112,2,324.51,0.05
ITM_3654,ORD_11858,PRD_138,2,106.49,0.05
ITM_3655,ORD_11858,PRD_119,2,38.34,0.0
ITM_3656,ORD_11859,PRD_128,2,274.02,0.0
ITM_3657,ORD_11859,PRD_108,1,488.25,0.0
ITM_3658,ORD_11860,PRD_122,1,390.69,0.0
ITM_3659,ORD_11860,PRD_139,1,490.76,0.1
ITM_3660,ORD_11860,PRD_142,1,368.74,0.0
ITM_3661,ORD_11861,PRD_145,2,243.68,0.0
ITM_3662,ORD_11862,PRD_124,1,425.13,0.0
ITM_3663,ORD_11863,PRD_102,2,70.94,0.0
ITM_3664,ORD_11863,PRD_147,2,286.89,0.0
ITM_3665,ORD_11864,PRD_105,2,440.05,0.05
ITM_3666,ORD_11864,PRD_122,2,390.69,0.0
ITM_3667,ORD_11864,PRD_102,1,70.94,0.0
ITM_3668,ORD_11865,PRD_140,1,234.89,0.05
ITM_3669,ORD_11866,PRD_105,1,440.05,0.0
ITM_3670,ORD_11866,PRD_114,2,425.06,0.0
ITM_3671,ORD_11867,PRD_148,2,15.93,0.0
ITM_3672,ORD_11867,PRD_104,2,301.61,0.05
ITM_3673,ORD_11868,PRD_142,1,368.74,0.0
ITM_3674,ORD_11868,PRD_111,1,177.48,0.0
ITM_3675,ORD_11869,PRD_117,1,357.97,0.2
ITM_3676,ORD_11869,PRD_115,2,416.58,0.0
ITM_3677,ORD_11869,PRD_146,1,234.53,0.0
ITM_3678,ORD_11870,PRD_120,1,127.19,0.0
ITM_3679,ORD_11870,PRD_124,2,425.13,0.2
ITM_3680,ORD_11871,PRD_120,2,127.19,0.0
ITM_3681,ORD_11871,PRD_124,2,425.13,0.0
ITM_3682,ORD_11872,PRD_127,2,406.83,0.1
ITM_3683,ORD_11873,PRD_109,2,47.43,0.05
ITM_3684,ORD_11873,PRD_133,2,277.96,0.0
ITM_3685,ORD_11873,PRD_121,2,276.8,0.0
ITM_3686,ORD_11874,PRD_138,1,106.49,0.05
ITM_3687,ORD_11874,PRD_131,2,479.39,0.2
ITM_3688,ORD_11874,PRD_138,2,106.49,0.0
ITM_3689,ORD_11875,PRD_120,1,127.19,0.0
ITM_3690,ORD_11875,PRD_148,1,15.93,0.0
ITM_3691,ORD_11875,PRD_106,2,342.0,0.1
ITM_3692,ORD_11876,PRD_107,1,140.95,0.0
ITM_3693,ORD_11876,PRD_140,2,234.89,0.0
ITM_3694,ORD_11877,PRD_122,2,390.69,0.0
ITM_3695,ORD_11878,PRD_146,2,234.53,0.0
ITM_3696,ORD_11878,PRD_109,1,47.43,0.0
ITM_3697,ORD_11879,PRD_113,1,334.87,0.05
ITM_3698,ORD_11880,PRD_132,2,475.04,0.0
ITM_3699,ORD_11880,PRD_118,1,247.2,0.0
ITM_3700,ORD_11881,PRD_101,1,195.76,0.0
ITM_3701,ORD_11881,PRD_124,1,425.13,0.0
ITM_3702,ORD_11881,PRD_133,2,277.96,0.2
ITM_3703,ORD_11882,PRD_117,1,357.97,0.05
ITM_3704,ORD_11882,PRD_119,1,38.34,0.0
ITM_3705,ORD_11883,PRD_132,2,475.04,0.05
ITM_3706,ORD_11883,PRD_109,1,47.43,0.0
ITM_3707,ORD_11883,PRD_120,2,127.19,0.05
ITM_3708,ORD_11884,PRD_111,2,177.48,0.0
ITM_3709,ORD_11884,PRD_109,2,47.43,0.0
ITM_3710,ORD_11884,PRD_144,1,483.86,0.05
ITM_3711,ORD_11885,PRD_144,2,483.86,0.0
ITM_3712,ORD_11885,PRD_149,1,194.72,0.0
ITM_3713,ORD_11886,PRD_111,1,177.48,0.0
ITM_3714,ORD_11886,PRD_149,1,194.72,0.0
ITM_3715,ORD_11887,PRD_122,2,390.69,0.0
ITM_3716,ORD_11888,PRD_117,2,357.97,0.0
ITM_3717,ORD_11888,PRD_133,1,277.96,0.0
ITM_3718,ORD_11888,PRD_107,2,140.95,0.0
ITM_3719,ORD_11889,PRD_107,2,140.95,0.0
ITM_3720,ORD_11890,PRD_147,1,286.89,0.0
ITM_3721,ORD_11891,PRD_104,2,301.61,0.0
ITM_3722,ORD_11891,PRD_105,1,440.05,0.2
ITM_3723,ORD_11892,PRD_132,2,475.04,0.0
ITM_3724,ORD_11893,PRD_142,1,368.74,0.05
ITM_3725,ORD_11894,PRD_117,1,357.97,0.2
ITM_3726,ORD_11894,PRD_106,1,342.0,0.0
ITM_3727,ORD_11895,PRD_117,2,357.97,0.0
ITM_3728,ORD_11895,PRD_103,2,370.74,0.0
ITM_3729,ORD_11896,PRD_107,1,140.95,0.0
ITM_3730,ORD_11897,PRD_127,2,406.83,0.0
ITM_3731,ORD_11897,PRD_102,2,70.94,0.0
ITM_3732,ORD_11897,PRD_115,2,416.58,0.1
ITM_3733,ORD_11898,PRD_143,1,480.47,0.0
ITM_3734,ORD_11898,PRD_122,2,390.69,0.0
ITM_3735,ORD_11898,PRD_126,1,200.2,0.0
ITM_3736,ORD_11899,PRD_116,1,205.02,0.0
ITM_3737,ORD_11899,PRD_118,2,247.2,0.05
ITM_3738,ORD_11900,PRD_116,2,205.02,0.0
ITM_3739,ORD_11900,PRD_104,2,301.61,0.0
ITM_3740,ORD_11901,PRD_132,1,475.04,0.0
ITM_3741,ORD_11902,PRD_121,1,276.8,0.05
ITM_3742,ORD_11902,PRD_127,1,406.83,0.1
ITM_3743,ORD_11902,PRD_112,1,324.51,0.2
ITM_3744,ORD_11903,PRD_149,1,194.72,0.1
ITM_3745,ORD_11904,PRD_116,2,205.02,0.0
ITM_3746,ORD_11904,PRD_141,2,490.78,0.0
ITM_3747,ORD_11905,PRD_117,1,357.97,0.0
ITM_3748,ORD_11905,PRD_108,1,488.25,0.05
ITM_3749,ORD_11906,PRD_121,2,276.8,0.0
ITM_3750,ORD_11907,PRD_132,2,475.04,0.0
ITM_3751,ORD_11908,PRD_138,2,106.49,0.1
ITM_3752,ORD_11908,PRD_121,1,276.8,0.05
ITM_3753,ORD_11909,PRD_118,2,247.2,0.0
ITM_3754,ORD_11910,PRD_113,1,334.87,0.2
ITM_3755,ORD_11910,PRD_124,1,425.13,0.0
ITM_3756,ORD_11911,PRD_122,2,390.69,0.2
ITM_3757,ORD_11912,PRD_150,2,32.57,0.2
ITM_3758,ORD_11912,PRD_112,1,324.51,0.0
ITM_3759,ORD_11912,PRD_118,2,247.2,0.0
ITM_3760,ORD_11913,PRD_147,2,286.89,0.0
ITM_3761,ORD_11913,PRD_118,2,247.2,0.0
ITM_3762,ORD_11913,PRD_104,2,301.61,0.0
ITM_3763,ORD_11914,PRD_102,2,70.94,0.05
ITM_3764,ORD_11914,PRD_123,1,105.96,0.0
ITM_3765,ORD_11914,PRD_105,1,440.05,0.0
ITM_3766,ORD_11915,PRD_137,1,202.01,0.0
ITM_3767,ORD_11915,PRD_142,2,368.74,0.0
ITM_3768,ORD_11915,PRD_140,1,234.89,0.0
ITM_3769,ORD_11916,PRD_122,1,390.69,0.0
ITM_3770,ORD_11916,PRD_137,1,202.01,0.0
ITM_3771,ORD_11916,PRD_141,1,490.78,0.0
ITM_3772,ORD_11917,PRD_118,2,247.2,0.2
ITM_3773,ORD_11918,PRD_110,2,68.9,0.0
ITM_3774,ORD_11918,PRD_101,1,195.76,0.0
ITM_3775,ORD_11919,PRD_133,1,277.96,0.2
ITM_3776,ORD_11920,PRD_127,2,406.83,0.0
ITM_3777,ORD_11920,PRD_133,1,277.96,0.0
ITM_3778,ORD_11920,PRD_149,2,194.72,0.0
ITM_3779,ORD_11921,PRD_148,2,15.93,0.0
ITM_3780,ORD_11921,PRD_149,2,194.72,0.0
ITM_3781,ORD_11921,PRD_145,1,243.68,0.2
ITM_3782,ORD_11922,PRD_123,1,105.96,0.0
ITM_3783,ORD_11922,PRD_111,2,177.48,0.1
ITM_3784,ORD_11923,PRD_121,2,276.8,0.2
ITM_3785,ORD_11923,PRD_124,2,425.13,0.0
ITM_3786,ORD_11923,PRD_124,2,425.13,0.0
ITM_3787,ORD_11924,PRD_136,1,490.78,0.1
ITM_3788,ORD_11925,PRD_145,2,243.68,0.2
ITM_3789,ORD_11926,PRD_147,1,286.89,0.2
ITM_3790,ORD_11927,PRD_133,1,277.96,0.0
ITM_3791,ORD_11928,PRD_129,2,348.15,0.05
ITM_3792,ORD_11929,PRD_117,1,357.97,0.05
ITM_3793,ORD_11930,PRD_135,2,449.86,0.2
ITM_3794,ORD_11930,PRD_147,1,286.89,0.1
ITM_3795,ORD_11931,PRD_135,2,449.86,0.1
ITM_3796,ORD_11931,PRD_137,2,202.01,0.0
ITM_3797,ORD_11931,PRD_120,2,127.19,0.0
ITM_3798,ORD_11932,PRD_122,2,390.69,0.05
ITM_3799,ORD_11932,PRD_142,2,368.74,0.05
ITM_3800,ORD_11932,PRD_119,1,38.34,0.0
ITM_3801,ORD_11933,PRD_102,1,70.94,0.0
ITM_3802,ORD_11933,PRD_116,2,205.02,0.0
ITM_3803,ORD_11933,PRD_112,2,324.51,0.0
ITM_3804,ORD_11934,PRD_106,2,342.0,0.0
ITM_3805,ORD_11934,PRD_134,2,91.22,0.0
ITM_3806,ORD_11934,PRD_136,1,490.78,0.0
ITM_3807,ORD_11935,PRD_116,2,205.02,0.0
ITM_3808,ORD_11936,PRD_115,2,416.58,0.0
ITM_3809,ORD_11936,PRD_111,1,177.48,0.0
ITM_3810,ORD_11937,PRD_107,1,140.95,0.0
ITM_3811,ORD_11937,PRD_136,2,490.78,0.0
ITM_3812,ORD_11938,PRD_122,1,390.69,0.0
ITM_3813,ORD_11938,PRD_134,2,91.22,0.0
ITM_3814,ORD_11938,PRD_103,2,370.74,0.0
ITM_3815,ORD_11939,PRD_142,1,368.74,0.1
ITM_3816,ORD_11940,PRD_114,2,425.06,0.0
ITM_3817,ORD_11940,PRD_120,1,127.19,0.2
ITM_3818,ORD_11940,PRD_116,1,205.02,0.0
ITM_3819,ORD_11941,PRD_117,1,357.97,0.0
ITM_3820,ORD_11941,PRD_146,1,234.53,0.0
ITM_3821,ORD_11941,PRD_128,1,274.02,0.0
ITM_3822,ORD_11942,PRD_122,2,390.69,0.0
ITM_3823,ORD_11943,PRD_125,2,82.01,0.05
ITM_3824,ORD_11943,PRD_106,1,342.0,0.2
ITM_3825,ORD_11943,PRD_108,1,488.25,0.05
ITM_3826,ORD_11944,PRD_130,2,319.15,0.2
ITM_3827,ORD_11945,PRD_104,2,301.61,0.05
ITM_3828,ORD_11945,PRD_104,1,301.61,0.0
ITM_3829,ORD_11945,PRD_105,1,440.05,0.0
ITM_3830,ORD_11946,PRD_134,1,91.22,0.1
ITM_3831,ORD_11947,PRD_141,1,490.78,0.0
ITM_3832,ORD_11947,PRD_142,1,368.74,0.05
ITM_3833,ORD_11948,PRD_117,1,357.97,0.0
ITM_3834,ORD_11949,PRD_145,1,243.68,0.05
ITM_3835,ORD_11950,PRD_103,2,370.74,0.0
ITM_3836,ORD_11951,PRD_128,1,274.02,0.0
ITM_3837,ORD_11951,PRD_109,2,47.43,0.0
ITM_3838,ORD_11952,PRD_104,2,301.61,0.1
ITM_3839,ORD_11952,PRD_114,1,425.06,0.05
ITM_3840,ORD_11953,PRD_112,1,324.51,0.05
ITM_3841,ORD_11953,PRD_103,1,370.74,0.0
ITM_3842,ORD_11953,PRD_144,2,483.86,0.05
ITM_3843,ORD_11954,PRD_110,2,68.9,0.2
ITM_3844,ORD_11954,PRD_110,1,68.9,0.0
ITM_3845,ORD_11955,PRD_131,2,479.39,0.05
ITM_3846,ORD_11956,PRD_118,2,247.2,0.0
ITM_3847,ORD_11956,PRD_112,2,324.51,0.05
ITM_3848,ORD_11957,PRD_134,2,91.22,0.0
ITM_3849,ORD_11958,PRD_140,1,234.89,0.0
ITM_3850,ORD_11958,PRD_121,2,276.8,0.05
ITM_3851,ORD_11959,PRD_120,2,127.19,0.0
ITM_3852,ORD_11960,PRD_137,1,202.01,0.0
ITM_3853,ORD_11961,PRD_110,1,68.9,0.0
ITM_3854,ORD_11961,PRD_148,2,15.93,0.05
ITM_3855,ORD_11961,PRD_145,2,243.68,0.0
ITM_3856,ORD_11962,PRD_134,2,91.22,0.05
ITM_3857,ORD_11962,PRD_111,1,177.48,0.05
ITM_3858,ORD_11963,PRD_130,2,319.15,0.0
ITM_3859,ORD_11963,PRD_102,2,70.94,0.05
ITM_3860,ORD_11963,PRD_118,2,247.2,0.0
ITM_3861,ORD_11964,PRD_109,2,47.43,0.05
ITM_3862,ORD_11964,PRD_141,2,490.78,0.1
ITM_3863,ORD_11964,PRD_129,2,348.15,0.0
ITM_3864,ORD_11965,PRD_140,2,234.89,0.2
ITM_3865,ORD_11965,PRD_116,2,205.02,0.0
ITM_3866,ORD_11965,PRD_150,1,32.57,0.1
ITM_3867,ORD_11966,PRD_142,1,368.74,0.1
ITM_3868,ORD_11966,PRD_108,1,488.25,0.0
ITM_3869,ORD_11967,PRD_113,2,334.87,0.0
ITM_3870,ORD_11967,PRD_140,1,234.89,0.05
ITM_3871,ORD_11968,PRD_138,2,106.49,0.0
ITM_3872,ORD_11969,PRD_123,2,105.96,0.0
ITM_3873,ORD_11969,PRD_115,1,416.58,0.05
ITM_3874,ORD_11969,PRD_124,2,425.13,0.0
ITM_3875,ORD_11970,PRD_148,1,15.93,0.2
ITM_3876,ORD_11970,PRD_103,2,370.74,0.0
ITM_3877,ORD_11971,PRD_121,1,276.8,0.0
ITM_3878,ORD_11972,PRD_117,1,357.97,0.0
ITM_3879,ORD_11973,PRD_144,1,483.86,0.2
ITM_3880,ORD_11973,PRD_113,2,334.87,0.05
ITM_3881,ORD_11973,PRD_128,1,274.02,0.0
ITM_3882,ORD_11974,PRD_141,1,490.78,0.1
ITM_3883,ORD_11974,PRD_102,1,70.94,0.0
ITM_3884,ORD_11975,PRD_143,1,480.47,0.2
ITM_3885,ORD_11975,PRD_126,1,200.2,0.05
ITM_3886,ORD_11976,PRD_112,2,324.51,0.0
ITM_3887,ORD_11976,PRD_147,1,286.89,0.2
ITM_3888,ORD_11976,PRD_104,2,301.61,0.0
ITM_3889,ORD_11977,PRD_143,2,480.47,0.05
ITM_3890,ORD_11978,PRD_137,2,202.01,0.05
ITM_3891,ORD_11978,PRD_101,1,195.76,0.05
ITM_3892,ORD_11978,PRD_120,2,127.19,0.0
ITM_3893,ORD_11979,PRD_144,2,483.86,0.0
ITM_3894,ORD_11980,PRD_130,2,319.15,0.05
ITM_3895,ORD_11980,PRD_104,1,301.61,0.0
ITM_3896,ORD_11981,PRD_104,1,301.61,0.0
ITM_3897,ORD_11981,PRD_137,1,202.01,0.0
ITM_3898,ORD_11981,PRD_123,1,105.96,0.0
ITM_3899,ORD_11982,PRD_127,1,406.83,0.1
ITM_3900,ORD_11982,PRD_102,2,70.94,0.0
ITM_3901,ORD_11982,PRD_109,2,47.43,0.05
ITM_3902,ORD_11983,PRD_123,1,105.96,0.2
ITM_3903,ORD_11983,PRD_121,1,276.8,0.0
ITM_3904,ORD_11983,PRD_136,1,490.78,0.05
ITM_3905,ORD_11984,PRD_118,1,247.2,0.05
ITM_3906,ORD_11984,PRD_130,1,319.15,0.0
ITM_3907,ORD_11984,PRD_141,1,490.78,0.0
ITM_3908,ORD_11985,PRD_106,2,342.0,0.05
ITM_3909,ORD_11985,PRD_148,1,15.93,0.05
ITM_3910,ORD_11986,PRD_123,1,105.96,0.2
ITM_3911,ORD_11986,PRD_101,2,195.76,0.0
ITM_3912,ORD_11986,PRD_117,2,357.97,0.0
ITM_3913,ORD_11987,PRD_112,2,324.51,0.2
ITM_3914,ORD_11987,PRD_136,2,490.78,0.0
ITM_3915,ORD_11987,PRD_141,1,490.78,0.1
ITM_3916,ORD_11988,PRD_150,2,32.57,0.05
ITM_3917,ORD_11988,PRD_120,1,127.19,0.05
ITM_3918,ORD_11988,PRD_124,1,425.13,0.05
ITM_3919,ORD_11989,PRD_133,2,277.96,0.05
ITM_3920,ORD_11989,PRD_111,1,177.48,0.0
ITM_3921,ORD_11989,PRD_122,2,390.69,0.0
ITM_3922,ORD_11990,PRD_126,1,200.2,0.1
ITM_3923,ORD_11990,PRD_146,1,234.53,0.0
ITM_3924,ORD_11991,PRD_112,1,324.51,0.2
ITM_3925,ORD_11991,PRD_113,2,334.87,0.05
ITM_3926,ORD_11991,PRD_128,1,274.02,0.05
ITM_3927,ORD_11992,PRD_141,2,490.78,0.0
ITM_3928,ORD_11992,PRD_131,1,479.39,0.0
ITM_3929,ORD_11992,PRD_149,1,194.72,0.0
ITM_3930,ORD_11993,PRD_114,1,425.06,0.0
ITM_3931,ORD_11994,PRD_136,2,490.78,0.0
ITM_3932,ORD_11995,PRD_126,2,200.2,0.0
ITM_3933,ORD_11996,PRD_139,2,490.76,0.1
ITM_3934,ORD_11996,PRD_147,2,286.89,0.0
ITM_3935,ORD_11996,PRD_104,2,301.61,0.0
ITM_3936,ORD_11997,PRD_145,2,243.68,0.0
ITM_3937,ORD_11998,PRD_130,1,319.15,0.0
ITM_3938,ORD_11998,PRD_114,2,425.06,0.1
ITM_3939,ORD_11999,PRD_106,1,342.0,0.0
ITM_3940,ORD_11999,PRD_125,2,82.01,0.0
ITM_3941,ORD_12000,PRD_105,1,440.05,0.2
ITM_3942,ORD_12000,PRD_101,2,195.76,0.0
ITM_3943,ORD_12000,PRD_131,2,479.39,0.2
ITM_3944,ORD_12001,PRD_142,2,368.74,0.0
ITM_3945,ORD_12001,PRD_149,2,194.72,0.0
ITM_3946,ORD_12001,PRD_101,2,195.76,0.0
ITM_3947,ORD_12002,PRD_123,1,105.96,0.1
ITM_3948,ORD_12002,PRD_108,1,488.25,0.2
ITM_3949,ORD_12003,PRD_103,1,370.74,0.0
ITM_3950,ORD_12004,PRD_123,2,105.96,0.0
ITM_3951,ORD_12004,PRD_126,2,200.2,0.1
ITM_3952,ORD_12005,PRD_129,2,348.15,0.05
ITM_3953,ORD_12005,PRD_115,2,416.58,0.05
ITM_3954,ORD_12005,PRD_103,1,370.74,0.05
ITM_3955,ORD_12006,PRD_121,2,276.8,0.0
ITM_3956,ORD_12006,PRD_115,1,416.58,0.2
ITM_3957,ORD_12006,PRD_142,2,368.74,0.1
ITM_3958,ORD_12007,PRD_127,2,406.83,0.2
ITM_3959,ORD_12007,PRD_130,2,319.15,0.0
ITM_3960,ORD_12008,PRD_110,1,68.9,0.0
ITM_3961,ORD_12008,PRD_135,2,449.86,0.1
ITM_3962,ORD_12009,PRD_135,1,449.86,0.2
ITM_3963,ORD_12010,PRD_131,2,479.39,0.0
ITM_3964,ORD_12011,PRD_118,2,247.2,0.0
ITM_3965,ORD_12011,PRD_112,2,324.51,0.0
ITM_3966,ORD_12011,PRD_140,1,234.89,0.2
ITM_3967,ORD_12012,PRD_125,2,82.01,0.0
ITM_3968,ORD_12012,PRD_119,2,38.34,0.0
ITM_3969,ORD_12013,PRD_116,2,205.02,0.0
ITM_3970,ORD_12014,PRD_108,1,488.25,0.2
ITM_3971,ORD_12014,PRD_110,1,68.9,0.05
ITM_3972,ORD_12014,PRD_128,2,274.02,0.05
ITM_3973,ORD_12015,PRD_103,2,370.74,0.0
ITM_3974,ORD_12015,PRD_112,1,324.51,0.0
ITM_3975,ORD_12016,PRD_131,2,479.39,0.0
ITM_3976,ORD_12016,PRD_139,1,490.76,0.0
ITM_3977,ORD_12016,PRD_108,2,488.25,0.0
ITM_3978,ORD_12017,PRD_101,1,195.76,0.0
ITM_3979,ORD_12018,PRD_150,2,32.57,0.0
ITM_3980,ORD_12018,PRD_133,1,277.96,0.0
ITM_3981,ORD_12018,PRD_148,1,15.93,0.0
ITM_3982,ORD_12019,PRD_144,1,483.86,0.0
ITM_3983,ORD_12019,PRD_103,1,370.74,0.0
ITM_3984,ORD_12020,PRD_148,1,15.93,0.0
ITM_3985,ORD_12020,PRD_109,1,47.43,0.0
ITM_3986,ORD_12020,PRD_132,2,475.04,0.2
ITM_3987,ORD_12021,PRD_133,2,277.96,0.0
ITM_3988,ORD_12022,PRD_139,2,490.76,0.0
ITM_3989,ORD_12023,PRD_115,2,416.58,0.0
ITM_3990,ORD_12024,PRD_138,1,106.49,0.05
ITM_3991,ORD_12024,PRD_144,1,483.86,0.2
ITM_3992,ORD_12024,PRD_114,2,425.06,0.05
ITM_3993,ORD_12025,PRD_144,2,483.86,0.0
ITM_3994,ORD_12025,PRD_109,1,47.43,0.2
ITM_3995,ORD_12025,PRD_135,1,449.86,0.05
ITM_3996,ORD_12026,PRD_126,1,200.2,0.0
ITM_3997,ORD_12026,PRD_108,1,488.25,0.0
ITM_3998,ORD_12026,PRD_144,2,483.86,0.0
ITM_3999,ORD_12027,PRD_122,1,390.69,0.05
ITM_4000,ORD_12027,PRD_142,2,368.74,0.2
ITM_4001,ORD_12028,PRD_131,2,479.39,0.0
ITM_4002,ORD_12028,PRD_108,1,488.25,0.0
ITM_4003,ORD_12028,PRD_115,2,416.58,0.0
ITM_4004,ORD_12029,PRD_144,1,483.86,0.05
ITM_4005,ORD_12029,PRD_131,1,479.39,0.2
ITM_4006,ORD_12030,PRD_135,2,449.86,0.0
ITM_4007,ORD_12030,PRD_139,1,490.76,0.0
ITM_4008,ORD_12031,PRD_122,2,390.69,0.0
ITM_4009,ORD_12032,PRD_112,2,324.51,0.0
ITM_4010,ORD_12033,PRD_120,2,127.19,0.0
ITM_4011,ORD_12034,PRD_129,1,348.15,0.0
ITM_4012,ORD_12035,PRD_104,1,301.61,0.05
ITM_4013,ORD_12035,PRD_106,1,342.0,0.05
ITM_4014,ORD_12035,PRD_128,2,274.02,0.05
ITM_4015,ORD_12036,PRD_105,2,440.05,0.05
ITM_4016,ORD_12036,PRD_148,1,15.93,0.0
ITM_4017,ORD_12036,PRD_142,1,368.74,0.2
ITM_4018,ORD_12037,PRD_133,1,277.96,0.0
ITM_4019,ORD_12037,PRD_140,1,234.89,0.0
ITM_4020,ORD_12038,PRD_138,2,106.49,0.2
ITM_4021,ORD_12038,PRD_134,2,91.22,0.1
ITM_4022,ORD_12039,PRD_148,2,15.93,0.1
ITM_4023,ORD_12039,PRD_104,1,301.61,0.05
ITM_4024,ORD_12039,PRD_109,2,47.43,0.0
ITM_4025,ORD_12040,PRD_119,2,38.34,0.0
ITM_4026,ORD_12040,PRD_120,2,127.19,0.0
ITM_4027,ORD_12040,PRD_146,1,234.53,0.2
ITM_4028,ORD_12041,PRD_119,2,38.34,0.0
ITM_4029,ORD_12041,PRD_113,1,334.87,0.2
ITM_4030,ORD_12042,PRD_144,2,483.86,0.0
ITM_4031,ORD_12043,PRD_137,1,202.01,0.0
ITM_4032,ORD_12043,PRD_138,2,106.49,0.0
ITM_4033,ORD_12043,PRD_126,2,200.2,0.0
ITM_4034,ORD_12044,PRD_107,2,140.95,0.0
ITM_4035,ORD_12044,PRD_108,1,488.25,0.0
ITM_4036,ORD_12044,PRD_125,1,82.01,0.05
ITM_4037,ORD_12045,PRD_146,1,234.53,0.0
ITM_4038,ORD_12045,PRD_103,1,370.74,0.05
ITM_4039,ORD_12045,PRD_123,1,105.96,0.0
ITM_4040,ORD_12046,PRD_129,1,348.15,0.0
ITM_4041,ORD_12046,PRD_108,2,488.25,0.0
ITM_4042,ORD_12046,PRD_111,2,177.48,0.05
ITM_4043,ORD_12047,PRD_109,1,47.43,0.1
ITM_4044,ORD_12048,PRD_119,1,38.34,0.05
ITM_4045,ORD_12049,PRD_141,2,490.78,0.0
ITM_4046,ORD_12050,PRD_105,2,440.05,0.0
ITM_4047,ORD_12050,PRD_115,2,416.58,0.05
ITM_4048,ORD_12050,PRD_142,2,368.74,0.1
ITM_4049,ORD_12051,PRD_135,2,449.86,0.0
ITM_4050,ORD_12052,PRD_114,1,425.06,0.1
ITM_4051,ORD_12052,PRD_110,1,68.9,0.05
ITM_4052,ORD_12053,PRD_116,1,205.02,0.0
ITM_4053,ORD_12053,PRD_132,2,475.04,0.1
ITM_4054,ORD_12053,PRD_112,1,324.51,0.2
ITM_4055,ORD_12054,PRD_110,1,68.9,0.05
ITM_4056,ORD_12054,PRD_137,1,202.01,0.0
ITM_4057,ORD_12055,PRD_135,2,449.86,0.0
ITM_4058,ORD_12055,PRD_105,1,440.05,0.0
ITM_4059,ORD_12055,PRD_148,2,15.93,0.2
ITM_4060,ORD_12056,PRD_147,1,286.89,0.0
ITM_4061,ORD_12056,PRD_127,1,406.83,0.0
ITM_4062,ORD_12057,PRD_121,1,276.8,0.0
ITM_4063,ORD_12057,PRD_147,2,286.89,0.0
ITM_4064,ORD_12057,PRD_150,1,32.57,0.0
ITM_4065,ORD_12058,PRD_125,2,82.01,0.05
ITM_4066,ORD_12058,PRD_118,2,247.2,0.0
ITM_4067,ORD_12058,PRD_127,1,406.83,0.05
ITM_4068,ORD_12059,PRD_137,1,202.01,0.0
ITM_4069,ORD_12060,PRD_105,1,440.05,0.0
ITM_4070,ORD_12060,PRD_129,1,348.15,0.0
ITM_4071,ORD_12060,PRD_129,2,348.15,0.1
ITM_4072,ORD_12061,PRD_121,1,276.8,0.0
ITM_4073,ORD_12062,PRD_140,2,234.89,0.2
ITM_4074,ORD_12063,PRD_130,2,319.15,0.0
ITM_4075,ORD_12063,PRD_126,1,200.2,0.2
ITM_4076,ORD_12063,PRD_141,2,490.78,0.0
ITM_4077,ORD_12064,PRD_108,2,488.25,0.1
ITM_4078,ORD_12065,PRD_108,2,488.25,0.05
ITM_4079,ORD_12065,PRD_118,2,247.2,0.05
ITM_4080,ORD_12066,PRD_117,2,357.97,0.0
ITM_4081,ORD_12067,PRD_117,1,357.97,0.0
ITM_4082,ORD_12067,PRD_110,1,68.9,0.0
ITM_4083,ORD_12067,PRD_136,1,490.78,0.05
ITM_4084,ORD_12068,PRD_131,1,479.39,0.2
ITM_4085,ORD_12068,PRD_150,1,32.57,0.2
ITM_4086,ORD_12068,PRD_109,1,47.43,0.0
ITM_4087,ORD_12069,PRD_128,1,274.02,0.0
ITM_4088,ORD_12070,PRD_106,1,342.0,0.05
ITM_4089,ORD_12071,PRD_134,1,91.22,0.1
ITM_4090,ORD_12072,PRD_109,1,47.43,0.0
ITM_4091,ORD_12072,PRD_110,2,68.9,0.05
ITM_4092,ORD_12073,PRD_123,2,105.96,0.0
ITM_4093,ORD_12073,PRD_143,2,480.47,0.0
ITM_4094,ORD_12073,PRD_128,2,274.02,0.0
ITM_4095,ORD_12074,PRD_127,1,406.83,0.1
ITM_4096,ORD_12074,PRD_107,2,140.95,0.0
ITM_4097,ORD_12074,PRD_135,1,449.86,0.0
ITM_4098,ORD_12075,PRD_146,2,234.53,0.05
ITM_4099,ORD_12076,PRD_118,2,247.2,0.05
ITM_4100,ORD_12076,PRD_133,2,277.96,0.0
ITM_4101,ORD_12076,PRD_114,1,425.06,0.0
ITM_4102,ORD_12077,PRD_139,2,490.76,0.2
ITM_4103,ORD_12077,PRD_125,1,82.01,0.0
ITM_4104,ORD_12078,PRD_105,1,440.05,0.0
ITM_4105,ORD_12079,PRD_138,2,106.49,0.05
ITM_4106,ORD_12080,PRD_134,2,91.22,0.0
ITM_4107,ORD_12080,PRD_134,2,91.22,0.05
ITM_4108,ORD_12081,PRD_128,2,274.02,0.2
ITM_4109,ORD_12082,PRD_129,1,348.15,0.05
ITM_4110,ORD_12082,PRD_138,1,106.49,0.1
ITM_4111,ORD_12082,PRD_139,2,490.76,0.1
ITM_4112,ORD_12083,PRD_147,2,286.89,0.0
ITM_4113,ORD_12083,PRD_122,1,390.69,0.0
ITM_4114,ORD_12083,PRD_134,2,91.22,0.0
ITM_4115,ORD_12084,PRD_133,2,277.96,0.0
ITM_4116,ORD_12084,PRD_118,1,247.2,0.2
ITM_4117,ORD_12084,PRD_102,2,70.94,0.0
ITM_4118,ORD_12085,PRD_137,2,202.01,0.05
ITM_4119,ORD_12086,PRD_141,2,490.78,0.2
ITM_4120,ORD_12086,PRD_140,2,234.89,0.05
ITM_4121,ORD_12086,PRD_107,1,140.95,0.0
ITM_4122,ORD_12087,PRD_146,1,234.53,0.2
ITM_4123,ORD_12088,PRD_146,1,234.53,0.1
ITM_4124,ORD_12088,PRD_114,1,425.06,0.05
ITM_4125,ORD_12089,PRD_144,1,483.86,0.0
ITM_4126,ORD_12089,PRD_142,1,368.74,0.0
ITM_4127,ORD_12089,PRD_145,1,243.68,0.0
ITM_4128,ORD_12090,PRD_138,1,106.49,0.0
ITM_4129,ORD_12090,PRD_122,1,390.69,0.0
ITM_4130,ORD_12091,PRD_137,2,202.01,0.1
ITM_4131,ORD_12092,PRD_116,1,205.02,0.1
ITM_4132,ORD_12092,PRD_117,2,357.97,0.0
ITM_4133,ORD_12093,PRD_115,2,416.58,0.0
ITM_4134,ORD_12093,PRD_119,2,38.34,0.0
ITM_4135,ORD_12093,PRD_127,2,406.83,0.0
ITM_4136,ORD_12094,PRD_143,2,480.47,0.0
ITM_4137,ORD_12094,PRD_138,1,106.49,0.1
ITM_4138,ORD_12095,PRD_103,1,370.74,0.0
ITM_4139,ORD_12096,PRD_136,1,490.78,0.2
ITM_4140,ORD_12097,PRD_117,2,357.97,0.0
ITM_4141,ORD_12098,PRD_138,2,106.49,0.0
ITM_4142,ORD_12098,PRD_112,1,324.51,0.2
ITM_4143,ORD_12098,PRD_147,1,286.89,0.0
ITM_4144,ORD_12099,PRD_134,1,91.22,0.2
ITM_4145,ORD_12099,PRD_143,1,480.47,0.05
ITM_4146,ORD_12099,PRD_126,1,200.2,0.0
ITM_4147,ORD_12100,PRD_120,1,127.19,0.05
ITM_4148,ORD_12100,PRD_122,1,390.69,0.0
ITM_4149,ORD_12100,PRD_105,2,440.05,0.0
ITM_4150,ORD_12101,PRD_150,1,32.57,0.0
ITM_4151,ORD_12101,PRD_140,1,234.89,0.0
ITM_4152,ORD_12101,PRD_129,1,348.15,0.0
ITM_4153,ORD_12102,PRD_125,2,82.01,0.05
ITM_4154,ORD_12103,PRD_141,2,490.78,0.2
ITM_4155,ORD_12103,PRD_133,2,277.96,0.0
ITM_4156,ORD_12103,PRD_147,1,286.89,0.2
ITM_4157,ORD_12104,PRD_126,2,200.2,0.0
ITM_4158,ORD_12105,PRD_118,2,247.2,0.0
ITM_4159,ORD_12105,PRD_139,2,490.76,0.05
ITM_4160,ORD_12106,PRD_109,1,47.43,0.0
ITM_4161,ORD_12107,PRD_118,1,247.2,0.0
ITM_4162,ORD_12108,PRD_142,2,368.74,0.0
ITM_4163,ORD_12109,PRD_140,1,234.89,0.05
ITM_4164,ORD_12110,PRD_146,2,234.53,0.0
ITM_4165,ORD_12110,PRD_111,2,177.48,0.0
ITM_4166,ORD_12111,PRD_116,2,205.02,0.1
ITM_4167,ORD_12111,PRD_105,1,440.05,0.0
ITM_4168,ORD_12111,PRD_122,1,390.69,0.05
ITM_4169,ORD_12112,PRD_131,1,479.39,0.2
ITM_4170,ORD_12113,PRD_122,2,390.69,0.0
ITM_4171,ORD_12113,PRD_102,1,70.94,0.0
ITM_4172,ORD_12114,PRD_118,1,247.2,0.0
ITM_4173,ORD_12115,PRD_149,2,194.72,0.0
ITM_4174,ORD_12115,PRD_138,2,106.49,0.0
ITM_4175,ORD_12115,PRD_114,1,425.06,0.1
ITM_4176,ORD_12116,PRD_114,1,425.06,0.0
ITM_4177,ORD_12116,PRD_116,1,205.02,0.05
ITM_4178,ORD_12117,PRD_140,2,234.89,0.2
ITM_4179,ORD_12117,PRD_120,2,127.19,0.0
ITM_4180,ORD_12117,PRD_111,1,177.48,0.0
ITM_4181,ORD_12118,PRD_122,1,390.69,0.0
ITM_4182,ORD_12118,PRD_121,1,276.8,0.0
ITM_4183,ORD_12119,PRD_113,1,334.87,0.0
ITM_4184,ORD_12119,PRD_101,2,195.76,0.05
ITM_4185,ORD_12119,PRD_115,2,416.58,0.2
ITM_4186,ORD_12120,PRD_113,2,334.87,0.0
ITM_4187,ORD_12121,PRD_145,1,243.68,0.05
ITM_4188,ORD_12121,PRD_125,2,82.01,0.1
ITM_4189,ORD_12121,PRD_131,2,479.39,0.1
ITM_4190,ORD_12122,PRD_128,1,274.02,0.0
ITM_4191,ORD_12123,PRD_108,2,488.25,0.05
ITM_4192,ORD_12123,PRD_147,1,286.89,0.0
ITM_4193,ORD_12124,PRD_134,1,91.22,0.0
ITM_4194,ORD_12124,PRD_103,1,370.74,0.05
ITM_4195,ORD_12124,PRD_130,1,319.15,0.05
ITM_4196,ORD_12125,PRD_129,2,348.15,0.1
ITM_4197,ORD_12126,PRD_120,2,127.19,0.0
ITM_4198,ORD_12127,PRD_116,2,205.02,0.0
ITM_4199,ORD_12127,PRD_122,2,390.69,0.0
ITM_4200,ORD_12127,PRD_139,2,490.76,0.0
ITM_4201,ORD_12128,PRD_123,1,105.96,0.1
ITM_4202,ORD_12128,PRD_110,2,68.9,0.1
ITM_4203,ORD_12128,PRD_132,2,475.04,0.05
ITM_4204,ORD_12129,PRD_140,1,234.89,0.0
ITM_4205,ORD_12129,PRD_150,1,32.57,0.0
ITM_4206,ORD_12129,PRD_135,2,449.86,0.0
ITM_4207,ORD_12130,PRD_105,2,440.05,0.0
ITM_4208,ORD_12131,PRD_102,2,70.94,0.0
ITM_4209,ORD_12132,PRD_137,2,202.01,0.0
ITM_4210,ORD_12132,PRD_116,2,205.02,0.05
ITM_4211,ORD_12132,PRD_125,1,82.01,0.05
ITM_4212,ORD_12133,PRD_130,2,319.15,0.0
ITM_4213,ORD_12133,PRD_114,2,425.06,0.1
ITM_4214,ORD_12134,PRD_146,1,234.53,0.2
ITM_4215,ORD_12134,PRD_106,2,342.0,0.0
ITM_4216,ORD_12135,PRD_130,2,319.15,0.0
ITM_4217,ORD_12135,PRD_126,1,200.2,0.0
ITM_4218,ORD_12135,PRD_142,1,368.74,0.1
ITM_4219,ORD_12136,PRD_145,2,243.68,0.05
ITM_4220,ORD_12136,PRD_122,2,390.69,0.0
ITM_4221,ORD_12137,PRD_107,1,140.95,0.05
ITM_4222,ORD_12137,PRD_145,1,243.68,0.0
ITM_4223,ORD_12138,PRD_122,2,390.69,0.0
ITM_4224,ORD_12138,PRD_115,1,416.58,0.1
ITM_4225,ORD_12139,PRD_138,2,106.49,0.1
ITM_4226,ORD_12140,PRD_145,1,243.68,0.0
ITM_4227,ORD_12140,PRD_144,1,483.86,0.2
ITM_4228,ORD_12141,PRD_139,2,490.76,0.0
ITM_4229,ORD_12141,PRD_118,2,247.2,0.0
ITM_4230,ORD_12142,PRD_121,1,276.8,0.0
ITM_4231,ORD_12142,PRD_132,2,475.04,0.0
ITM_4232,ORD_12142,PRD_123,2,105.96,0.05
ITM_4233,ORD_12143,PRD_103,2,370.74,0.1
ITM_4234,ORD_12143,PRD_112,2,324.51,0.05
ITM_4235,ORD_12144,PRD_102,1,70.94,0.0
ITM_4236,ORD_12144,PRD_125,1,82.01,0.0
ITM_4237,ORD_12145,PRD_104,2,301.61,0.0
ITM_4238,ORD_12145,PRD_115,1,416.58,0.2
ITM_4239,ORD_12146,PRD_130,1,319.15,0.0
ITM_4240,ORD_12146,PRD_107,1,140.95,0.0
ITM_4241,ORD_12146,PRD_118,1,247.2,0.1
ITM_4242,ORD_12147,PRD_144,2,483.86,0.0
ITM_4243,ORD_12148,PRD_118,2,247.2,0.0
ITM_4244,ORD_12148,PRD_146,1,234.53,0.0
ITM_4245,ORD_12149,PRD_147,1,286.89,0.0
ITM_4246,ORD_12149,PRD_133,2,277.96,0.2
ITM_4247,ORD_12149,PRD_150,2,32.57,0.0
ITM_4248,ORD_12150,PRD_125,1,82.01,0.0
ITM_4249,ORD_12151,PRD_143,1,480.47,0.1
ITM_4250,ORD_12152,PRD_126,1,200.2,0.0
ITM_4251,ORD_12153,PRD_120,2,127.19,0.0
ITM_4252,ORD_12153,PRD_106,2,342.0,0.0
ITM_4253,ORD_12153,PRD_131,1,479.39,0.0
ITM_4254,ORD_12154,PRD_128,1,274.02,0.0
ITM_4255,ORD_12154,PRD_139,1,490.76,0.0
ITM_4256,ORD_12154,PRD_114,1,425.06,0.05
ITM_4257,ORD_12155,PRD_143,2,480.47,0.1
ITM_4258,ORD_12156,PRD_136,1,490.78,0.0
ITM_4259,ORD_12156,PRD_140,1,234.89,0.0
ITM_4260,ORD_12156,PRD_107,2,140.95,0.0
ITM_4261,ORD_12157,PRD_142,1,368.74,0.0
ITM_4262,ORD_12157,PRD_131,1,479.39,0.1
ITM_4263,ORD_12158,PRD_139,2,490.76,0.0
ITM_4264,ORD_12158,PRD_113,2,334.87,0.1
ITM_4265,ORD_12159,PRD_135,2,449.86,0.0
ITM_4266,ORD_12159,PRD_137,2,202.01,0.0
ITM_4267,ORD_12159,PRD_149,1,194.72,0.1
ITM_4268,ORD_12160,PRD_133,2,277.96,0.0
ITM_4269,ORD_12160,PRD_124,2,425.13,0.0
ITM_4270,ORD_12160,PRD_143,1,480.47,0.05
ITM_4271,ORD_12161,PRD_105,1,440.05,0.05
ITM_4272,ORD_12162,PRD_123,2,105.96,0.2
ITM_4273,ORD_12162,PRD_139,1,490.76,0.1
ITM_4274,ORD_12163,PRD_130,2,319.15,0.0
ITM_4275,ORD_12163,PRD_111,2,177.48,0.0
ITM_4276,ORD_12164,PRD_103,2,370.74,0.0
ITM_4277,ORD_12165,PRD_106,2,342.0,0.0
ITM_4278,ORD_12166,PRD_118,2,247.2,0.1
ITM_4279,ORD_12166,PRD_139,2,490.76,0.0
ITM_4280,ORD_12167,PRD_108,1,488.25,0.0
ITM_4281,ORD_12168,PRD_105,2,440.05,0.0
ITM_4282,ORD_12168,PRD_149,1,194.72,0.0
ITM_4283,ORD_12168,PRD_117,2,357.97,0.2
ITM_4284,ORD_12169,PRD_113,2,334.87,0.0
ITM_4285,ORD_12169,PRD_118,2,247.2,0.0
ITM_4286,ORD_12170,PRD_139,2,490.76,0.0
ITM_4287,ORD_12170,PRD_103,2,370.74,0.0
ITM_4288,ORD_12170,PRD_150,1,32.57,0.0
ITM_4289,ORD_12171,PRD_123,1,105.96,0.2
ITM_4290,ORD_12172,PRD_127,2,406.83,0.05
ITM_4291,ORD_12172,PRD_111,1,177.48,0.05
ITM_4292,ORD_12173,PRD_107,2,140.95,0.0
ITM_4293,ORD_12174,PRD_142,1,368.74,0.0
ITM_4294,ORD_12175,PRD_143,2,480.47,0.05
ITM_4295,ORD_12175,PRD_139,1,490.76,0.05
ITM_4296,ORD_12176,PRD_133,2,277.96,0.0
ITM_4297,ORD_12176,PRD_114,1,425.06,0.1
ITM_4298,ORD_12177,PRD_107,1,140.95,0.2
ITM_4299,ORD_12178,PRD_109,1,47.43,0.0
ITM_4300,ORD_12178,PRD_143,1,480.47,0.1
ITM_4301,ORD_12179,PRD_118,1,247.2,0.0
ITM_4302,ORD_12179,PRD_144,2,483.86,0.0
ITM_4303,ORD_12180,PRD_110,2,68.9,0.05
ITM_4304,ORD_12180,PRD_128,2,274.02,0.05
ITM_4305,ORD_12181,PRD_127,2,406.83,0.0
ITM_4306,ORD_12182,PRD_129,2,348.15,0.1
ITM_4307,ORD_12182,PRD_108,1,488.25,0.0
ITM_4308,ORD_12183,PRD_111,2,177.48,0.05
ITM_4309,ORD_12184,PRD_116,2,205.02,0.0
ITM_4310,ORD_12185,PRD_130,2,319.15,0.05
ITM_4311,ORD_12185,PRD_108,1,488.25,0.0
ITM_4312,ORD_12185,PRD_117,1,357.97,0.1
ITM_4313,ORD_12186,PRD_134,2,91.22,0.0
ITM_4314,ORD_12186,PRD_107,2,140.95,0.05
ITM_4315,ORD_12186,PRD_150,2,32.57,0.0
ITM_4316,ORD_12187,PRD_113,1,334.87,0.0
ITM_4317,ORD_12187,PRD_132,1,475.04,0.0
ITM_4318,ORD_12187,PRD_140,1,234.89,0.0
ITM_4319,ORD_12188,PRD_118,2,247.2,0.0
ITM_4320,ORD_12188,PRD_145,2,243.68,0.05
ITM_4321,ORD_12188,PRD_126,1,200.2,0.05
ITM_4322,ORD_12189,PRD_138,1,106.49,0.0
ITM_4323,ORD_12189,PRD_144,2,483.86,0.2
ITM_4324,ORD_12189,PRD_138,2,106.49,0.0
ITM_4325,ORD_12190,PRD_122,1,390.69,0.0
ITM_4326,ORD_12190,PRD_123,2,105.96,0.05
ITM_4327,ORD_12190,PRD_142,2,368.74,0.0
ITM_4328,ORD_12191,PRD_126,2,200.2,0.1
ITM_4329,ORD_12191,PRD_132,2,475.04,0.0
ITM_4330,ORD_12191,PRD_145,1,243.68,0.1
ITM_4331,ORD_12192,PRD_123,1,105.96,0.05
ITM_4332,ORD_12193,PRD_131,2,479.39,0.05
ITM_4333,ORD_12193,PRD_102,2,70.94,0.0
ITM_4334,ORD_12193,PRD_126,1,200.2,0.1
ITM_4335,ORD_12194,PRD_138,1,106.49,0.0
ITM_4336,ORD_12194,PRD_147,1,286.89,0.05
ITM_4337,ORD_12195,PRD_102,2,70.94,0.05
ITM_4338,ORD_12195,PRD_138,1,106.49,0.05
ITM_4339,ORD_12196,PRD_139,1,490.76,0.05
ITM_4340,ORD_12196,PRD_102,1,70.94,0.05
ITM_4341,ORD_12196,PRD_114,1,425.06,0.0
ITM_4342,ORD_12197,PRD_110,1,68.9,0.05
ITM_4343,ORD_12198,PRD_105,2,440.05,0.05
ITM_4344,ORD_12198,PRD_111,1,177.48,0.0
ITM_4345,ORD_12198,PRD_142,1,368.74,0.0
ITM_4346,ORD_12199,PRD_108,1,488.25,0.1
ITM_4347,ORD_12199,PRD_123,1,105.96,0.0
ITM_4348,ORD_12200,PRD_128,1,274.02,0.0
ITM_4349,ORD_12201,PRD_134,1,91.22,0.0
ITM_4350,ORD_12202,PRD_107,1,140.95,0.0
ITM_4351,ORD_12202,PRD_123,1,105.96,0.0
ITM_4352,ORD_12202,PRD_122,1,390.69,0.05
ITM_4353,ORD_12203,PRD_102,2,70.94,0.05
ITM_4354,ORD_12203,PRD_150,2,32.57,0.0
ITM_4355,ORD_12204,PRD_118,1,247.2,0.0
ITM_4356,ORD_12204,PRD_119,1,38.34,0.1
ITM_4357,ORD_12204,PRD_144,2,483.86,0.0
ITM_4358,ORD_12205,PRD_116,2,205.02,0.0
ITM_4359,ORD_12205,PRD_147,1,286.89,0.05
ITM_4360,ORD_12206,PRD_143,1,480.47,0.0
ITM_4361,ORD_12206,PRD_113,2,334.87,0.05
ITM_4362,ORD_12206,PRD_146,2,234.53,0.2
ITM_4363,ORD_12207,PRD_102,1,70.94,0.0
ITM_4364,ORD_12207,PRD_138,2,106.49,0.05
ITM_4365,ORD_12207,PRD_139,1,490.76,0.0
ITM_4366,ORD_12208,PRD_102,1,70.94,0.0
ITM_4367,ORD_12208,PRD_150,1,32.57,0.05
ITM_4368,ORD_12209,PRD_148,2,15.93,0.0
ITM_4369,ORD_12209,PRD_105,1,440.05,0.0
ITM_4370,ORD_12209,PRD_142,2,368.74,0.2
ITM_4371,ORD_12210,PRD_125,1,82.01,0.0
ITM_4372,ORD_12210,PRD_137,1,202.01,0.05
ITM_4373,ORD_12210,PRD_133,2,277.96,0.0
ITM_4374,ORD_12211,PRD_114,1,425.06,0.2
ITM_4375,ORD_12211,PRD_136,2,490.78,0.0
ITM_4376,ORD_12211,PRD_147,2,286.89,0.2
ITM_4377,ORD_12212,PRD_139,2,490.76,0.05
ITM_4378,ORD_12213,PRD_106,2,342.0,0.0
ITM_4379,ORD_12213,PRD_140,2,234.89,0.2
ITM_4380,ORD_12213,PRD_111,1,177.48,0.0
ITM_4381,ORD_12214,PRD_144,1,483.86,0.0
ITM_4382,ORD_12215,PRD_141,2,490.78,0.0
ITM_4383,ORD_12216,PRD_126,1,200.2,0.2
ITM_4384,ORD_12216,PRD_115,2,416.58,0.1
ITM_4385,ORD_12217,PRD_146,2,234.53,0.05
ITM_4386,ORD_12217,PRD_116,1,205.02,0.0
ITM_4387,ORD_12218,PRD_148,2,15.93,0.0
ITM_4388,ORD_12218,PRD_142,1,368.74,0.1
ITM_4389,ORD_12218,PRD_116,1,205.02,0.1
ITM_4390,ORD_12219,PRD_141,1,490.78,0.0
ITM_4391,ORD_12220,PRD_145,1,243.68,0.0
ITM_4392,ORD_12221,PRD_121,2,276.8,0.2
ITM_4393,ORD_12221,PRD_127,2,406.83,0.0
ITM_4394,ORD_12222,PRD_103,2,370.74,0.0
ITM_4395,ORD_12223,PRD_145,2,243.68,0.0
ITM_4396,ORD_12223,PRD_130,2,319.15,0.0
ITM_4397,ORD_12224,PRD_133,1,277.96,0.0
ITM_4398,ORD_12224,PRD_136,1,490.78,0.0
ITM_4399,ORD_12225,PRD_150,2,32.57,0.0
ITM_4400,ORD_12226,PRD_140,2,234.89,0.05
ITM_4401,ORD_12226,PRD_128,2,274.02,0.05
ITM_4402,ORD_12227,PRD_114,2,425.06,0.1
ITM_4403,ORD_12228,PRD_140,1,234.89,0.0
ITM_4404,ORD_12228,PRD_132,1,475.04,0.0
ITM_4405,ORD_12229,PRD_131,2,479.39,0.05
ITM_4406,ORD_12229,PRD_108,1,488.25,0.0
ITM_4407,ORD_12229,PRD_107,2,140.95,0.2
ITM_4408,ORD_12230,PRD_123,2,105.96,0.05
ITM_4409,ORD_12230,PRD_104,2,301.61,0.2
ITM_4410,ORD_12230,PRD_119,1,38.34,0.0
ITM_4411,ORD_12231,PRD_126,1,200.2,0.1
ITM_4412,ORD_12231,PRD_123,2,105.96,0.05
ITM_4413,ORD_12231,PRD_134,1,91.22,0.0
ITM_4414,ORD_12232,PRD_150,1,32.57,0.0
ITM_4415,ORD_12233,PRD_149,1,194.72,0.0
ITM_4416,ORD_12234,PRD_129,1,348.15,0.05
ITM_4417,ORD_12235,PRD_118,2,247.2,0.0
ITM_4418,ORD_12235,PRD_123,1,105.96,0.1
ITM_4419,ORD_12236,PRD_102,2,70.94,0.0
ITM_4420,ORD_12236,PRD_127,2,406.83,0.0
ITM_4421,ORD_12237,PRD_129,2,348.15,0.05
ITM_4422,ORD_12238,PRD_107,1,140.95,0.0
ITM_4423,ORD_12238,PRD_141,2,490.78,0.0
ITM_4424,ORD_12238,PRD_122,2,390.69,0.0
ITM_4425,ORD_12239,PRD_137,2,202.01,0.0
ITM_4426,ORD_12239,PRD_144,1,483.86,0.0
ITM_4427,ORD_12240,PRD_101,1,195.76,0.0
ITM_4428,ORD_12240,PRD_115,2,416.58,0.0
ITM_4429,ORD_12240,PRD_144,2,483.86,0.2
ITM_4430,ORD_12241,PRD_134,1,91.22,0.0
ITM_4431,ORD_12242,PRD_130,1,319.15,0.05
ITM_4432,ORD_12242,PRD_125,1,82.01,0.1
ITM_4433,ORD_12242,PRD_104,2,301.61,0.1
ITM_4434,ORD_12243,PRD_130,1,319.15,0.1
ITM_4435,ORD_12244,PRD_137,2,202.01,0.2
ITM_4436,ORD_12245,PRD_116,2,205.02,0.0
ITM_4437,ORD_12245,PRD_117,2,357.97,0.0
ITM_4438,ORD_12245,PRD_126,1,200.2,0.1
ITM_4439,ORD_12246,PRD_145,2,243.68,0.0
ITM_4440,ORD_12247,PRD_127,1,406.83,0.0
ITM_4441,ORD_12247,PRD_123,2,105.96,0.0
ITM_4442,ORD_12248,PRD_115,1,416.58,0.0
ITM_4443,ORD_12248,PRD_104,2,301.61,0.0
ITM_4444,ORD_12248,PRD_102,1,70.94,0.0
ITM_4445,ORD_12249,PRD_120,2,127.19,0.0
ITM_4446,ORD_12249,PRD_132,1,475.04,0.05
ITM_4447,ORD_12250,PRD_139,2,490.76,0.0
ITM_4448,ORD_12251,PRD_125,1,82.01,0.0
ITM_4449,ORD_12252,PRD_106,1,342.0,0.0
ITM_4450,ORD_12252,PRD_145,2,243.68,0.0
ITM_4451,ORD_12252,PRD_101,1,195.76,0.0
ITM_4452,ORD_12253,PRD_134,2,91.22,0.1
ITM_4453,ORD_12253,PRD_123,2,105.96,0.0
ITM_4454,ORD_12253,PRD_109,1,47.43,0.2
ITM_4455,ORD_12254,PRD_109,1,47.43,0.1
ITM_4456,ORD_12254,PRD_123,1,105.96,0.0
ITM_4457,ORD_12255,PRD_105,2,440.05,0.1
ITM_4458,ORD_12255,PRD_122,1,390.69,0.05
ITM_4459,ORD_12255,PRD_115,2,416.58,0.0
ITM_4460,ORD_12256,PRD_102,2,70.94,0.05
ITM_4461,ORD_12257,PRD_105,2,440.05,0.2
ITM_4462,ORD_12258,PRD_122,2,390.69,0.1
ITM_4463,ORD_12259,PRD_102,1,70.94,0.0
ITM_4464,ORD_12259,PRD_137,2,202.01,0.05
ITM_4465,ORD_12260,PRD_133,2,277.96,0.0
ITM_4466,ORD_12260,PRD_130,2,319.15,0.0
ITM_4467,ORD_12260,PRD_101,1,195.76,0.0
ITM_4468,ORD_12261,PRD_125,1,82.01,0.0
ITM_4469,ORD_12262,PRD_135,1,449.86,0.0
ITM_4470,ORD_12262,PRD_129,2,348.15,0.0
ITM_4471,ORD_12263,PRD_113,2,334.87,0.2
ITM_4472,ORD_12263,PRD_134,1,91.22,0.0
ITM_4473,ORD_12264,PRD_110,2,68.9,0.0
ITM_4474,ORD_12264,PRD_136,2,490.78,0.0
ITM_4475,ORD_12265,PRD_149,2,194.72,0.0
ITM_4476,ORD_12265,PRD_102,2,70.94,0.05
ITM_4477,ORD_12266,PRD_115,2,416.58,0.0
ITM_4478,ORD_12266,PRD_121,2,276.8,0.05
ITM_4479,ORD_12267,PRD_105,2,440.05,0.1
ITM_4480,ORD_12267,PRD_124,2,425.13,0.0
ITM_4481,ORD_12267,PRD_121,1,276.8,0.0
ITM_4482,ORD_12268,PRD_134,2,91.22,0.2
ITM_4483,ORD_12268,PRD_108,1,488.25,0.0
ITM_4484,ORD_12268,PRD_130,1,319.15,0.0
ITM_4485,ORD_12269,PRD_111,1,177.48,0.0
ITM_4486,ORD_12269,PRD_114,1,425.06,0.0
ITM_4487,ORD_12269,PRD_117,1,357.97,0.1
ITM_4488,ORD_12270,PRD_143,1,480.47,0.0
ITM_4489,ORD_12270,PRD_120,1,127.19,0.1
ITM_4490,ORD_12271,PRD_108,1,488.25,0.0
ITM_4491,ORD_12271,PRD_111,2,177.48,0.05
ITM_4492,ORD_12271,PRD_143,2,480.47,0.0
ITM_4493,ORD_12272,PRD_124,1,425.13,0.2
ITM_4494,ORD_12272,PRD_108,1,488.25,0.2
ITM_4495,ORD_12272,PRD_138,1,106.49,0.0
ITM_4496,ORD_12273,PRD_127,2,406.83,0.0
ITM_4497,ORD_12273,PRD_150,2,32.57,0.0
ITM_4498,ORD_12273,PRD_142,2,368.74,0.0
ITM_4499,ORD_12274,PRD_140,1,234.89,0.2
ITM_4500,ORD_12274,PRD_114,2,425.06,0.05
ITM_4501,ORD_12274,PRD_123,1,105.96,0.05
ITM_4502,ORD_12275,PRD_125,2,82.01,0.0
ITM_4503,ORD_12275,PRD_132,2,475.04,0.05
ITM_4504,ORD_12275,PRD_109,2,47.43,0.2
ITM_4505,ORD_12276,PRD_105,2,440.05,0.0
ITM_4506,ORD_12276,PRD_149,1,194.72,0.05
ITM_4507,ORD_12277,PRD_126,2,200.2,0.0
ITM_4508,ORD_12277,PRD_115,2,416.58,0.1
ITM_4509,ORD_12278,PRD_126,2,200.2,0.0
ITM_4510,ORD_12278,PRD_125,2,82.01,0.2
ITM_4511,ORD_12279,PRD_109,2,47.43,0.2
ITM_4512,ORD_12279,PRD_128,1,274.02,0.0
ITM_4513,ORD_12280,PRD_131,2,479.39,0.0
ITM_4514,ORD_12280,PRD_112,1,324.51,0.05
ITM_4515,ORD_12280,PRD_131,1,479.39,0.0
ITM_4516,ORD_12281,PRD_122,1,390.69,0.0
ITM_4517,ORD_12282,PRD_129,1,348.15,0.05
ITM_4518,ORD_12282,PRD_108,1,488.25,0.2
ITM_4519,ORD_12283,PRD_118,1,247.2,0.0
ITM_4520,ORD_12284,PRD_124,1,425.13,0.0
ITM_4521,ORD_12285,PRD_143,1,480.47,0.05
ITM_4522,ORD_12286,PRD_109,2,47.43,0.0
ITM_4523,ORD_12286,PRD_146,1,234.53,0.0
ITM_4524,ORD_12286,PRD_146,1,234.53,0.0
ITM_4525,ORD_12287,PRD_109,1,47.43,0.0
ITM_4526,ORD_12287,PRD_114,1,425.06,0.0
ITM_4527,ORD_12287,PRD_127,2,406.83,0.0
ITM_4528,ORD_12288,PRD_110,2,68.9,0.0
ITM_4529,ORD_12288,PRD_105,1,440.05,0.1
ITM_4530,ORD_12288,PRD_118,1,247.2,0.0
ITM_4531,ORD_12289,PRD_109,1,47.43,0.0
ITM_4532,ORD_12290,PRD_125,1,82.01,0.0
ITM_4533,ORD_12291,PRD_127,2,406.83,0.0
ITM_4534,ORD_12291,PRD_120,1,127.19,0.0
ITM_4535,ORD_12292,PRD_140,2,234.89,0.1
ITM_4536,ORD_12292,PRD_112,1,324.51,0.0
ITM_4537,ORD_12292,PRD_118,2,247.2,0.05
ITM_4538,ORD_12293,PRD_109,1,47.43,0.05
ITM_4539,ORD_12294,PRD_107,1,140.95,0.2
ITM_4540,ORD_12295,PRD_128,1,274.02,0.0
ITM_4541,ORD_12295,PRD_138,2,106.49,0.05
ITM_4542,ORD_12296,PRD_137,2,202.01,0.05
ITM_4543,ORD_12296,PRD_108,1,488.25,0.0
ITM_4544,ORD_12296,PRD_108,2,488.25,0.2
ITM_4545,ORD_12297,PRD_149,1,194.72,0.05
ITM_4546,ORD_12297,PRD_117,2,357.97,0.0
ITM_4547,ORD_12298,PRD_119,1,38.34,0.05
ITM_4548,ORD_12299,PRD_148,2,15.93,0.05
ITM_4549,ORD_12299,PRD_143,1,480.47,0.05
ITM_4550,ORD_12299,PRD_145,2,243.68,0.0
ITM_4551,ORD_12300,PRD_116,2,205.02,0.0
ITM_4552,ORD_12301,PRD_135,1,449.86,0.0
ITM_4553,ORD_12301,PRD_150,2,32.57,0.0
ITM_4554,ORD_12301,PRD_132,1,475.04,0.05
ITM_4555,ORD_12302,PRD_109,2,47.43,0.0
ITM_4556,ORD_12303,PRD_135,2,449.86,0.1
ITM_4557,ORD_12304,PRD_145,2,243.68,0.05
ITM_4558,ORD_12304,PRD_131,2,479.39,0.0
ITM_4559,ORD_12305,PRD_115,1,416.58,0.0
ITM_4560,ORD_12305,PRD_106,1,342.0,0.0
ITM_4561,ORD_12305,PRD_132,2,475.04,0.0
ITM_4562,ORD_12306,PRD_118,1,247.2,0.0
ITM_4563,ORD_12307,PRD_127,2,406.83,0.0
ITM_4564,ORD_12307,PRD_150,2,32.57,0.0
ITM_4565,ORD_12308,PRD_119,1,38.34,0.0
ITM_4566,ORD_12308,PRD_143,2,480.47,0.0
ITM_4567,ORD_12308,PRD_124,2,425.13,0.0
ITM_4568,ORD_12309,PRD_149,2,194.72,0.0
ITM_4569,ORD_12310,PRD_137,1,202.01,0.05
ITM_4570,ORD_12310,PRD_111,2,177.48,0.0
ITM_4571,ORD_12310,PRD_124,2,425.13,0.0
ITM_4572,ORD_12311,PRD_127,1,406.83,0.05
ITM_4573,ORD_12311,PRD_113,1,334.87,0.2
ITM_4574,ORD_12312,PRD_111,2,177.48,0.0
ITM_4575,ORD_12313,PRD_126,1,200.2,0.0
ITM_4576,ORD_12313,PRD_132,1,475.04,0.0
ITM_4577,ORD_12313,PRD_146,1,234.53,0.05
ITM_4578,ORD_12314,PRD_131,1,479.39,0.0
ITM_4579,ORD_12315,PRD_121,2,276.8,0.2
ITM_4580,ORD_12316,PRD_127,2,406.83,0.0
ITM_4581,ORD_12316,PRD_115,1,416.58,0.0
ITM_4582,ORD_12317,PRD_138,2,106.49,0.0
ITM_4583,ORD_12317,PRD_149,2,194.72,0.0
ITM_4584,ORD_12317,PRD_116,2,205.02,0.0
ITM_4585,ORD_12318,PRD_107,1,140.95,0.0
ITM_4586,ORD_12318,PRD_143,1,480.47,0.1
ITM_4587,ORD_12319,PRD_115,2,416.58,0.0
ITM_4588,ORD_12319,PRD_137,1,202.01,0.0
ITM_4589,ORD_12320,PRD_136,2,490.78,0.0
ITM_4590,ORD_12320,PRD_146,1,234.53,0.05
ITM_4591,ORD_12320,PRD_141,1,490.78,0.05
ITM_4592,ORD_12321,PRD_115,2,416.58,0.05
ITM_4593,ORD_12321,PRD_149,1,194.72,0.0
ITM_4594,ORD_12321,PRD_120,2,127.19,0.05
ITM_4595,ORD_12322,PRD_115,2,416.58,0.2
ITM_4596,ORD_12322,PRD_139,1,490.76,0.0
ITM_4597,ORD_12323,PRD_148,1,15.93,0.0
ITM_4598,ORD_12323,PRD_125,1,82.01,0.1
ITM_4599,ORD_12323,PRD_111,1,177.48,0.0
ITM_4600,ORD_12324,PRD_122,1,390.69,0.0
ITM_4601,ORD_12324,PRD_109,2,47.43,0.2
ITM_4602,ORD_12325,PRD_101,1,195.76,0.0
ITM_4603,ORD_12325,PRD_119,1,38.34,0.0
ITM_4604,ORD_12325,PRD_101,1,195.76,0.0
ITM_4605,ORD_12326,PRD_103,2,370.74,0.0
ITM_4606,ORD_12326,PRD_114,1,425.06,0.05
ITM_4607,ORD_12327,PRD_133,2,277.96,0.2
ITM_4608,ORD_12327,PRD_143,2,480.47,0.2
ITM_4609,ORD_12327,PRD_125,2,82.01,0.0
ITM_4610,ORD_12328,PRD_135,1,449.86,0.0
ITM_4611,ORD_12328,PRD_122,1,390.69,0.0
ITM_4612,ORD_12328,PRD_111,1,177.48,0.2
ITM_4613,ORD_12329,PRD_112,2,324.51,0.0
ITM_4614,ORD_12330,PRD_147,2,286.89,0.0
ITM_4615,ORD_12331,PRD_116,1,205.02,0.0
ITM_4616,ORD_12331,PRD_103,2,370.74,0.0
ITM_4617,ORD_12332,PRD_113,2,334.87,0.0
ITM_4618,ORD_12333,PRD_148,1,15.93,0.0
ITM_4619,ORD_12333,PRD_134,2,91.22,0.0
ITM_4620,ORD_12334,PRD_122,1,390.69,0.0
ITM_4621,ORD_12334,PRD_109,1,47.43,0.0
ITM_4622,ORD_12335,PRD_109,2,47.43,0.0
ITM_4623,ORD_12336,PRD_119,1,38.34,0.1
ITM_4624,ORD_12336,PRD_131,2,479.39,0.0
ITM_4625,ORD_12336,PRD_127,2,406.83,0.05
ITM_4626,ORD_12337,PRD_115,1,416.58,0.05
ITM_4627,ORD_12338,PRD_141,1,490.78,0.0
ITM_4628,ORD_12338,PRD_110,1,68.9,0.0
ITM_4629,ORD_12338,PRD_110,1,68.9,0.0
ITM_4630,ORD_12339,PRD_129,2,348.15,0.2
ITM_4631,ORD_12339,PRD_104,1,301.61,0.0
ITM_4632,ORD_12340,PRD_119,2,38.34,0.0
ITM_4633,ORD_12340,PRD_114,1,425.06,0.0
ITM_4634,ORD_12340,PRD_118,2,247.2,0.0
ITM_4635,ORD_12341,PRD_101,1,195.76,0.2
ITM_4636,ORD_12342,PRD_109,2,47.43,0.2
ITM_4637,ORD_12343,PRD_126,2,200.2,0.0
ITM_4638,ORD_12344,PRD_130,2,319.15,0.1
ITM_4639,ORD_12344,PRD_119,2,38.34,0.0
ITM_4640,ORD_12345,PRD_143,2,480.47,0.0
ITM_4641,ORD_12345,PRD_121,1,276.8,0.05
ITM_4642,ORD_12345,PRD_114,2,425.06,0.0
ITM_4643,ORD_12346,PRD_136,2,490.78,0.1
ITM_4644,ORD_12346,PRD_130,2,319.15,0.05
ITM_4645,ORD_12346,PRD_101,1,195.76,0.0
ITM_4646,ORD_12347,PRD_105,1,440.05,0.05
ITM_4647,ORD_12347,PRD_128,1,274.02,0.05
ITM_4648,ORD_12347,PRD_138,2,106.49,0.0
ITM_4649,ORD_12348,PRD_124,2,425.13,0.0
ITM_4650,ORD_12348,PRD_117,2,357.97,0.2
ITM_4651,ORD_12348,PRD_142,1,368.74,0.0
ITM_4652,ORD_12349,PRD_122,1,390.69,0.0
ITM_4653,ORD_12349,PRD_144,2,483.86,0.0
ITM_4654,ORD_12350,PRD_119,2,38.34,0.0
ITM_4655,ORD_12350,PRD_119,2,38.34,0.0
ITM_4656,ORD_12350,PRD_142,1,368.74,0.0
ITM_4657,ORD_12351,PRD_117,2,357.97,0.0
ITM_4658,ORD_12351,PRD_143,1,480.47,0.0
ITM_4659,ORD_12352,PRD_120,1,127.19,0.0
ITM_4660,ORD_12352,PRD_129,2,348.15,0.05
ITM_4661,ORD_12352,PRD_135,1,449.86,0.2
ITM_4662,ORD_12353,PRD_119,2,38.34,0.0
ITM_4663,ORD_12353,PRD_121,2,276.8,0.0
ITM_4664,ORD_12353,PRD_104,1,301.61,0.0
ITM_4665,ORD_12354,PRD_111,1,177.48,0.05
ITM_4666,ORD_12354,PRD_116,1,205.02,0.0
ITM_4667,ORD_12354,PRD_144,1,483.86,0.1
ITM_4668,ORD_12355,PRD_134,2,91.22,0.2
ITM_4669,ORD_12355,PRD_143,1,480.47,0.2
ITM_4670,ORD_12356,PRD_109,1,47.43,0.05
ITM_4671,ORD_12356,PRD_121,1,276.8,0.0
ITM_4672,ORD_12357,PRD_137,2,202.01,0.0
ITM_4673,ORD_12357,PRD_104,1,301.61,0.05
ITM_4674,ORD_12357,PRD_148,2,15.93,0.0
ITM_4675,ORD_12358,PRD_150,2,32.57,0.0
ITM_4676,ORD_12358,PRD_134,1,91.22,0.0
ITM_4677,ORD_12359,PRD_117,2,357.97,0.05
ITM_4678,ORD_12359,PRD_113,2,334.87,0.1
ITM_4679,ORD_12359,PRD_126,1,200.2,0.2
ITM_4680,ORD_12360,PRD_106,1,342.0,0.0
ITM_4681,ORD_12360,PRD_143,1,480.47,0.0
ITM_4682,ORD_12360,PRD_109,1,47.43,0.0
ITM_4683,ORD_12361,PRD_135,2,449.86,0.0
ITM_4684,ORD_12361,PRD_142,2,368.74,0.0
ITM_4685,ORD_12361,PRD_130,1,319.15,0.0
ITM_4686,ORD_12362,PRD_142,1,368.74,0.1
ITM_4687,ORD_12362,PRD_142,1,368.74,0.0
ITM_4688,ORD_12362,PRD_106,1,342.0,0.0
ITM_4689,ORD_12363,PRD_131,1,479.39,0.0
ITM_4690,ORD_12363,PRD_115,2,416.58,0.0
ITM_4691,ORD_12364,PRD_131,2,479.39,0.0
ITM_4692,ORD_12364,PRD_125,1,82.01,0.2
ITM_4693,ORD_12364,PRD_122,2,390.69,0.1
ITM_4694,ORD_12365,PRD_147,2,286.89,0.2
ITM_4695,ORD_12366,PRD_136,1,490.78,0.1
ITM_4696,ORD_12367,PRD_130,1,319.15,0.0
ITM_4697,ORD_12367,PRD_123,1,105.96,0.2
ITM_4698,ORD_12368,PRD_136,1,490.78,0.0
ITM_4699,ORD_12369,PRD_150,1,32.57,0.0
ITM_4700,ORD_12369,PRD_146,1,234.53,0.0
ITM_4701,ORD_12369,PRD_101,1,195.76,0.0
ITM_4702,ORD_12370,PRD_101,1,195.76,0.0
ITM_4703,ORD_12371,PRD_133,1,277.96,0.0
ITM_4704,ORD_12372,PRD_103,1,370.74,0.05
ITM_4705,ORD_12372,PRD_103,2,370.74,0.0
ITM_4706,ORD_12372,PRD_142,1,368.74,0.1
ITM_4707,ORD_12373,PRD_122,1,390.69,0.0
ITM_4708,ORD_12374,PRD_126,1,200.2,0.0
ITM_4709,ORD_12374,PRD_124,1,425.13,0.1
ITM_4710,ORD_12374,PRD_122,2,390.69,0.0
ITM_4711,ORD_12375,PRD_119,1,38.34,0.0
ITM_4712,ORD_12375,PRD_102,1,70.94,0.05
ITM_4713,ORD_12376,PRD_150,1,32.57,0.0
ITM_4714,ORD_12377,PRD_110,2,68.9,0.05
ITM_4715,ORD_12378,PRD_129,2,348.15,0.0
ITM_4716,ORD_12378,PRD_137,2,202.01,0.1
ITM_4717,ORD_12379,PRD_126,1,200.2,0.2
ITM_4718,ORD_12380,PRD_149,2,194.72,0.0
ITM_4719,ORD_12380,PRD_138,2,106.49,0.0
ITM_4720,ORD_12380,PRD_112,1,324.51,0.0
ITM_4721,ORD_12381,PRD_128,1,274.02,0.0
ITM_4722,ORD_12382,PRD_139,1,490.76,0.0
ITM_4723,ORD_12383,PRD_118,1,247.2,0.0
ITM_4724,ORD_12383,PRD_136,1,490.78,0.05
ITM_4725,ORD_12384,PRD_112,1,324.51,0.0
ITM_4726,ORD_12384,PRD_101,2,195.76,0.2
ITM_4727,ORD_12385,PRD_139,2,490.76,0.0
ITM_4728,ORD_12385,PRD_143,1,480.47,0.2
ITM_4729,ORD_12385,PRD_127,1,406.83,0.0
ITM_4730,ORD_12386,PRD_116,2,205.02,0.0
ITM_4731,ORD_12386,PRD_102,2,70.94,0.2
ITM_4732,ORD_12386,PRD_138,1,106.49,0.2
ITM_4733,ORD_12387,PRD_107,2,140.95,0.2
ITM_4734,ORD_12387,PRD_141,1,490.78,0.0
ITM_4735,ORD_12388,PRD_130,1,319.15,0.0
ITM_4736,ORD_12388,PRD_102,1,70.94,0.1
ITM_4737,ORD_12388,PRD_139,2,490.76,0.0
ITM_4738,ORD_12389,PRD_107,2,140.95,0.05
ITM_4739,ORD_12389,PRD_122,2,390.69,0.0
ITM_4740,ORD_12390,PRD_116,2,205.02,0.0
ITM_4741,ORD_12390,PRD_143,1,480.47,0.05
ITM_4742,ORD_12391,PRD_130,1,319.15,0.05
ITM_4743,ORD_12391,PRD_140,1,234.89,0.0
ITM_4744,ORD_12391,PRD_144,1,483.86,0.0
ITM_4745,ORD_12392,PRD_125,2,82.01,0.2
ITM_4746,ORD_12392,PRD_122,1,390.69,0.0
ITM_4747,ORD_12393,PRD_116,1,205.02,0.0
ITM_4748,ORD_12394,PRD_121,1,276.8,0.0
ITM_4749,ORD_12395,PRD_114,1,425.06,0.1
ITM_4750,ORD_12396,PRD_109,1,47.43,0.1
ITM_4751,ORD_12396,PRD_126,1,200.2,0.0
ITM_4752,ORD_12397,PRD_125,1,82.01,0.0
ITM_4753,ORD_12397,PRD_144,1,483.86,0.0
ITM_4754,ORD_12397,PRD_126,1,200.2,0.0
ITM_4755,ORD_12398,PRD_129,2,348.15,0.0
ITM_4756,ORD_12399,PRD_129,1,348.15,0.1
ITM_4757,ORD_12399,PRD_146,2,234.53,0.0
ITM_4758,ORD_12399,PRD_101,1,195.76,0.0
ITM_4759,ORD_12400,PRD_121,2,276.8,0.05
ITM_4760,ORD_12401,PRD_141,1,490.78,0.0
ITM_4761,ORD_12402,PRD_123,1,105.96,0.0
ITM_4762,ORD_12402,PRD_101,2,195.76,0.0
ITM_4763,ORD_12403,PRD_104,1,301.61,0.1
ITM_4764,ORD_12404,PRD_134,2,91.22,0.1
ITM_4765,ORD_12405,PRD_115,1,416.58,0.0
ITM_4766,ORD_12405,PRD_102,1,70.94,0.0
ITM_4767,ORD_12406,PRD_115,1,416.58,0.2
ITM_4768,ORD_12406,PRD_129,2,348.15,0.0
ITM_4769,ORD_12406,PRD_108,2,488.25,0.0
ITM_4770,ORD_12407,PRD_141,1,490.78,0.0
ITM_4771,ORD_12407,PRD_106,1,342.0,0.0
ITM_4772,ORD_12407,PRD_128,1,274.02,0.0
ITM_4773,ORD_12408,PRD_149,2,194.72,0.0
ITM_4774,ORD_12409,PRD_104,2,301.61,0.0
ITM_4775,ORD_12410,PRD_134,2,91.22,0.0
ITM_4776,ORD_12410,PRD_141,2,490.78,0.0
ITM_4777,ORD_12411,PRD_111,1,177.48,0.0
ITM_4778,ORD_12411,PRD_113,2,334.87,0.0
ITM_4779,ORD_12412,PRD_148,1,15.93,0.0
ITM_4780,ORD_12412,PRD_143,1,480.47,0.0
ITM_4781,ORD_12413,PRD_146,2,234.53,0.0
ITM_4782,ORD_12413,PRD_109,2,47.43,0.0
ITM_4783,ORD_12414,PRD_129,1,348.15,0.2
ITM_4784,ORD_12415,PRD_117,1,357.97,0.0
ITM_4785,ORD_12415,PRD_144,1,483.86,0.0
ITM_4786,ORD_12416,PRD_123,1,105.96,0.0
ITM_4787,ORD_12417,PRD_146,1,234.53,0.05
ITM_4788,ORD_12418,PRD_148,2,15.93,0.0
ITM_4789,ORD_12419,PRD_141,2,490.78,0.0
ITM_4790,ORD_12419,PRD_142,2,368.74,0.05
ITM_4791,ORD_12419,PRD_114,2,425.06,0.0
ITM_4792,ORD_12420,PRD_143,1,480.47,0.0
ITM_4793,ORD_12420,PRD_142,1,368.74,0.05
ITM_4794,ORD_12420,PRD_108,2,488.25,0.05
ITM_4795,ORD_12421,PRD_103,2,370.74,0.0
ITM_4796,ORD_12421,PRD_128,2,274.02,0.05
ITM_4797,ORD_12422,PRD_123,1,105.96,0.0
ITM_4798,ORD_12422,PRD_124,2,425.13,0.05
ITM_4799,ORD_12423,PRD_109,1,47.43,0.0
ITM_4800,ORD_12423,PRD_126,1,200.2,0.2
ITM_4801,ORD_12424,PRD_104,2,301.61,0.0
ITM_4802,ORD_12425,PRD_116,2,205.02,0.2
ITM_4803,ORD_12425,PRD_149,1,194.72,0.2
ITM_4804,ORD_12426,PRD_105,2,440.05,0.0
ITM_4805,ORD_12426,PRD_113,1,334.87,0.1
ITM_4806,ORD_12426,PRD_107,2,140.95,0.2
ITM_4807,ORD_12427,PRD_102,1,70.94,0.0
ITM_4808,ORD_12427,PRD_134,1,91.22,0.2
ITM_4809,ORD_12427,PRD_115,1,416.58,0.0
ITM_4810,ORD_12428,PRD_109,1,47.43,0.0
ITM_4811,ORD_12428,PRD_110,2,68.9,0.0
ITM_4812,ORD_12428,PRD_112,2,324.51,0.0
ITM_4813,ORD_12429,PRD_124,1,425.13,0.05
ITM_4814,ORD_12430,PRD_149,1,194.72,0.05
ITM_4815,ORD_12431,PRD_135,2,449.86,0.05
ITM_4816,ORD_12431,PRD_139,2,490.76,0.0
ITM_4817,ORD_12431,PRD_118,2,247.2,0.0
ITM_4818,ORD_12432,PRD_140,2,234.89,0.05
ITM_4819,ORD_12433,PRD_123,2,105.96,0.0
ITM_4820,ORD_12434,PRD_118,2,247.2,0.0
ITM_4821,ORD_12434,PRD_113,2,334.87,0.0
ITM_4822,ORD_12434,PRD_112,2,324.51,0.05
ITM_4823,ORD_12435,PRD_117,2,357.97,0.05
ITM_4824,ORD_12436,PRD_125,2,82.01,0.0
ITM_4825,ORD_12437,PRD_134,1,91.22,0.0
ITM_4826,ORD_12437,PRD_113,1,334.87,0.0
ITM_4827,ORD_12437,PRD_115,1,416.58,0.1
ITM_4828,ORD_12438,PRD_125,1,82.01,0.2
ITM_4829,ORD_12438,PRD_132,1,475.04,0.0
ITM_4830,ORD_12438,PRD_111,2,177.48,0.0
ITM_4831,ORD_12439,PRD_136,1,490.78,0.0
ITM_4832,ORD_12439,PRD_104,1,301.61,0.05
ITM_4833,ORD_12439,PRD_129,1,348.15,0.0
ITM_4834,ORD_12440,PRD_143,1,480.47,0.0
ITM_4835,ORD_12440,PRD_111,1,177.48,0.0
ITM_4836,ORD_12441,PRD_145,1,243.68,0.05
ITM_4837,ORD_12441,PRD_147,1,286.89,0.1
ITM_4838,ORD_12441,PRD_148,2,15.93,0.0
ITM_4839,ORD_12442,PRD_124,1,425.13,0.0
ITM_4840,ORD_12443,PRD_139,1,490.76,0.0
ITM_4841,ORD_12444,PRD_110,2,68.9,0.0
ITM_4842,ORD_12445,PRD_146,1,234.53,0.0
ITM_4843,ORD_12445,PRD_143,1,480.47,0.0
ITM_4844,ORD_12445,PRD_127,2,406.83,0.0
ITM_4845,ORD_12446,PRD_125,1,82.01,0.2
ITM_4846,ORD_12446,PRD_141,2,490.78,0.0
ITM_4847,ORD_12446,PRD_136,1,490.78,0.2
ITM_4848,ORD_12447,PRD_137,1,202.01,0.1
ITM_4849,ORD_12447,PRD_119,2,38.34,0.0
ITM_4850,ORD_12447,PRD_122,1,390.69,0.05
ITM_4851,ORD_12448,PRD_108,1,488.25,0.0
ITM_4852,ORD_12449,PRD_117,2,357.97,0.0
ITM_4853,ORD_12449,PRD_148,2,15.93,0.0
ITM_4854,ORD_12450,PRD_138,2,106.49,0.2
ITM_4855,ORD_12451,PRD_147,2,286.89,0.0
ITM_4856,ORD_12451,PRD_105,1,440.05,0.1
ITM_4857,ORD_12452,PRD_132,1,475.04,0.0
ITM_4858,ORD_12452,PRD_150,1,32.57,0.0
ITM_4859,ORD_12453,PRD_136,2,490.78,0.0
ITM_4860,ORD_12453,PRD_140,1,234.89,0.0
ITM_4861,ORD_12454,PRD_124,2,425.13,0.0
ITM_4862,ORD_12454,PRD_107,1,140.95,0.2
ITM_4863,ORD_12455,PRD_139,2,490.76,0.0
ITM_4864,ORD_12455,PRD_143,2,480.47,0.0
ITM_4865,ORD_12456,PRD_107,2,140.95,0.0
ITM_4866,ORD_12457,PRD_132,2,475.04,0.2
ITM_4867,ORD_12457,PRD_114,2,425.06,0.0
ITM_4868,ORD_12457,PRD_137,1,202.01,0.1
ITM_4869,ORD_12458,PRD_128,1,274.02,0.0
ITM_4870,ORD_12458,PRD_104,2,301.61,0.1
ITM_4871,ORD_12458,PRD_101,1,195.76,0.0
ITM_4872,ORD_12459,PRD_103,1,370.74,0.0
ITM_4873,ORD_12459,PRD_114,1,425.06,0.0
ITM_4874,ORD_12459,PRD_107,1,140.95,0.05
ITM_4875,ORD_12460,PRD_128,2,274.02,0.05
ITM_4876,ORD_12461,PRD_105,1,440.05,0.05
ITM_4877,ORD_12461,PRD_143,2,480.47,0.0
ITM_4878,ORD_12462,PRD_103,2,370.74,0.0
ITM_4879,ORD_12462,PRD_139,2,490.76,0.0
ITM_4880,ORD_12463,PRD_110,1,68.9,0.05
ITM_4881,ORD_12463,PRD_105,1,440.05,0.0
ITM_4882,ORD_12463,PRD_103,2,370.74,0.0
ITM_4883,ORD_12464,PRD_128,2,274.02,0.0
ITM_4884,ORD_12464,PRD_138,1,106.49,0.05
ITM_4885,ORD_12464,PRD_126,1,200.2,0.0
ITM_4886,ORD_12465,PRD_116,2,205.02,0.0
ITM_4887,ORD_12465,PRD_148,1,15.93,0.1
ITM_4888,ORD_12465,PRD_131,1,479.39,0.0
ITM_4889,ORD_12466,PRD_121,2,276.8,0.0
ITM_4890,ORD_12466,PRD_125,2,82.01,0.1
ITM_4891,ORD_12466,PRD_145,1,243.68,0.05
ITM_4892,ORD_12467,PRD_142,2,368.74,0.1
ITM_4893,ORD_12467,PRD_132,2,475.04,0.0
ITM_4894,ORD_12467,PRD_135,2,449.86,0.0
ITM_4895,ORD_12468,PRD_108,2,488.25,0.0
ITM_4896,ORD_12468,PRD_150,2,32.57,0.0
ITM_4897,ORD_12468,PRD_117,2,357.97,0.0
ITM_4898,ORD_12469,PRD_104,1,301.61,0.2
ITM_4899,ORD_12470,PRD_114,1,425.06,0.2
ITM_4900,ORD_12470,PRD_119,2,38.34,0.0
ITM_4901,ORD_12471,PRD_136,2,490.78,0.05
ITM_4902,ORD_12472,PRD_118,1,247.2,0.0
ITM_4903,ORD_12472,PRD_148,1,15.93,0.05
ITM_4904,ORD_12472,PRD_145,1,243.68,0.0
ITM_4905,ORD_12473,PRD_147,1,286.89,0.1
ITM_4906,ORD_12473,PRD_118,2,247.2,0.0
ITM_4907,ORD_12474,PRD_115,2,416.58,0.0
ITM_4908,ORD_12475,PRD_128,2,274.02,0.0
ITM_4909,ORD_12475,PRD_139,2,490.76,0.2
ITM_4910,ORD_12475,PRD_108,2,488.25,0.05
ITM_4911,ORD_12476,PRD_150,2,32.57,0.05
ITM_4912,ORD_12476,PRD_144,1,483.86,0.05
ITM_4913,ORD_12476,PRD_148,2,15.93,0.2
ITM_4914,ORD_12477,PRD_116,2,205.02,0.0
ITM_4915,ORD_12477,PRD_113,2,334.87,0.05
ITM_4916,ORD_12477,PRD_148,1,15.93,0.05
ITM_4917,ORD_12478,PRD_120,1,127.19,0.0
ITM_4918,ORD_12478,PRD_115,2,416.58,0.1
ITM_4919,ORD_12478,PRD_143,2,480.47,0.0
ITM_4920,ORD_12479,PRD_144,1,483.86,0.0
ITM_4921,ORD_12480,PRD_150,2,32.57,0.1
ITM_4922,ORD_12480,PRD_137,2,202.01,0.2
ITM_4923,ORD_12481,PRD_120,2,127.19,0.1
ITM_4924,ORD_12481,PRD_125,1,82.01,0.0
ITM_4925,ORD_12481,PRD_113,2,334.87,0.1
ITM_4926,ORD_12482,PRD_142,1,368.74,0.2
ITM_4927,ORD_12483,PRD_125,1,82.01,0.0
ITM_4928,ORD_12483,PRD_125,1,82.01,0.0
ITM_4929,ORD_12483,PRD_146,2,234.53,0.05
ITM_4930,ORD_12484,PRD_138,1,106.49,0.0
ITM_4931,ORD_12484,PRD_141,2,490.78,0.0
ITM_4932,ORD_12484,PRD_147,1,286.89,0.0
ITM_4933,ORD_12485,PRD_134,1,91.22,0.0
ITM_4934,ORD_12486,PRD_125,1,82.01,0.0
ITM_4935,ORD_12486,PRD_123,2,105.96,0.2
ITM_4936,ORD_12487,PRD_120,2,127.19,0.0
ITM_4937,ORD_12487,PRD_108,2,488.25,0.0
ITM_4938,ORD_12487,PRD_150,1,32.57,0.0
ITM_4939,ORD_12488,PRD_122,1,390.69,0.05
ITM_4940,ORD_12489,PRD_126,1,200.2,0.0
ITM_4941,ORD_12489,PRD_143,1,480.47,0.05
ITM_4942,ORD_12490,PRD_113,1,334.87,0.0
ITM_4943,ORD_12490,PRD_138,2,106.49,0.0
ITM_4944,ORD_12490,PRD_136,1,490.78,0.1
ITM_4945,ORD_12491,PRD_116,1,205.02,0.0
ITM_4946,ORD_12492,PRD_109,1,47.43,0.0
ITM_4947,ORD_12492,PRD_119,2,38.34,0.05
ITM_4948,ORD_12492,PRD_120,1,127.19,0.0
ITM_4949,ORD_12493,PRD_132,1,475.04,0.1
ITM_4950,ORD_12494,PRD_140,1,234.89,0.05
ITM_4951,ORD_12495,PRD_114,2,425.06,0.05
ITM_4952,ORD_12496,PRD_148,1,15.93,0.0
ITM_4953,ORD_12497,PRD_150,1,32.57,0.0
ITM_4954,ORD_12497,PRD_140,2,234.89,0.0
ITM_4955,ORD_12498,PRD_116,1,205.02,0.0
ITM_4956,ORD_12499,PRD_119,2,38.34,0.2
ITM_4957,ORD_12499,PRD_134,1,91.22,0.0
ITM_4958,ORD_12499,PRD_150,1,32.57,0.0
ITM_4959,ORD_12500,PRD_117,2,357.97,0.2
ITM_4960,ORD_12500,PRD_137,2,202.01,0.1
ITM_4961,ORD_12500,PRD_122,2,390.69,0.05
ITM_4962,ORD_12501,PRD_125,2,82.01,0.0
ITM_4963,ORD_12502,PRD_132,2,475.04,0.05
ITM_4964,ORD_12503,PRD_126,1,200.2,0.0
ITM_4965,ORD_12503,PRD_106,2,342.0,0.2
ITM_4966,ORD_12504,PRD_128,2,274.02,0.2
ITM_4967,ORD_12504,PRD_124,1,425.13,0.0
ITM_4968,ORD_12504,PRD_142,2,368.74,0.0
ITM_4969,ORD_12505,PRD_149,2,194.72,0.0
ITM_4970,ORD_12505,PRD_127,1,406.83,0.0
ITM_4971,ORD_12505,PRD_137,1,202.01,0.0
ITM_4972,ORD_12506,PRD_129,1,348.15,0.0
ITM_4973,ORD_12506,PRD_110,1,68.9,0.05
ITM_4974,ORD_12506,PRD_114,2,425.06,0.0
ITM_4975,ORD_12507,PRD_136,1,490.78,0.2
ITM_4976,ORD_12507,PRD_133,2,277.96,0.0
ITM_4977,ORD_12507,PRD_116,1,205.02,0.0
ITM_4978,ORD_12508,PRD_139,2,490.76,0.0
ITM_4979,ORD_12508,PRD_143,2,480.47,0.05
ITM_4980,ORD_12508,PRD_111,1,177.48,0.1
ITM_4981,ORD_12509,PRD_148,2,15.93,0.0
ITM_4982,ORD_12510,PRD_134,1,91.22,0.05
ITM_4983,ORD_12511,PRD_145,2,243.68,0.05
ITM_4984,ORD_12512,PRD_140,1,234.89,0.2
ITM_4985,ORD_12513,PRD_105,2,440.05,0.2
ITM_4986,ORD_12513,PRD_115,1,416.58,0.05
ITM_4987,ORD_12513,PRD_130,1,319.15,0.0
ITM_4988,ORD_12514,PRD_136,1,490.78,0.0
ITM_4989,ORD_12515,PRD_124,1,425.13,0.05
ITM_4990,ORD_12515,PRD_132,2,475.04,0.0
ITM_4991,ORD_12515,PRD_116,1,205.02,0.0
ITM_4992,ORD_12516,PRD_104,1,301.61,0.1
ITM_4993,ORD_12516,PRD_142,1,368.74,0.05
ITM_4994,ORD_12516,PRD_119,2,38.34,0.0
ITM_4995,ORD_12517,PRD_147,2,286.89,0.0
ITM_4996,ORD_12517,PRD_146,1,234.53,0.05
ITM_4997,ORD_12517,PRD_116,2,205.02,0.0
ITM_4998,ORD_12518,PRD_144,1,483.86,0.1
ITM_4999,ORD_12518,PRD_138,2,106.49,0.1
ITM_5000,ORD_12519,PRD_104,2,301.61,0.2
ITM_5001,ORD_12519,PRD_124,2,425.13,0.1
ITM_5002,ORD_12520,PRD_119,2,38.34,0.0
ITM_5003,ORD_12521,PRD_144,2,483.86,0.0
ITM_5004,ORD_12521,PRD_113,1,334.87,0.0
ITM_5005,ORD_12522,PRD_131,2,479.39,0.1
ITM_5006,ORD_12523,PRD_106,1,342.0,0.1
ITM_5007,ORD_12524,PRD_129,2,348.15,0.05
ITM_5008,ORD_12524,PRD_132,1,475.04,0.0
ITM_5009,ORD_12525,PRD_124,2,425.13,0.05
ITM_5010,ORD_12526,PRD_121,2,276.8,0.0
ITM_5011,ORD_12526,PRD_139,2,490.76,0.0
ITM_5012,ORD_12527,PRD_103,2,370.74,0.0
ITM_5013,ORD_12527,PRD_129,2,348.15,0.0
ITM_5014,ORD_12527,PRD_108,2,488.25,0.2
ITM_5015,ORD_12528,PRD_115,1,416.58,0.1
ITM_5016,ORD_12528,PRD_117,1,357.97,0.0
ITM_5017,ORD_12528,PRD_126,1,200.2,0.0
ITM_5018,ORD_12529,PRD_119,1,38.34,0.1
ITM_5019,ORD_12530,PRD_115,1,416.58,0.1
ITM_5020,ORD_12530,PRD_143,1,480.47,0.05
ITM_5021,ORD_12531,PRD_106,1,342.0,0.2
ITM_5022,ORD_12531,PRD_136,2,490.78,0.0
ITM_5023,ORD_12532,PRD_131,1,479.39,0.0
ITM_5024,ORD_12533,PRD_129,1,348.15,0.0
ITM_5025,ORD_12534,PRD_102,1,70.94,0.0
ITM_5026,ORD_12534,PRD_104,1,301.61,0.0
ITM_5027,ORD_12535,PRD_109,2,47.43,0.0
ITM_5028,ORD_12535,PRD_122,2,390.69,0.05
ITM_5029,ORD_12535,PRD_149,2,194.72,0.0
ITM_5030,ORD_12536,PRD_111,1,177.48,0.0
ITM_5031,ORD_12536,PRD_127,1,406.83,0.05
ITM_5032,ORD_12536,PRD_139,2,490.76,0.1
ITM_5033,ORD_12537,PRD_149,2,194.72,0.2
ITM_5034,ORD_12537,PRD_122,1,390.69,0.0
ITM_5035,ORD_12537,PRD_134,2,91.22,0.0
ITM_5036,ORD_12538,PRD_112,1,324.51,0.0
ITM_5037,ORD_12538,PRD_132,2,475.04,0.0
ITM_5038,ORD_12538,PRD_105,2,440.05,0.1
ITM_5039,ORD_12539,PRD_111,2,177.48,0.0
ITM_5040,ORD_12539,PRD_103,1,370.74,0.0
ITM_5041,ORD_12540,PRD_120,2,127.19,0.0
ITM_5042,ORD_12540,PRD_105,2,440.05,0.0
ITM_5043,ORD_12541,PRD_142,1,368.74,0.0
ITM_5044,ORD_12541,PRD_129,1,348.15,0.0
ITM_5045,ORD_12541,PRD_106,2,342.0,0.05
ITM_5046,ORD_12542,PRD_103,2,370.74,0.1
ITM_5047,ORD_12543,PRD_141,2,490.78,0.0
ITM_5048,ORD_12544,PRD_126,2,200.2,0.05
ITM_5049,ORD_12544,PRD_123,1,105.96,0.0
ITM_5050,ORD_12545,PRD_108,2,488.25,0.0
ITM_5051,ORD_12546,PRD_136,1,490.78,0.0
ITM_5052,ORD_12546,PRD_126,1,200.2,0.05
ITM_5053,ORD_12547,PRD_131,1,479.39,0.1
ITM_5054,ORD_12547,PRD_107,1,140.95,0.0
ITM_5055,ORD_12547,PRD_114,2,425.06,0.0
ITM_5056,ORD_12548,PRD_139,2,490.76,0.05
ITM_5057,ORD_12549,PRD_128,2,274.02,0.2
ITM_5058,ORD_12550,PRD_139,1,490.76,0.0
ITM_5059,ORD_12550,PRD_144,2,483.86,0.0
ITM_5060,ORD_12551,PRD_111,1,177.48,0.05
ITM_5061,ORD_12552,PRD_112,1,324.51,0.2
ITM_5062,ORD_12552,PRD_127,2,406.83,0.0
ITM_5063,ORD_12553,PRD_125,2,82.01,0.1
ITM_5064,ORD_12553,PRD_109,2,47.43,0.0
ITM_5065,ORD_12554,PRD_132,2,475.04,0.0
ITM_5066,ORD_12554,PRD_121,2,276.8,0.05
ITM_5067,ORD_12554,PRD_112,2,324.51,0.0
ITM_5068,ORD_12555,PRD_144,1,483.86,0.0
ITM_5069,ORD_12555,PRD_125,2,82.01,0.05
ITM_5070,ORD_12555,PRD_124,1,425.13,0.0
ITM_5071,ORD_12556,PRD_140,2,234.89,0.2
ITM_5072,ORD_12556,PRD_136,1,490.78,0.05
ITM_5073,ORD_12557,PRD_113,1,334.87,0.1
ITM_5074,ORD_12558,PRD_140,2,234.89,0.0
ITM_5075,ORD_12558,PRD_133,1,277.96,0.0
ITM_5076,ORD_12558,PRD_122,2,390.69,0.0
ITM_5077,ORD_12559,PRD_146,1,234.53,0.0
ITM_5078,ORD_12559,PRD_112,2,324.51,0.0
ITM_5079,ORD_12560,PRD_105,2,440.05,0.0
ITM_5080,ORD_12560,PRD_117,2,357.97,0.0
ITM_5081,ORD_12560,PRD_107,2,140.95,0.0
ITM_5082,ORD_12561,PRD_143,2,480.47,0.0
ITM_5083,ORD_12561,PRD_144,1,483.86,0.0
ITM_5084,ORD_12561,PRD_108,2,488.25,0.0
ITM_5085,ORD_12562,PRD_115,2,416.58,0.05
ITM_5086,ORD_12562,PRD_133,2,277.96,0.0
ITM_5087,ORD_12562,PRD_136,1,490.78,0.05
ITM_5088,ORD_12563,PRD_130,1,319.15,0.0
ITM_5089,ORD_12563,PRD_113,2,334.87,0.0
ITM_5090,ORD_12563,PRD_114,2,425.06,0.2
ITM_5091,ORD_12564,PRD_135,1,449.86,0.2
ITM_5092,ORD_12565,PRD_119,1,38.34,0.1
ITM_5093,ORD_12565,PRD_111,1,177.48,0.1
ITM_5094,ORD_12565,PRD_138,2,106.49,0.05
ITM_5095,ORD_12566,PRD_144,1,483.86,0.0
ITM_5096,ORD_12566,PRD_136,2,490.78,0.05
ITM_5097,ORD_12567,PRD_119,2,38.34,0.0
ITM_5098,ORD_12568,PRD_123,1,105.96,0.0
ITM_5099,ORD_12568,PRD_127,1,406.83,0.1
ITM_5100,ORD_12568,PRD_118,1,247.2,0.0
ITM_5101,ORD_12569,PRD_129,2,348.15,0.1
ITM_5102,ORD_12569,PRD_149,1,194.72,0.0
ITM_5103,ORD_12570,PRD_131,2,479.39,0.1
ITM_5104,ORD_12571,PRD_103,2,370.74,0.0
ITM_5105,ORD_12571,PRD_130,1,319.15,0.2
ITM_5106,ORD_12571,PRD_139,2,490.76,0.1
ITM_5107,ORD_12572,PRD_127,2,406.83,0.0
ITM_5108,ORD_12572,PRD_150,1,32.57,0.05
ITM_5109,ORD_12572,PRD_128,1,274.02,0.0
ITM_5110,ORD_12573,PRD_131,1,479.39,0.0
ITM_5111,ORD_12573,PRD_109,2,47.43,0.1
ITM_5112,ORD_12574,PRD_127,1,406.83,0.0
ITM_5113,ORD_12574,PRD_112,1,324.51,0.0
ITM_5114,ORD_12575,PRD_133,1,277.96,0.2
ITM_5115,ORD_12575,PRD_129,1,348.15,0.0
ITM_5116,ORD_12576,PRD_139,2,490.76,0.1
ITM_5117,ORD_12577,PRD_105,2,440.05,0.0
ITM_5118,ORD_12578,PRD_132,1,475.04,0.1
ITM_5119,ORD_12579,PRD_144,1,483.86,0.05
ITM_5120,ORD_12580,PRD_102,2,70.94,0.0
ITM_5121,ORD_12580,PRD_125,2,82.01,0.0
ITM_5122,ORD_12580,PRD_143,2,480.47,0.05
ITM_5123,ORD_12581,PRD_137,1,202.01,0.1
ITM_5124,ORD_12582,PRD_131,2,479.39,0.0
ITM_5125,ORD_12582,PRD_148,2,15.93,0.0
ITM_5126,ORD_12583,PRD_140,1,234.89,0.05
ITM_5127,ORD_12583,PRD_124,2,425.13,0.0
ITM_5128,ORD_12584,PRD_142,1,368.74,0.0
ITM_5129,ORD_12584,PRD_135,2,449.86,0.2
ITM_5130,ORD_12584,PRD_131,1,479.39,0.0
ITM_5131,ORD_12585,PRD_105,1,440.05,0.0
ITM_5132,ORD_12586,PRD_113,2,334.87,0.0
ITM_5133,ORD_12587,PRD_111,2,177.48,0.0
ITM_5134,ORD_12587,PRD_129,1,348.15,0.0
ITM_5135,ORD_12587,PRD_106,1,342.0,0.05
ITM_5136,ORD_12588,PRD_116,2,205.02,0.1
ITM_5137,ORD_12588,PRD_129,1,348.15,0.1
ITM_5138,ORD_12588,PRD_103,2,370.74,0.05
ITM_5139,ORD_12589,PRD_118,2,247.2,0.2
ITM_5140,ORD_12589,PRD_138,1,106.49,0.0
ITM_5141,ORD_12590,PRD_123,1,105.96,0.0
ITM_5142,ORD_12590,PRD_124,2,425.13,0.05
ITM_5143,ORD_12590,PRD_114,2,425.06,0.05
ITM_5144,ORD_12591,PRD_130,2,319.15,0.05
ITM_5145,ORD_12591,PRD_124,2,425.13,0.05
ITM_5146,ORD_12592,PRD_112,1,324.51,0.2
ITM_5147,ORD_12592,PRD_147,1,286.89,0.0
ITM_5148,ORD_12592,PRD_103,1,370.74,0.0
ITM_5149,ORD_12593,PRD_136,1,490.78,0.0
ITM_5150,ORD_12593,PRD_128,2,274.02,0.0
ITM_5151,ORD_12594,PRD_129,1,348.15,0.0
ITM_5152,ORD_12594,PRD_112,2,324.51,0.0
ITM_5153,ORD_12595,PRD_127,1,406.83,0.0
ITM_5154,ORD_12595,PRD_121,2,276.8,0.2
ITM_5155,ORD_12596,PRD_140,1,234.89,0.0
ITM_5156,ORD_12596,PRD_138,1,106.49,0.05
ITM_5157,ORD_12596,PRD_112,1,324.51,0.2
ITM_5158,ORD_12597,PRD_106,1,342.0,0.0
ITM_5159,ORD_12597,PRD_107,1,140.95,0.05
ITM_5160,ORD_12597,PRD_119,2,38.34,0.05
ITM_5161,ORD_12598,PRD_147,2,286.89,0.1
ITM_5162,ORD_12598,PRD_143,2,480.47,0.0
ITM_5163,ORD_12598,PRD_148,1,15.93,0.0
ITM_5164,ORD_12599,PRD_137,2,202.01,0.2
ITM_5165,ORD_12599,PRD_129,1,348.15,0.0
ITM_5166,ORD_12600,PRD_119,1,38.34,0.0
ITM_5167,ORD_12600,PRD_109,2,47.43,0.05
ITM_5168,ORD_12601,PRD_107,1,140.95,0.0
ITM_5169,ORD_12601,PRD_122,1,390.69,0.0
ITM_5170,ORD_12602,PRD_120,2,127.19,0.0
ITM_5171,ORD_12602,PRD_115,2,416.58,0.0
ITM_5172,ORD_12602,PRD_146,1,234.53,0.0
ITM_5173,ORD_12603,PRD_131,2,479.39,0.0
ITM_5174,ORD_12604,PRD_104,1,301.61,0.05
ITM_5175,ORD_12604,PRD_114,1,425.06,0.1
ITM_5176,ORD_12605,PRD_109,1,47.43,0.0
ITM_5177,ORD_12606,PRD_138,2,106.49,0.0
ITM_5178,ORD_12607,PRD_142,1,368.74,0.0
ITM_5179,ORD_12607,PRD_127,1,406.83,0.0
ITM_5180,ORD_12608,PRD_140,2,234.89,0.0
ITM_5181,ORD_12608,PRD_115,1,416.58,0.05
ITM_5182,ORD_12609,PRD_124,1,425.13,0.0
ITM_5183,ORD_12609,PRD_147,2,286.89,0.0
ITM_5184,ORD_12609,PRD_128,2,274.02,0.0
ITM_5185,ORD_12610,PRD_146,2,234.53,0.2
ITM_5186,ORD_12610,PRD_122,1,390.69,0.0
ITM_5187,ORD_12611,PRD_102,1,70.94,0.0
ITM_5188,ORD_12612,PRD_136,2,490.78,0.0
ITM_5189,ORD_12612,PRD_125,1,82.01,0.0
ITM_5190,ORD_12612,PRD_143,2,480.47,0.0
ITM_5191,ORD_12613,PRD_150,2,32.57,0.05
ITM_5192,ORD_12613,PRD_115,2,416.58,0.0
ITM_5193,ORD_12614,PRD_145,1,243.68,0.0
ITM_5194,ORD_12615,PRD_103,1,370.74,0.0
ITM_5195,ORD_12615,PRD_130,1,319.15,0.0
ITM_5196,ORD_12616,PRD_138,2,106.49,0.0
ITM_5197,ORD_12616,PRD_132,2,475.04,0.05
ITM_5198,ORD_12617,PRD_113,2,334.87,0.2
ITM_5199,ORD_12617,PRD_123,1,105.96,0.0
ITM_5200,ORD_12617,PRD_141,1,490.78,0.0
ITM_5201,ORD_12618,PRD_109,1,47.43,0.2
ITM_5202,ORD_12619,PRD_148,2,15.93,0.0
ITM_5203,ORD_12619,PRD_101,1,195.76,0.05
ITM_5204,ORD_12619,PRD_135,1,449.86,0.1
ITM_5205,ORD_12620,PRD_115,2,416.58,0.0
ITM_5206,ORD_12620,PRD_118,2,247.2,0.0
ITM_5207,ORD_12620,PRD_118,1,247.2,0.0
ITM_5208,ORD_12621,PRD_116,1,205.02,0.0
ITM_5209,ORD_12621,PRD_127,2,406.83,0.05
ITM_5210,ORD_12622,PRD_102,1,70.94,0.0
ITM_5211,ORD_12622,PRD_108,1,488.25,0.05
ITM_5212,ORD_12622,PRD_135,1,449.86,0.0
ITM_5213,ORD_12623,PRD_129,2,348.15,0.0
ITM_5214,ORD_12623,PRD_105,2,440.05,0.0
ITM_5215,ORD_12623,PRD_139,1,490.76,0.0
ITM_5216,ORD_12624,PRD_113,2,334.87,0.0
ITM_5217,ORD_12624,PRD_105,1,440.05,0.0
ITM_5218,ORD_12625,PRD_105,2,440.05,0.0
ITM_5219,ORD_12626,PRD_115,2,416.58,0.0
ITM_5220,ORD_12627,PRD_135,1,449.86,0.05
ITM_5221,ORD_12627,PRD_130,2,319.15,0.0
ITM_5222,ORD_12628,PRD_137,2,202.01,0.2
ITM_5223,ORD_12629,PRD_139,2,490.76,0.0
ITM_5224,ORD_12630,PRD_133,2,277.96,0.2
ITM_5225,ORD_12630,PRD_122,1,390.69,0.05
ITM_5226,ORD_12631,PRD_123,1,105.96,0.05
ITM_5227,ORD_12631,PRD_148,2,15.93,0.05
ITM_5228,ORD_12632,PRD_128,1,274.02,0.1
ITM_5229,ORD_12632,PRD_149,1,194.72,0.05
ITM_5230,ORD_12632,PRD_135,1,449.86,0.1
ITM_5231,ORD_12633,PRD_134,1,91.22,0.2
ITM_5232,ORD_12633,PRD_138,1,106.49,0.0
ITM_5233,ORD_12634,PRD_105,1,440.05,0.0
ITM_5234,ORD_12634,PRD_133,1,277.96,0.0
ITM_5235,ORD_12634,PRD_140,2,234.89,0.1
ITM_5236,ORD_12635,PRD_121,1,276.8,0.2
ITM_5237,ORD_12635,PRD_122,2,390.69,0.0
ITM_5238,ORD_12635,PRD_145,2,243.68,0.05
ITM_5239,ORD_12636,PRD_137,2,202.01,0.1
ITM_5240,ORD_12636,PRD_147,1,286.89,0.2
ITM_5241,ORD_12637,PRD_134,2,91.22,0.05
ITM_5242,ORD_12637,PRD_129,2,348.15,0.0
ITM_5243,ORD_12637,PRD_148,1,15.93,0.0
ITM_5244,ORD_12638,PRD_142,1,368.74,0.0
ITM_5245,ORD_12638,PRD_112,1,324.51,0.0
ITM_5246,ORD_12639,PRD_107,2,140.95,0.0
ITM_5247,ORD_12640,PRD_130,1,319.15,0.0
ITM_5248,ORD_12640,PRD_133,1,277.96,0.0
ITM_5249,ORD_12641,PRD_149,2,194.72,0.0
ITM_5250,ORD_12642,PRD_110,2,68.9,0.0
ITM_5251,ORD_12643,PRD_104,1,301.61,0.0
ITM_5252,ORD_12643,PRD_102,2,70.94,0.0
ITM_5253,ORD_12644,PRD_129,2,348.15,0.1
ITM_5254,ORD_12645,PRD_119,2,38.34,0.0
ITM_5255,ORD_12645,PRD_139,2,490.76,0.0
ITM_5256,ORD_12645,PRD_110,2,68.9,0.05
ITM_5257,ORD_12646,PRD_104,1,301.61,0.2
ITM_5258,ORD_12646,PRD_146,2,234.53,0.0
ITM_5259,ORD_12647,PRD_114,2,425.06,0.0
ITM_5260,ORD_12647,PRD_138,1,106.49,0.1
ITM_5261,ORD_12647,PRD_123,1,105.96,0.0
ITM_5262,ORD_12648,PRD_112,1,324.51,0.0
ITM_5263,ORD_12648,PRD_142,2,368.74,0.2
ITM_5264,ORD_12648,PRD_135,1,449.86,0.2
ITM_5265,ORD_12649,PRD_126,1,200.2,0.0
ITM_5266,ORD_12650,PRD_136,1,490.78,0.05
ITM_5267,ORD_12651,PRD_110,2,68.9,0.0
ITM_5268,ORD_12651,PRD_145,1,243.68,0.0
ITM_5269,ORD_12651,PRD_143,2,480.47,0.1
ITM_5270,ORD_12652,PRD_107,1,140.95,0.0
ITM_5271,ORD_12652,PRD_133,2,277.96,0.05
ITM_5272,ORD_12652,PRD_124,1,425.13,0.0
ITM_5273,ORD_12653,PRD_138,2,106.49,0.2
ITM_5274,ORD_12653,PRD_148,1,15.93,0.0
ITM_5275,ORD_12654,PRD_137,1,202.01,0.0
ITM_5276,ORD_12654,PRD_130,1,319.15,0.0
ITM_5277,ORD_12655,PRD_115,1,416.58,0.05
ITM_5278,ORD_12656,PRD_117,1,357.97,0.0
ITM_5279,ORD_12656,PRD_113,2,334.87,0.0
ITM_5280,ORD_12656,PRD_138,2,106.49,0.05
ITM_5281,ORD_12657,PRD_126,1,200.2,0.0
ITM_5282,ORD_12658,PRD_104,1,301.61,0.0
ITM_5283,ORD_12659,PRD_122,1,390.69,0.05
ITM_5284,ORD_12659,PRD_112,1,324.51,0.1
ITM_5285,ORD_12659,PRD_117,1,357.97,0.0
ITM_5286,ORD_12660,PRD_149,1,194.72,0.0
ITM_5287,ORD_12660,PRD_138,2,106.49,0.0
ITM_5288,ORD_12661,PRD_103,1,370.74,0.0
ITM_5289,ORD_12661,PRD_112,2,324.51,0.0
ITM_5290,ORD_12662,PRD_133,2,277.96,0.1
ITM_5291,ORD_12663,PRD_107,1,140.95,0.0
ITM_5292,ORD_12663,PRD_142,1,368.74,0.0
ITM_5293,ORD_12663,PRD_117,1,357.97,0.0
ITM_5294,ORD_12664,PRD_102,1,70.94,0.1
ITM_5295,ORD_12665,PRD_140,2,234.89,0.05
ITM_5296,ORD_12665,PRD_112,1,324.51,0.05
ITM_5297,ORD_12665,PRD_118,1,247.2,0.2
ITM_5298,ORD_12666,PRD_141,1,490.78,0.0
ITM_5299,ORD_12667,PRD_138,2,106.49,0.0
ITM_5300,ORD_12668,PRD_125,1,82.01,0.0
ITM_5301,ORD_12669,PRD_121,2,276.8,0.05
ITM_5302,ORD_12670,PRD_146,1,234.53,0.0
ITM_5303,ORD_12670,PRD_143,1,480.47,0.0
ITM_5304,ORD_12670,PRD_138,2,106.49,0.05
ITM_5305,ORD_12671,PRD_110,1,68.9,0.0
ITM_5306,ORD_12671,PRD_137,1,202.01,0.0
ITM_5307,ORD_12671,PRD_131,2,479.39,0.0
ITM_5308,ORD_12672,PRD_147,1,286.89,0.0
ITM_5309,ORD_12672,PRD_146,2,234.53,0.0
ITM_5310,ORD_12672,PRD_148,1,15.93,0.05
ITM_5311,ORD_12673,PRD_113,2,334.87,0.0
ITM_5312,ORD_12673,PRD_144,2,483.86,0.2
ITM_5313,ORD_12674,PRD_116,1,205.02,0.0
ITM_5314,ORD_12674,PRD_114,1,425.06,0.0
ITM_5315,ORD_12675,PRD_143,1,480.47,0.0
ITM_5316,ORD_12675,PRD_123,2,105.96,0.0
ITM_5317,ORD_12675,PRD_137,2,202.01,0.0
ITM_5318,ORD_12676,PRD_126,2,200.2,0.1
ITM_5319,ORD_12676,PRD_149,2,194.72,0.2
ITM_5320,ORD_12677,PRD_115,1,416.58,0.05
ITM_5321,ORD_12678,PRD_148,2,15.93,0.0
ITM_5322,ORD_12678,PRD_133,1,277.96,0.0
ITM_5323,ORD_12678,PRD_117,2,357.97,0.05
ITM_5324,ORD_12679,PRD_113,2,334.87,0.05
ITM_5325,ORD_12679,PRD_113,2,334.87,0.05
ITM_5326,ORD_12679,PRD_104,2,301.61,0.0
ITM_5327,ORD_12680,PRD_111,1,177.48,0.05
ITM_5328,ORD_12680,PRD_147,1,286.89,0.0
ITM_5329,ORD_12680,PRD_131,1,479.39,0.2
ITM_5330,ORD_12681,PRD_133,2,277.96,0.0
ITM_5331,ORD_12681,PRD_128,1,274.02,0.0
ITM_5332,ORD_12681,PRD_103,1,370.74,0.0
ITM_5333,ORD_12682,PRD_124,2,425.13,0.0
ITM_5334,ORD_12682,PRD_149,2,194.72,0.05
ITM_5335,ORD_12683,PRD_127,1,406.83,0.0
ITM_5336,ORD_12683,PRD_126,2,200.2,0.0
ITM_5337,ORD_12684,PRD_142,2,368.74,0.0
ITM_5338,ORD_12684,PRD_139,1,490.76,0.1
ITM_5339,ORD_12684,PRD_136,1,490.78,0.0
ITM_5340,ORD_12685,PRD_119,2,38.34,0.0
ITM_5341,ORD_12686,PRD_116,2,205.02,0.05
ITM_5342,ORD_12686,PRD_121,1,276.8,0.05
ITM_5343,ORD_12687,PRD_128,2,274.02,0.0
ITM_5344,ORD_12688,PRD_113,1,334.87,0.2
ITM_5345,ORD_12688,PRD_103,1,370.74,0.05
ITM_5346,ORD_12689,PRD_128,1,274.02,0.05
ITM_5347,ORD_12689,PRD_130,1,319.15,0.05
ITM_5348,ORD_12690,PRD_105,1,440.05,0.0
ITM_5349,ORD_12690,PRD_143,1,480.47,0.0
ITM_5350,ORD_12691,PRD_139,2,490.76,0.1
ITM_5351,ORD_12691,PRD_107,1,140.95,0.2
ITM_5352,ORD_12692,PRD_149,1,194.72,0.1
ITM_5353,ORD_12693,PRD_145,2,243.68,0.0
ITM_5354,ORD_12694,PRD_126,2,200.2,0.0
ITM_5355,ORD_12695,PRD_144,1,483.86,0.2
ITM_5356,ORD_12695,PRD_124,1,425.13,0.0
ITM_5357,ORD_12696,PRD_120,2,127.19,0.1
ITM_5358,ORD_12696,PRD_106,1,342.0,0.0
ITM_5359,ORD_12696,PRD_143,2,480.47,0.0
ITM_5360,ORD_12697,PRD_146,2,234.53,0.0
ITM_5361,ORD_12698,PRD_123,2,105.96,0.0
ITM_5362,ORD_12698,PRD_146,1,234.53,0.0
ITM_5363,ORD_12699,PRD_101,1,195.76,0.2
ITM_5364,ORD_12699,PRD_119,2,38.34,0.0
ITM_5365,ORD_12700,PRD_109,1,47.43,0.0
ITM_5366,ORD_12700,PRD_140,1,234.89,0.2
ITM_5367,ORD_12700,PRD_102,2,70.94,0.0
ITM_5368,ORD_12701,PRD_110,1,68.9,0.05
ITM_5369,ORD_12702,PRD_126,2,200.2,0.0
ITM_5370,ORD_12702,PRD_131,2,479.39,0.0
ITM_5371,ORD_12703,PRD_141,2,490.78,0.1
ITM_5372,ORD_12704,PRD_149,1,194.72,0.2
ITM_5373,ORD_12704,PRD_121,1,276.8,0.0
ITM_5374,ORD_12704,PRD_117,2,357.97,0.0
ITM_5375,ORD_12705,PRD_128,1,274.02,0.05
ITM_5376,ORD_12705,PRD_128,1,274.02,0.05
ITM_5377,ORD_12706,PRD_101,1,195.76,0.0
ITM_5378,ORD_12706,PRD_136,1,490.78,0.0
ITM_5379,ORD_12706,PRD_130,1,319.15,0.0
ITM_5380,ORD_12707,PRD_136,2,490.78,0.0
ITM_5381,ORD_12708,PRD_141,2,490.78,0.0
ITM_5382,ORD_12708,PRD_125,1,82.01,0.0
ITM_5383,ORD_12709,PRD_143,1,480.47,0.0
ITM_5384,ORD_12709,PRD_101,2,195.76,0.0
ITM_5385,ORD_12709,PRD_112,1,324.51,0.2
ITM_5386,ORD_12710,PRD_104,2,301.61,0.0
ITM_5387,ORD_12710,PRD_138,2,106.49,0.0
ITM_5388,ORD_12710,PRD_113,1,334.87,0.2
ITM_5389,ORD_12711,PRD_142,2,368.74,0.0
ITM_5390,ORD_12711,PRD_120,1,127.19,0.0
ITM_5391,ORD_12711,PRD_140,2,234.89,0.0
ITM_5392,ORD_12712,PRD_137,2,202.01,0.0
ITM_5393,ORD_12713,PRD_127,2,406.83,0.0
ITM_5394,ORD_12713,PRD_145,2,243.68,0.1
ITM_5395,ORD_12714,PRD_109,1,47.43,0.0
ITM_5396,ORD_12714,PRD_144,1,483.86,0.05
ITM_5397,ORD_12715,PRD_146,1,234.53,0.0
ITM_5398,ORD_12715,PRD_126,2,200.2,0.0
ITM_5399,ORD_12715,PRD_143,2,480.47,0.0
ITM_5400,ORD_12716,PRD_110,1,68.9,0.05
ITM_5401,ORD_12716,PRD_136,1,490.78,0.2
ITM_5402,ORD_12716,PRD_133,2,277.96,0.05
ITM_5403,ORD_12717,PRD_122,1,390.69,0.0
ITM_5404,ORD_12717,PRD_107,1,140.95,0.1
ITM_5405,ORD_12717,PRD_130,1,319.15,0.1
ITM_5406,ORD_12718,PRD_108,2,488.25,0.0
ITM_5407,ORD_12719,PRD_119,1,38.34,0.0
ITM_5408,ORD_12720,PRD_126,2,200.2,0.0
ITM_5409,ORD_12720,PRD_112,2,324.51,0.0
ITM_5410,ORD_12721,PRD_104,2,301.61,0.1
ITM_5411,ORD_12721,PRD_146,1,234.53,0.0
ITM_5412,ORD_12722,PRD_140,2,234.89,0.0
ITM_5413,ORD_12722,PRD_119,2,38.34,0.0
ITM_5414,ORD_12722,PRD_103,2,370.74,0.0
ITM_5415,ORD_12723,PRD_129,1,348.15,0.0
ITM_5416,ORD_12724,PRD_116,1,205.02,0.05
ITM_5417,ORD_12724,PRD_109,2,47.43,0.0
ITM_5418,ORD_12725,PRD_110,1,68.9,0.05
ITM_5419,ORD_12725,PRD_146,2,234.53,0.0
ITM_5420,ORD_12725,PRD_122,1,390.69,0.2
ITM_5421,ORD_12726,PRD_116,2,205.02,0.0
ITM_5422,ORD_12726,PRD_118,1,247.2,0.05
ITM_5423,ORD_12726,PRD_112,2,324.51,0.2
ITM_5424,ORD_12727,PRD_101,2,195.76,0.05
ITM_5425,ORD_12728,PRD_127,1,406.83,0.05
ITM_5426,ORD_12728,PRD_108,1,488.25,0.0
ITM_5427,ORD_12728,PRD_133,1,277.96,0.0
ITM_5428,ORD_12729,PRD_138,1,106.49,0.1
ITM_5429,ORD_12729,PRD_143,2,480.47,0.05
ITM_5430,ORD_12730,PRD_115,1,416.58,0.05
ITM_5431,ORD_12731,PRD_147,1,286.89,0.0
ITM_5432,ORD_12731,PRD_125,1,82.01,0.0
ITM_5433,ORD_12732,PRD_131,1,479.39,0.0
ITM_5434,ORD_12732,PRD_129,1,348.15,0.2
ITM_5435,ORD_12732,PRD_104,1,301.61,0.1
ITM_5436,ORD_12733,PRD_139,2,490.76,0.1
ITM_5437,ORD_12733,PRD_148,1,15.93,0.05
ITM_5438,ORD_12733,PRD_136,2,490.78,0.0
ITM_5439,ORD_12734,PRD_143,2,480.47,0.1
ITM_5440,ORD_12734,PRD_148,1,15.93,0.05
ITM_5441,ORD_12735,PRD_144,1,483.86,0.05
ITM_5442,ORD_12735,PRD_120,2,127.19,0.0
ITM_5443,ORD_12735,PRD_114,1,425.06,0.2
ITM_5444,ORD_12736,PRD_119,1,38.34,0.05
ITM_5445,ORD_12736,PRD_124,2,425.13,0.0
ITM_5446,ORD_12736,PRD_142,2,368.74,0.2
ITM_5447,ORD_12737,PRD_132,2,475.04,0.0
ITM_5448,ORD_12738,PRD_139,2,490.76,0.05
ITM_5449,ORD_12738,PRD_134,2,91.22,0.0
ITM_5450,ORD_12739,PRD_138,2,106.49,0.0
ITM_5451,ORD_12740,PRD_126,2,200.2,0.0
ITM_5452,ORD_12740,PRD_138,1,106.49,0.0
ITM_5453,ORD_12741,PRD_101,2,195.76,0.05
ITM_5454,ORD_12741,PRD_150,2,32.57,0.05
ITM_5455,ORD_12741,PRD_113,2,334.87,0.0
ITM_5456,ORD_12742,PRD_113,1,334.87,0.0
ITM_5457,ORD_12742,PRD_122,2,390.69,0.0
ITM_5458,ORD_12743,PRD_119,2,38.34,0.0
ITM_5459,ORD_12744,PRD_142,2,368.74,0.0
ITM_5460,ORD_12745,PRD_107,2,140.95,0.0
ITM_5461,ORD_12746,PRD_110,1,68.9,0.2
ITM_5462,ORD_12746,PRD_112,2,324.51,0.05
ITM_5463,ORD_12747,PRD_122,1,390.69,0.05
ITM_5464,ORD_12747,PRD_126,1,200.2,0.1
ITM_5465,ORD_12748,PRD_110,2,68.9,0.0
ITM_5466,ORD_12748,PRD_149,2,194.72,0.0
ITM_5467,ORD_12748,PRD_136,1,490.78,0.0
ITM_5468,ORD_12749,PRD_126,1,200.2,0.05
ITM_5469,ORD_12749,PRD_120,1,127.19,0.05
ITM_5470,ORD_12750,PRD_130,1,319.15,0.1
ITM_5471,ORD_12750,PRD_141,1,490.78,0.05
ITM_5472,ORD_12751,PRD_118,2,247.2,0.0
ITM_5473,ORD_12751,PRD_106,1,342.0,0.05
ITM_5474,ORD_12752,PRD_114,1,425.06,0.05
ITM_5475,ORD_12753,PRD_130,1,319.15,0.0
ITM_5476,ORD_12754,PRD_110,1,68.9,0.05
ITM_5477,ORD_12755,PRD_107,2,140.95,0.05
ITM_5478,ORD_12755,PRD_142,2,368.74,0.0
ITM_5479,ORD_12756,PRD_112,1,324.51,0.0
ITM_5480,ORD_12757,PRD_128,2,274.02,0.0
ITM_5481,ORD_12757,PRD_147,2,286.89,0.05
ITM_5482,ORD_12758,PRD_106,2,342.0,0.0
ITM_5483,ORD_12758,PRD_110,1,68.9,0.0
ITM_5484,ORD_12758,PRD_139,2,490.76,0.0
ITM_5485,ORD_12759,PRD_114,1,425.06,0.1
ITM_5486,ORD_12759,PRD_101,1,195.76,0.0
ITM_5487,ORD_12759,PRD_145,2,243.68,0.0
ITM_5488,ORD_12760,PRD_121,1,276.8,0.0
ITM_5489,ORD_12760,PRD_135,2,449.86,0.0
ITM_5490,ORD_12761,PRD_131,2,479.39,0.2
ITM_5491,ORD_12762,PRD_111,2,177.48,0.0
ITM_5492,ORD_12762,PRD_102,1,70.94,0.0
ITM_5493,ORD_12763,PRD_102,2,70.94,0.0
ITM_5494,ORD_12763,PRD_135,1,449.86,0.0
ITM_5495,ORD_12764,PRD_131,2,479.39,0.2
ITM_5496,ORD_12765,PRD_132,2,475.04,0.0
ITM_5497,ORD_12765,PRD_118,2,247.2,0.05
ITM_5498,ORD_12766,PRD_106,1,342.0,0.2
ITM_5499,ORD_12766,PRD_134,2,91.22,0.0
ITM_5500,ORD_12767,PRD_124,1,425.13,0.2
ITM_5501,ORD_12767,PRD_120,2,127.19,0.05
ITM_5502,ORD_12767,PRD_111,2,177.48,0.1
ITM_5503,ORD_12768,PRD_111,1,177.48,0.2
ITM_5504,ORD_12768,PRD_121,1,276.8,0.0
ITM_5505,ORD_12769,PRD_137,2,202.01,0.0
ITM_5506,ORD_12770,PRD_114,2,425.06,0.0
ITM_5507,ORD_12771,PRD_146,1,234.53,0.0
ITM_5508,ORD_12771,PRD_101,2,195.76,0.0
ITM_5509,ORD_12771,PRD_130,1,319.15,0.0
ITM_5510,ORD_12772,PRD_148,1,15.93,0.05
ITM_5511,ORD_12772,PRD_108,1,488.25,0.0
ITM_5512,ORD_12772,PRD_148,2,15.93,0.0
ITM_5513,ORD_12773,PRD_133,2,277.96,0.05
ITM_5514,ORD_12773,PRD_140,1,234.89,0.0
ITM_5515,ORD_12774,PRD_131,2,479.39,0.0
ITM_5516,ORD_12775,PRD_111,1,177.48,0.1
ITM_5517,ORD_12776,PRD_105,2,440.05,0.0
ITM_5518,ORD_12777,PRD_104,1,301.61,0.1
ITM_5519,ORD_12777,PRD_142,1,368.74,0.0
ITM_5520,ORD_12777,PRD_123,1,105.96,0.1
ITM_5521,ORD_12778,PRD_141,2,490.78,0.0
ITM_5522,ORD_12778,PRD_102,1,70.94,0.0
ITM_5523,ORD_12778,PRD_137,2,202.01,0.0
ITM_5524,ORD_12779,PRD_144,2,483.86,0.05
ITM_5525,ORD_12779,PRD_109,1,47.43,0.0
ITM_5526,ORD_12779,PRD_125,1,82.01,0.0
ITM_5527,ORD_12780,PRD_101,1,195.76,0.2
ITM_5528,ORD_12780,PRD_146,1,234.53,0.0
ITM_5529,ORD_12781,PRD_120,2,127.19,0.0
ITM_5530,ORD_12782,PRD_143,1,480.47,0.1
ITM_5531,ORD_12783,PRD_139,1,490.76,0.0
ITM_5532,ORD_12783,PRD_150,1,32.57,0.0
ITM_5533,ORD_12783,PRD_105,2,440.05,0.0
ITM_5534,ORD_12784,PRD_118,2,247.2,0.05
ITM_5535,ORD_12784,PRD_145,2,243.68,0.2
ITM_5536,ORD_12785,PRD_108,1,488.25,0.0
ITM_5537,ORD_12785,PRD_149,1,194.72,0.0
ITM_5538,ORD_12785,PRD_128,1,274.02,0.05
ITM_5539,ORD_12786,PRD_120,2,127.19,0.0
ITM_5540,ORD_12786,PRD_103,2,370.74,0.05
ITM_5541,ORD_12786,PRD_134,1,91.22,0.05
ITM_5542,ORD_12787,PRD_109,2,47.43,0.0
ITM_5543,ORD_12787,PRD_117,2,357.97,0.05
ITM_5544,ORD_12787,PRD_107,2,140.95,0.1
ITM_5545,ORD_12788,PRD_125,2,82.01,0.05
ITM_5546,ORD_12788,PRD_131,2,479.39,0.05
ITM_5547,ORD_12789,PRD_129,1,348.15,0.05
ITM_5548,ORD_12790,PRD_112,2,324.51,0.0
ITM_5549,ORD_12791,PRD_142,2,368.74,0.0
ITM_5550,ORD_12791,PRD_109,2,47.43,0.0
ITM_5551,ORD_12791,PRD_131,2,479.39,0.0
ITM_5552,ORD_12792,PRD_150,1,32.57,0.0
ITM_5553,ORD_12792,PRD_127,2,406.83,0.0
ITM_5554,ORD_12793,PRD_107,2,140.95,0.2
ITM_5555,ORD_12793,PRD_121,2,276.8,0.0
ITM_5556,ORD_12794,PRD_140,1,234.89,0.05
ITM_5557,ORD_12795,PRD_118,2,247.2,0.0
ITM_5558,ORD_12796,PRD_124,2,425.13,0.0
ITM_5559,ORD_12796,PRD_103,1,370.74,0.05
ITM_5560,ORD_12796,PRD_107,1,140.95,0.0
ITM_5561,ORD_12797,PRD_102,1,70.94,0.0
ITM_5562,ORD_12797,PRD_108,1,488.25,0.1
ITM_5563,ORD_12797,PRD_142,1,368.74,0.05
ITM_5564,ORD_12798,PRD_105,1,440.05,0.0
ITM_5565,ORD_12799,PRD_141,2,490.78,0.0
ITM_5566,ORD_12800,PRD_115,2,416.58,0.0
ITM_5567,ORD_12800,PRD_109,1,47.43,0.0
ITM_5568,ORD_12800,PRD_136,1,490.78,0.2
ITM_5569,ORD_12801,PRD_104,1,301.61,0.05
ITM_5570,ORD_12802,PRD_119,1,38.34,0.0
ITM_5571,ORD_12802,PRD_126,2,200.2,0.2
ITM_5572,ORD_12802,PRD_110,2,68.9,0.0
ITM_5573,ORD_12803,PRD_102,1,70.94,0.0
ITM_5574,ORD_12803,PRD_124,1,425.13,0.2
ITM_5575,ORD_12804,PRD_132,1,475.04,0.0
ITM_5576,ORD_12804,PRD_117,2,357.97,0.2
ITM_5577,ORD_12804,PRD_118,2,247.2,0.0
ITM_5578,ORD_12805,PRD_145,1,243.68,0.0
ITM_5579,ORD_12805,PRD_114,2,425.06,0.05
ITM_5580,ORD_12806,PRD_131,1,479.39,0.0
ITM_5581,ORD_12807,PRD_126,1,200.2,0.05
ITM_5582,ORD_12807,PRD_142,2,368.74,0.0
ITM_5583,ORD_12808,PRD_123,1,105.96,0.0
ITM_5584,ORD_12808,PRD_139,1,490.76,0.0
ITM_5585,ORD_12808,PRD_142,2,368.74,0.0
ITM_5586,ORD_12809,PRD_137,2,202.01,0.0
ITM_5587,ORD_12809,PRD_114,2,425.06,0.0
ITM_5588,ORD_12810,PRD_129,2,348.15,0.2
ITM_5589,ORD_12810,PRD_138,1,106.49,0.0
ITM_5590,ORD_12810,PRD_114,2,425.06,0.2
ITM_5591,ORD_12811,PRD_126,1,200.2,0.0
ITM_5592,ORD_12812,PRD_109,2,47.43,0.05
ITM_5593,ORD_12812,PRD_132,2,475.04,0.05
ITM_5594,ORD_12813,PRD_114,2,425.06,0.0
ITM_5595,ORD_12813,PRD_122,2,390.69,0.0
ITM_5596,ORD_12814,PRD_129,2,348.15,0.05
ITM_5597,ORD_12814,PRD_130,1,319.15,0.0
ITM_5598,ORD_12815,PRD_114,1,425.06,0.0
ITM_5599,ORD_12816,PRD_143,1,480.47,0.0
ITM_5600,ORD_12816,PRD_110,2,68.9,0.1
ITM_5601,ORD_12817,PRD_114,2,425.06,0.2
ITM_5602,ORD_12817,PRD_130,1,319.15,0.0
ITM_5603,ORD_12817,PRD_135,1,449.86,0.2
ITM_5604,ORD_12818,PRD_121,2,276.8,0.2
ITM_5605,ORD_12819,PRD_107,2,140.95,0.0
ITM_5606,ORD_12819,PRD_119,2,38.34,0.0
ITM_5607,ORD_12819,PRD_125,2,82.01,0.1
ITM_5608,ORD_12820,PRD_104,1,301.61,0.1
ITM_5609,ORD_12820,PRD_120,2,127.19,0.1
ITM_5610,ORD_12820,PRD_145,2,243.68,0.0
ITM_5611,ORD_12821,PRD_123,1,105.96,0.0
ITM_5612,ORD_12821,PRD_105,1,440.05,0.0
ITM_5613,ORD_12821,PRD_129,1,348.15,0.05
ITM_5614,ORD_12822,PRD_111,2,177.48,0.05
ITM_5615,ORD_12822,PRD_117,1,357.97,0.2
ITM_5616,ORD_12823,PRD_145,1,243.68,0.0
ITM_5617,ORD_12823,PRD_119,1,38.34,0.0
ITM_5618,ORD_12823,PRD_144,2,483.86,0.2
ITM_5619,ORD_12824,PRD_117,1,357.97,0.0
ITM_5620,ORD_12824,PRD_148,1,15.93,0.2
ITM_5621,ORD_12825,PRD_110,2,68.9,0.0
ITM_5622,ORD_12825,PRD_113,1,334.87,0.1
ITM_5623,ORD_12825,PRD_140,2,234.89,0.1
ITM_5624,ORD_12826,PRD_105,1,440.05,0.0
ITM_5625,ORD_12826,PRD_149,2,194.72,0.0
ITM_5626,ORD_12826,PRD_117,1,357.97,0.0
ITM_5627,ORD_12827,PRD_124,2,425.13,0.0
ITM_5628,ORD_12827,PRD_139,1,490.76,0.0
ITM_5629,ORD_12828,PRD_126,2,200.2,0.2
ITM_5630,ORD_12828,PRD_128,2,274.02,0.05
ITM_5631,ORD_12829,PRD_101,1,195.76,0.05
ITM_5632,ORD_12830,PRD_140,2,234.89,0.0
ITM_5633,ORD_12830,PRD_109,2,47.43,0.0
ITM_5634,ORD_12830,PRD_140,1,234.89,0.05
ITM_5635,ORD_12831,PRD_132,2,475.04,0.1
ITM_5636,ORD_12831,PRD_124,1,425.13,0.0
ITM_5637,ORD_12831,PRD_104,1,301.61,0.0
ITM_5638,ORD_12832,PRD_138,1,106.49,0.05
ITM_5639,ORD_12832,PRD_129,1,348.15,0.0
ITM_5640,ORD_12832,PRD_142,1,368.74,0.0
ITM_5641,ORD_12833,PRD_133,1,277.96,0.0
ITM_5642,ORD_12833,PRD_103,2,370.74,0.0
ITM_5643,ORD_12833,PRD_134,2,91.22,0.0
ITM_5644,ORD_12834,PRD_150,2,32.57,0.05
ITM_5645,ORD_12834,PRD_147,2,286.89,0.2
ITM_5646,ORD_12835,PRD_131,2,479.39,0.0
ITM_5647,ORD_12836,PRD_122,1,390.69,0.1
ITM_5648,ORD_12836,PRD_115,2,416.58,0.0
ITM_5649,ORD_12836,PRD_126,1,200.2,0.0
ITM_5650,ORD_12837,PRD_107,2,140.95,0.0
ITM_5651,ORD_12837,PRD_129,1,348.15,0.05
ITM_5652,ORD_12837,PRD_104,1,301.61,0.0
ITM_5653,ORD_12838,PRD_123,1,105.96,0.1
ITM_5654,ORD_12839,PRD_135,1,449.86,0.0
ITM_5655,ORD_12840,PRD_103,1,370.74,0.0
ITM_5656,ORD_12840,PRD_104,1,301.61,0.0
ITM_5657,ORD_12840,PRD_101,1,195.76,0.0
ITM_5658,ORD_12841,PRD_126,1,200.2,0.0
ITM_5659,ORD_12841,PRD_122,1,390.69,0.2
ITM_5660,ORD_12841,PRD_142,2,368.74,0.2
ITM_5661,ORD_12842,PRD_110,1,68.9,0.05
ITM_5662,ORD_12843,PRD_148,2,15.93,0.05
ITM_5663,ORD_12843,PRD_138,2,106.49,0.0
ITM_5664,ORD_12844,PRD_117,1,357.97,0.0
ITM_5665,ORD_12844,PRD_145,1,243.68,0.1
ITM_5666,ORD_12844,PRD_148,1,15.93,0.1
ITM_5667,ORD_12845,PRD_147,1,286.89,0.05
ITM_5668,ORD_12845,PRD_113,1,334.87,0.1
ITM_5669,ORD_12846,PRD_115,1,416.58,0.0
ITM_5670,ORD_12846,PRD_103,1,370.74,0.05
ITM_5671,ORD_12846,PRD_138,1,106.49,0.2
ITM_5672,ORD_12847,PRD_123,1,105.96,0.0
ITM_5673,ORD_12847,PRD_146,1,234.53,0.0
ITM_5674,ORD_12848,PRD_121,1,276.8,0.05
ITM_5675,ORD_12848,PRD_133,2,277.96,0.1
ITM_5676,ORD_12848,PRD_106,1,342.0,0.0
ITM_5677,ORD_12849,PRD_146,1,234.53,0.1
ITM_5678,ORD_12849,PRD_144,2,483.86,0.0
ITM_5679,ORD_12850,PRD_121,1,276.8,0.0
ITM_5680,ORD_12850,PRD_124,1,425.13,0.0
ITM_5681,ORD_12851,PRD_123,2,105.96,0.2
ITM_5682,ORD_12851,PRD_149,2,194.72,0.0
ITM_5683,ORD_12852,PRD_121,2,276.8,0.1
ITM_5684,ORD_12852,PRD_122,2,390.69,0.05
ITM_5685,ORD_12852,PRD_116,1,205.02,0.0
ITM_5686,ORD_12853,PRD_107,1,140.95,0.0
ITM_5687,ORD_12853,PRD_147,1,286.89,0.0
ITM_5688,ORD_12853,PRD_148,2,15.93,0.0
ITM_5689,ORD_12854,PRD_105,1,440.05,0.0
ITM_5690,ORD_12854,PRD_104,1,301.61,0.05
ITM_5691,ORD_12854,PRD_136,2,490.78,0.0
ITM_5692,ORD_12855,PRD_107,2,140.95,0.05
ITM_5693,ORD_12855,PRD_139,1,490.76,0.2
ITM_5694,ORD_12855,PRD_128,2,274.02,0.0
ITM_5695,ORD_12856,PRD_147,1,286.89,0.0
ITM_5696,ORD_12856,PRD_140,2,234.89,0.0
ITM_5697,ORD_12856,PRD_144,2,483.86,0.0
ITM_5698,ORD_12857,PRD_125,1,82.01,0.05
ITM_5699,ORD_12857,PRD_111,2,177.48,0.0
ITM_5700,ORD_12858,PRD_142,2,368.74,0.0
ITM_5701,ORD_12858,PRD_103,1,370.74,0.05
ITM_5702,ORD_12858,PRD_116,2,205.02,0.05
ITM_5703,ORD_12859,PRD_126,2,200.2,0.05
ITM_5704,ORD_12859,PRD_115,2,416.58,0.0
ITM_5705,ORD_12860,PRD_113,1,334.87,0.2
ITM_5706,ORD_12860,PRD_116,2,205.02,0.0
ITM_5707,ORD_12861,PRD_128,1,274.02,0.0
ITM_5708,ORD_12861,PRD_118,1,247.2,0.0
ITM_5709,ORD_12861,PRD_112,1,324.51,0.1
ITM_5710,ORD_12862,PRD_130,2,319.15,0.0
ITM_5711,ORD_12862,PRD_147,1,286.89,0.1
ITM_5712,ORD_12862,PRD_149,2,194.72,0.0
ITM_5713,ORD_12863,PRD_139,1,490.76,0.05
ITM_5714,ORD_12863,PRD_116,2,205.02,0.05
ITM_5715,ORD_12864,PRD_125,2,82.01,0.0
ITM_5716,ORD_12864,PRD_121,2,276.8,0.05
ITM_5717,ORD_12865,PRD_128,2,274.02,0.1
ITM_5718,ORD_12865,PRD_101,2,195.76,0.05
ITM_5719,ORD_12865,PRD_146,2,234.53,0.05
ITM_5720,ORD_12866,PRD_140,1,234.89,0.05
ITM_5721,ORD_12867,PRD_145,1,243.68,0.0
ITM_5722,ORD_12867,PRD_122,2,390.69,0.0
ITM_5723,ORD_12868,PRD_107,1,140.95,0.0
ITM_5724,ORD_12868,PRD_140,1,234.89,0.05
ITM_5725,ORD_12869,PRD_120,2,127.19,0.0
ITM_5726,ORD_12869,PRD_148,1,15.93,0.0
ITM_5727,ORD_12869,PRD_146,1,234.53,0.0
ITM_5728,ORD_12870,PRD_140,1,234.89,0.0
ITM_5729,ORD_12870,PRD_117,2,357.97,0.05
ITM_5730,ORD_12871,PRD_148,2,15.93,0.05
ITM_5731,ORD_12871,PRD_129,2,348.15,0.0
ITM_5732,ORD_12872,PRD_103,1,370.74,0.1
ITM_5733,ORD_12872,PRD_112,2,324.51,0.0
ITM_5734,ORD_12872,PRD_144,1,483.86,0.05
ITM_5735,ORD_12873,PRD_119,1,38.34,0.0
ITM_5736,ORD_12873,PRD_149,1,194.72,0.1
ITM_5737,ORD_12874,PRD_119,1,38.34,0.05
ITM_5738,ORD_12874,PRD_109,2,47.43,0.1
ITM_5739,ORD_12874,PRD_137,2,202.01,0.1
ITM_5740,ORD_12875,PRD_146,2,234.53,0.0
ITM_5741,ORD_12875,PRD_131,2,479.39,0.05
ITM_5742,ORD_12875,PRD_112,1,324.51,0.0
ITM_5743,ORD_12876,PRD_135,1,449.86,0.05
ITM_5744,ORD_12877,PRD_150,1,32.57,0.0
ITM_5745,ORD_12878,PRD_104,1,301.61,0.05
ITM_5746,ORD_12879,PRD_109,1,47.43,0.1
ITM_5747,ORD_12879,PRD_148,2,15.93,0.05
ITM_5748,ORD_12879,PRD_122,2,390.69,0.1
ITM_5749,ORD_12880,PRD_110,2,68.9,0.0
ITM_5750,ORD_12881,PRD_103,1,370.74,0.0
ITM_5751,ORD_12882,PRD_103,1,370.74,0.0
ITM_5752,ORD_12882,PRD_148,2,15.93,0.1
ITM_5753,ORD_12882,PRD_139,1,490.76,0.05
ITM_5754,ORD_12883,PRD_150,2,32.57,0.1
ITM_5755,ORD_12884,PRD_121,1,276.8,0.0
ITM_5756,ORD_12885,PRD_149,2,194.72,0.05
ITM_5757,ORD_12885,PRD_107,1,140.95,0.0
ITM_5758,ORD_12886,PRD_125,2,82.01,0.0
ITM_5759,ORD_12887,PRD_142,1,368.74,0.0
ITM_5760,ORD_12888,PRD_136,1,490.78,0.0
ITM_5761,ORD_12889,PRD_144,1,483.86,0.0
ITM_5762,ORD_12890,PRD_125,2,82.01,0.0
ITM_5763,ORD_12891,PRD_142,1,368.74,0.1
ITM_5764,ORD_12892,PRD_132,1,475.04,0.0
ITM_5765,ORD_12893,PRD_148,1,15.93,0.0
ITM_5766,ORD_12893,PRD_139,2,490.76,0.0
ITM_5767,ORD_12894,PRD_144,1,483.86,0.0
ITM_5768,ORD_12894,PRD_149,1,194.72,0.1
ITM_5769,ORD_12895,PRD_143,2,480.47,0.05
ITM_5770,ORD_12895,PRD_118,1,247.2,0.2
ITM_5771,ORD_12896,PRD_145,2,243.68,0.0
ITM_5772,ORD_12896,PRD_117,2,357.97,0.0
ITM_5773,ORD_12897,PRD_113,2,334.87,0.0
ITM_5774,ORD_12898,PRD_128,1,274.02,0.0
ITM_5775,ORD_12898,PRD_111,2,177.48,0.0
ITM_5776,ORD_12898,PRD_130,1,319.15,0.05
ITM_5777,ORD_12899,PRD_126,1,200.2,0.05
ITM_5778,ORD_12899,PRD_136,2,490.78,0.0
ITM_5779,ORD_12899,PRD_111,2,177.48,0.2
ITM_5780,ORD_12900,PRD_108,1,488.25,0.0
ITM_5781,ORD_12900,PRD_118,1,247.2,0.05
ITM_5782,ORD_12900,PRD_123,1,105.96,0.0
ITM_5783,ORD_12901,PRD_145,2,243.68,0.0
ITM_5784,ORD_12902,PRD_139,2,490.76,0.0
ITM_5785,ORD_12902,PRD_123,1,105.96,0.05
ITM_5786,ORD_12903,PRD_133,1,277.96,0.0
ITM_5787,ORD_12903,PRD_111,2,177.48,0.05
ITM_5788,ORD_12904,PRD_124,2,425.13,0.0
ITM_5789,ORD_12905,PRD_149,1,194.72,0.2
ITM_5790,ORD_12905,PRD_111,1,177.48,0.0
ITM_5791,ORD_12905,PRD_118,1,247.2,0.2
ITM_5792,ORD_12906,PRD_150,1,32.57,0.05
ITM_5793,ORD_12907,PRD_102,1,70.94,0.0
ITM_5794,ORD_12907,PRD_108,2,488.25,0.2
ITM_5795,ORD_12907,PRD_109,2,47.43,0.0
ITM_5796,ORD_12908,PRD_138,2,106.49,0.05
ITM_5797,ORD_12908,PRD_129,2,348.15,0.0
ITM_5798,ORD_12908,PRD_123,2,105.96,0.0
ITM_5799,ORD_12909,PRD_139,1,490.76,0.05
ITM_5800,ORD_12909,PRD_104,2,301.61,0.0
ITM_5801,ORD_12909,PRD_145,2,243.68,0.2
ITM_5802,ORD_12910,PRD_135,1,449.86,0.0
ITM_5803,ORD_12911,PRD_102,1,70.94,0.0
ITM_5804,ORD_12911,PRD_135,2,449.86,0.1
ITM_5805,ORD_12912,PRD_108,2,488.25,0.0
ITM_5806,ORD_12912,PRD_125,2,82.01,0.0
ITM_5807,ORD_12912,PRD_122,2,390.69,0.0
ITM_5808,ORD_12913,PRD_120,1,127.19,0.0
ITM_5809,ORD_12914,PRD_126,1,200.2,0.2
ITM_5810,ORD_12914,PRD_108,2,488.25,0.0
ITM_5811,ORD_12914,PRD_117,1,357.97,0.2
ITM_5812,ORD_12915,PRD_102,2,70.94,0.05
ITM_5813,ORD_12915,PRD_115,1,416.58,0.05
ITM_5814,ORD_12916,PRD_139,1,490.76,0.0
ITM_5815,ORD_12916,PRD_137,2,202.01,0.05
ITM_5816,ORD_12916,PRD_136,2,490.78,0.0
ITM_5817,ORD_12917,PRD_118,1,247.2,0.0
ITM_5818,ORD_12917,PRD_140,2,234.89,0.05
ITM_5819,ORD_12918,PRD_133,2,277.96,0.0
ITM_5820,ORD_12919,PRD_127,1,406.83,0.0
ITM_5821,ORD_12919,PRD_105,2,440.05,0.0
ITM_5822,ORD_12919,PRD_121,2,276.8,0.0
ITM_5823,ORD_12920,PRD_123,2,105.96,0.0
ITM_5824,ORD_12921,PRD_140,1,234.89,0.0
ITM_5825,ORD_12921,PRD_102,1,70.94,0.05
ITM_5826,ORD_12922,PRD_141,2,490.78,0.05
ITM_5827,ORD_12922,PRD_146,2,234.53,0.0
ITM_5828,ORD_12923,PRD_129,2,348.15,0.0
ITM_5829,ORD_12924,PRD_139,2,490.76,0.0
ITM_5830,ORD_12924,PRD_107,2,140.95,0.0
ITM_5831,ORD_12925,PRD_146,2,234.53,0.0
ITM_5832,ORD_12925,PRD_136,1,490.78,0.1
ITM_5833,ORD_12926,PRD_124,1,425.13,0.0
ITM_5834,ORD_12926,PRD_112,2,324.51,0.05
ITM_5835,ORD_12926,PRD_125,2,82.01,0.0
ITM_5836,ORD_12927,PRD_111,1,177.48,0.05
ITM_5837,ORD_12927,PRD_131,1,479.39,0.0
ITM_5838,ORD_12928,PRD_108,2,488.25,0.0
ITM_5839,ORD_12928,PRD_105,1,440.05,0.0
ITM_5840,ORD_12928,PRD_133,2,277.96,0.0
ITM_5841,ORD_12929,PRD_142,2,368.74,0.0
ITM_5842,ORD_12930,PRD_141,2,490.78,0.05
ITM_5843,ORD_12930,PRD_123,2,105.96,0.0
ITM_5844,ORD_12931,PRD_104,1,301.61,0.05
ITM_5845,ORD_12932,PRD_148,2,15.93,0.2
ITM_5846,ORD_12932,PRD_101,2,195.76,0.0
ITM_5847,ORD_12932,PRD_150,2,32.57,0.2
ITM_5848,ORD_12933,PRD_115,2,416.58,0.0
ITM_5849,ORD_12933,PRD_149,2,194.72,0.0
ITM_5850,ORD_12933,PRD_142,1,368.74,0.0
ITM_5851,ORD_12934,PRD_102,2,70.94,0.05
ITM_5852,ORD_12934,PRD_113,2,334.87,0.0
ITM_5853,ORD_12934,PRD_126,1,200.2,0.0
ITM_5854,ORD_12935,PRD_106,2,342.0,0.1
ITM_5855,ORD_12936,PRD_142,2,368.74,0.0
ITM_5856,ORD_12936,PRD_109,2,47.43,0.0
ITM_5857,ORD_12937,PRD_139,2,490.76,0.0
ITM_5858,ORD_12937,PRD_124,2,425.13,0.0
ITM_5859,ORD_12938,PRD_134,2,91.22,0.0
ITM_5860,ORD_12939,PRD_128,2,274.02,0.1
ITM_5861,ORD_12939,PRD_147,2,286.89,0.0
ITM_5862,ORD_12940,PRD_142,1,368.74,0.0
ITM_5863,ORD_12941,PRD_129,1,348.15,0.05
ITM_5864,ORD_12941,PRD_134,1,91.22,0.05
ITM_5865,ORD_12941,PRD_101,1,195.76,0.05
ITM_5866,ORD_12942,PRD_113,2,334.87,0.1
ITM_5867,ORD_12942,PRD_138,2,106.49,0.0
ITM_5868,ORD_12942,PRD_129,2,348.15,0.0
ITM_5869,ORD_12943,PRD_123,2,105.96,0.0
ITM_5870,ORD_12944,PRD_106,2,342.0,0.0
ITM_5871,ORD_12944,PRD_120,2,127.19,0.0
ITM_5872,ORD_12944,PRD_123,1,105.96,0.1
ITM_5873,ORD_12945,PRD_110,2,68.9,0.0
ITM_5874,ORD_12946,PRD_148,2,15.93,0.0
ITM_5875,ORD_12946,PRD_118,2,247.2,0.0
ITM_5876,ORD_12947,PRD_130,2,319.15,0.0
ITM_5877,ORD_12947,PRD_140,2,234.89,0.05
ITM_5878,ORD_12948,PRD_150,1,32.57,0.2
ITM_5879,ORD_12949,PRD_128,2,274.02,0.0
ITM_5880,ORD_12950,PRD_146,2,234.53,0.0
ITM_5881,ORD_12950,PRD_117,1,357.97,0.2
ITM_5882,ORD_12951,PRD_136,2,490.78,0.05
ITM_5883,ORD_12951,PRD_123,1,105.96,0.0
ITM_5884,ORD_12952,PRD_122,1,390.69,0.05
ITM_5885,ORD_12953,PRD_133,2,277.96,0.2
ITM_5886,ORD_12953,PRD_101,2,195.76,0.05
ITM_5887,ORD_12953,PRD_125,1,82.01,0.05
ITM_5888,ORD_12954,PRD_124,2,425.13,0.05
ITM_5889,ORD_12954,PRD_138,1,106.49,0.05
ITM_5890,ORD_12954,PRD_133,1,277.96,0.05
ITM_5891,ORD_12955,PRD_145,1,243.68,0.05
ITM_5892,ORD_12956,PRD_128,2,274.02,0.05
ITM_5893,ORD_12956,PRD_115,1,416.58,0.0
ITM_5894,ORD_12957,PRD_122,1,390.69,0.0
ITM_5895,ORD_12957,PRD_116,1,205.02,0.0
ITM_5896,ORD_12958,PRD_141,2,490.78,0.2
ITM_5897,ORD_12958,PRD_150,2,32.57,0.0
ITM_5898,ORD_12959,PRD_133,1,277.96,0.0
ITM_5899,ORD_12960,PRD_148,1,15.93,0.0
ITM_5900,ORD_12961,PRD_106,2,342.0,0.2
ITM_5901,ORD_12962,PRD_127,2,406.83,0.0
ITM_5902,ORD_12962,PRD_106,2,342.0,0.0
ITM_5903,ORD_12962,PRD_119,1,38.34,0.05
ITM_5904,ORD_12963,PRD_106,2,342.0,0.0
ITM_5905,ORD_12963,PRD_103,2,370.74,0.05
ITM_5906,ORD_12963,PRD_140,1,234.89,0.0
ITM_5907,ORD_12964,PRD_135,1,449.86,0.0
ITM_5908,ORD_12965,PRD_135,1,449.86,0.0
ITM_5909,ORD_12965,PRD_128,1,274.02,0.0
ITM_5910,ORD_12965,PRD_131,1,479.39,0.05
ITM_5911,ORD_12966,PRD_127,1,406.83,0.0
ITM_5912,ORD_12966,PRD_126,1,200.2,0.0
ITM_5913,ORD_12966,PRD_130,1,319.15,0.0
ITM_5914,ORD_12967,PRD_132,2,475.04,0.0
ITM_5915,ORD_12968,PRD_145,1,243.68,0.0
ITM_5916,ORD_12968,PRD_129,1,348.15,0.0
ITM_5917,ORD_12969,PRD_108,1,488.25,0.0
ITM_5918,ORD_12970,PRD_141,1,490.78,0.0
ITM_5919,ORD_12970,PRD_146,2,234.53,0.0
ITM_5920,ORD_12970,PRD_126,2,200.2,0.0
ITM_5921,ORD_12971,PRD_136,2,490.78,0.0
ITM_5922,ORD_12971,PRD_102,1,70.94,0.0
ITM_5923,ORD_12972,PRD_114,2,425.06,0.05
ITM_5924,ORD_12973,PRD_115,1,416.58,0.2
ITM_5925,ORD_12974,PRD_142,2,368.74,0.0
ITM_5926,ORD_12974,PRD_104,2,301.61,0.0
ITM_5927,ORD_12975,PRD_124,1,425.13,0.0
ITM_5928,ORD_12975,PRD_110,2,68.9,0.2
ITM_5929,ORD_12975,PRD_122,2,390.69,0.0
ITM_5930,ORD_12976,PRD_113,2,334.87,0.0
ITM_5931,ORD_12976,PRD_136,1,490.78,0.0
ITM_5932,ORD_12977,PRD_120,2,127.19,0.0
ITM_5933,ORD_12977,PRD_109,2,47.43,0.0
ITM_5934,ORD_12977,PRD_148,2,15.93,0.0
ITM_5935,ORD_12978,PRD_120,1,127.19,0.05
ITM_5936,ORD_12978,PRD_102,1,70.94,0.05
ITM_5937,ORD_12979,PRD_107,2,140.95,0.0
ITM_5938,ORD_12979,PRD_112,1,324.51,0.1
ITM_5939,ORD_12980,PRD_131,1,479.39,0.0
ITM_5940,ORD_12980,PRD_145,1,243.68,0.05
ITM_5941,ORD_12981,PRD_149,2,194.72,0.0
ITM_5942,ORD_12982,PRD_142,1,368.74,0.05
ITM_5943,ORD_12983,PRD_114,2,425.06,0.1
ITM_5944,ORD_12983,PRD_148,2,15.93,0.0
ITM_5945,ORD_12984,PRD_121,2,276.8,0.1
ITM_5946,ORD_12985,PRD_102,1,70.94,0.05
ITM_5947,ORD_12985,PRD_123,2,105.96,0.1
ITM_5948,ORD_12985,PRD_133,2,277.96,0.0
ITM_5949,ORD_12986,PRD_134,1,91.22,0.05
ITM_5950,ORD_12987,PRD_130,1,319.15,0.2
ITM_5951,ORD_12987,PRD_130,1,319.15,0.0
ITM_5952,ORD_12987,PRD_128,1,274.02,0.1
ITM_5953,ORD_12988,PRD_121,1,276.8,0.0
ITM_5954,ORD_12988,PRD_101,1,195.76,0.0
ITM_5955,ORD_12988,PRD_135,2,449.86,0.0
ITM_5956,ORD_12989,PRD_119,1,38.34,0.0
ITM_5957,ORD_12990,PRD_126,2,200.2,0.05
ITM_5958,ORD_12990,PRD_142,1,368.74,0.1
ITM_5959,ORD_12990,PRD_112,2,324.51,0.0
ITM_5960,ORD_12991,PRD_131,2,479.39,0.05
ITM_5961,ORD_12991,PRD_130,1,319.15,0.0
ITM_5962,ORD_12991,PRD_142,1,368.74,0.0
ITM_5963,ORD_12992,PRD_140,2,234.89,0.0
ITM_5964,ORD_12993,PRD_142,2,368.74,0.0
ITM_5965,ORD_12994,PRD_143,2,480.47,0.1
ITM_5966,ORD_12994,PRD_119,2,38.34,0.0
ITM_5967,ORD_12995,PRD_115,2,416.58,0.0
ITM_5968,ORD_12995,PRD_121,1,276.8,0.05
ITM_5969,ORD_12995,PRD_105,1,440.05,0.2
ITM_5970,ORD_12996,PRD_149,1,194.72,0.2
ITM_5971,ORD_12996,PRD_133,2,277.96,0.05
ITM_5972,ORD_12997,PRD_128,1,274.02,0.0
ITM_5973,ORD_12998,PRD_125,1,82.01,0.0
ITM_5974,ORD_12998,PRD_140,1,234.89,0.0
ITM_5975,ORD_12999,PRD_132,2,475.04,0.2
ITM_5976,ORD_13000,PRD_135,1,449.86,0.0
ITM_5977,ORD_13001,PRD_119,1,38.34,0.0
ITM_5978,ORD_13002,PRD_122,2,390.69,0.0
ITM_5979,ORD_13002,PRD_137,1,202.01,0.0
ITM_5980,ORD_13003,PRD_110,1,68.9,0.05
ITM_5981,ORD_13003,PRD_141,1,490.78,0.05
ITM_5982,ORD_13003,PRD_140,1,234.89,0.0
ITM_5983,ORD_13004,PRD_105,2,440.05,0.2
ITM_5984,ORD_13004,PRD_108,1,488.25,0.0
ITM_5985,ORD_13005,PRD_107,2,140.95,0.2
ITM_5986,ORD_13005,PRD_116,2,205.02,0.0
ITM_5987,ORD_13006,PRD_120,1,127.19,0.0
ITM_5988,ORD_13006,PRD_104,2,301.61,0.05
ITM_5989,ORD_13006,PRD_112,2,324.51,0.05
ITM_5990,ORD_13007,PRD_107,1,140.95,0.0
ITM_5991,ORD_13008,PRD_111,1,177.48,0.0
ITM_5992,ORD_13008,PRD_138,2,106.49,0.0
ITM_5993,ORD_13009,PRD_135,1,449.86,0.0
ITM_5994,ORD_13009,PRD_132,1,475.04,0.05
ITM_5995,ORD_13010,PRD_127,2,406.83,0.0
ITM_5996,ORD_13010,PRD_135,1,449.86,0.2
ITM_5997,ORD_13010,PRD_148,1,15.93,0.0
ITM_5998,ORD_13011,PRD_124,2,425.13,0.0
ITM_5999,ORD_13011,PRD_132,1,475.04,0.0
ITM_6000,ORD_13011,PRD_120,2,127.19,0.05
ITM_6001,ORD_13012,PRD_109,1,47.43,0.1
ITM_6002,ORD_13012,PRD_145,1,243.68,0.0
ITM_6003,ORD_13012,PRD_122,2,390.69,0.0
ITM_6004,ORD_13013,PRD_112,1,324.51,0.0
ITM_6005,ORD_13013,PRD_140,2,234.89,0.0
ITM_6006,ORD_13013,PRD_135,1,449.86,0.0
ITM_6007,ORD_13014,PRD_103,2,370.74,0.0
ITM_6008,ORD_13014,PRD_139,1,490.76,0.05
ITM_6009,ORD_13014,PRD_113,2,334.87,0.0
ITM_6010,ORD_13015,PRD_111,1,177.48,0.05
ITM_6011,ORD_13015,PRD_126,1,200.2,0.2
ITM_6012,ORD_13015,PRD_132,1,475.04,0.0
ITM_6013,ORD_13016,PRD_133,2,277.96,0.1
ITM_6014,ORD_13017,PRD_143,1,480.47,0.0
ITM_6015,ORD_13017,PRD_138,1,106.49,0.05
ITM_6016,ORD_13017,PRD_116,1,205.02,0.0
ITM_6017,ORD_13018,PRD_124,1,425.13,0.0
ITM_6018,ORD_13019,PRD_142,2,368.74,0.0
ITM_6019,ORD_13019,PRD_102,2,70.94,0.05
ITM_6020,ORD_13019,PRD_143,1,480.47,0.0
ITM_6021,ORD_13020,PRD_136,2,490.78,0.05
ITM_6022,ORD_13020,PRD_117,2,357.97,0.0
ITM_6023,ORD_13021,PRD_113,1,334.87,0.0
ITM_6024,ORD_13022,PRD_143,2,480.47,0.0
ITM_6025,ORD_13022,PRD_102,2,70.94,0.05
ITM_6026,ORD_13022,PRD_129,1,348.15,0.05
ITM_6027,ORD_13023,PRD_146,2,234.53,0.05
ITM_6028,ORD_13024,PRD_105,2,440.05,0.05
ITM_6029,ORD_13025,PRD_101,1,195.76,0.0
ITM_6030,ORD_13025,PRD_133,1,277.96,0.05
ITM_6031,ORD_13025,PRD_109,1,47.43,0.0
ITM_6032,ORD_13026,PRD_107,1,140.95,0.0
ITM_6033,ORD_13026,PRD_103,2,370.74,0.1
ITM_6034,ORD_13027,PRD_142,2,368.74,0.0
ITM_6035,ORD_13028,PRD_143,2,480.47,0.1
ITM_6036,ORD_13028,PRD_140,1,234.89,0.1
ITM_6037,ORD_13028,PRD_113,1,334.87,0.0
ITM_6038,ORD_13029,PRD_122,1,390.69,0.0
ITM_6039,ORD_13029,PRD_131,1,479.39,0.2
ITM_6040,ORD_13029,PRD_124,1,425.13,0.05
ITM_6041,ORD_13030,PRD_143,1,480.47,0.0
ITM_6042,ORD_13031,PRD_119,1,38.34,0.0
ITM_6043,ORD_13031,PRD_145,2,243.68,0.0
ITM_6044,ORD_13032,PRD_120,1,127.19,0.0
ITM_6045,ORD_13032,PRD_142,2,368.74,0.0
ITM_6046,ORD_13033,PRD_111,2,177.48,0.05
ITM_6047,ORD_13033,PRD_145,1,243.68,0.0
ITM_6048,ORD_13034,PRD_141,2,490.78,0.0
ITM_6049,ORD_13034,PRD_130,1,319.15,0.0
ITM_6050,ORD_13035,PRD_141,1,490.78,0.0
ITM_6051,ORD_13036,PRD_135,2,449.86,0.0
ITM_6052,ORD_13036,PRD_145,1,243.68,0.0
ITM_6053,ORD_13037,PRD_137,2,202.01,0.0
ITM_6054,ORD_13037,PRD_150,1,32.57,0.0
ITM_6055,ORD_13038,PRD_115,2,416.58,0.0
ITM_6056,ORD_13039,PRD_150,1,32.57,0.05
ITM_6057,ORD_13039,PRD_144,1,483.86,0.0
ITM_6058,ORD_13040,PRD_102,1,70.94,0.2
ITM_6059,ORD_13040,PRD_135,2,449.86,0.05
ITM_6060,ORD_13040,PRD_134,1,91.22,0.05
ITM_6061,ORD_13041,PRD_128,1,274.02,0.0
ITM_6062,ORD_13041,PRD_136,2,490.78,0.0
ITM_6063,ORD_13041,PRD_121,1,276.8,0.05
ITM_6064,ORD_13042,PRD_141,1,490.78,0.0
ITM_6065,ORD_13042,PRD_126,2,200.2,0.05
ITM_6066,ORD_13042,PRD_130,2,319.15,0.05
ITM_6067,ORD_13043,PRD_137,1,202.01,0.05
ITM_6068,ORD_13044,PRD_146,2,234.53,0.0
ITM_6069,ORD_13044,PRD_144,2,483.86,0.0
ITM_6070,ORD_13044,PRD_105,1,440.05,0.2
ITM_6071,ORD_13045,PRD_130,1,319.15,0.0
ITM_6072,ORD_13045,PRD_124,2,425.13,0.2
ITM_6073,ORD_13046,PRD_115,2,416.58,0.2
ITM_6074,ORD_13047,PRD_128,1,274.02,0.05
ITM_6075,ORD_13047,PRD_106,2,342.0,0.0
ITM_6076,ORD_13048,PRD_141,1,490.78,0.0
ITM_6077,ORD_13049,PRD_140,1,234.89,0.0
ITM_6078,ORD_13050,PRD_115,2,416.58,0.0
ITM_6079,ORD_13051,PRD_123,2,105.96,0.0
ITM_6080,ORD_13051,PRD_144,2,483.86,0.2
ITM_6081,ORD_13051,PRD_150,1,32.57,0.0
ITM_6082,ORD_13052,PRD_142,1,368.74,0.1
ITM_6083,ORD_13053,PRD_124,1,425.13,0.05
ITM_6084,ORD_13054,PRD_112,2,324.51,0.0
ITM_6085,ORD_13055,PRD_109,2,47.43,0.0
ITM_6086,ORD_13056,PRD_115,1,416.58,0.0
ITM_6087,ORD_13057,PRD_140,2,234.89,0.0
ITM_6088,ORD_13057,PRD_142,2,368.74,0.0
ITM_6089,ORD_13057,PRD_147,2,286.89,0.05
ITM_6090,ORD_13058,PRD_115,2,416.58,0.0
ITM_6091,ORD_13059,PRD_108,1,488.25,0.05
ITM_6092,ORD_13059,PRD_135,1,449.86,0.0
ITM_6093,ORD_13059,PRD_123,2,105.96,0.05
ITM_6094,ORD_13060,PRD_148,2,15.93,0.05
ITM_6095,ORD_13061,PRD_106,1,342.0,0.0
ITM_6096,ORD_13062,PRD_134,2,91.22,0.2
ITM_6097,ORD_13062,PRD_117,2,357.97,0.05
ITM_6098,ORD_13063,PRD_108,1,488.25,0.0
ITM_6099,ORD_13064,PRD_130,1,319.15,0.0
ITM_6100,ORD_13064,PRD_123,1,105.96,0.0
ITM_6101,ORD_13064,PRD_130,1,319.15,0.2
ITM_6102,ORD_13065,PRD_102,2,70.94,0.0
ITM_6103,ORD_13065,PRD_143,2,480.47,0.1
ITM_6104,ORD_13066,PRD_115,1,416.58,0.0
ITM_6105,ORD_13067,PRD_136,1,490.78,0.05
ITM_6106,ORD_13067,PRD_115,2,416.58,0.0
ITM_6107,ORD_13067,PRD_104,1,301.61,0.0
ITM_6108,ORD_13068,PRD_129,2,348.15,0.0
ITM_6109,ORD_13068,PRD_116,2,205.02,0.0
ITM_6110,ORD_13068,PRD_140,2,234.89,0.05
ITM_6111,ORD_13069,PRD_126,1,200.2,0.05
ITM_6112,ORD_13069,PRD_146,2,234.53,0.0
ITM_6113,ORD_13070,PRD_104,1,301.61,0.05
ITM_6114,ORD_13070,PRD_117,1,357.97,0.05
ITM_6115,ORD_13070,PRD_126,1,200.2,0.05
ITM_6116,ORD_13071,PRD_139,1,490.76,0.0
ITM_6117,ORD_13071,PRD_121,1,276.8,0.0
ITM_6118,ORD_13072,PRD_132,2,475.04,0.0
ITM_6119,ORD_13073,PRD_135,2,449.86,0.0
ITM_6120,ORD_13073,PRD_103,2,370.74,0.1
ITM_6121,ORD_13073,PRD_110,2,68.9,0.0
ITM_6122,ORD_13074,PRD_139,1,490.76,0.05
ITM_6123,ORD_13074,PRD_128,2,274.02,0.0
ITM_6124,ORD_13075,PRD_112,1,324.51,0.0
ITM_6125,ORD_13075,PRD_135,2,449.86,0.0
ITM_6126,ORD_13075,PRD_133,2,277.96,0.0
ITM_6127,ORD_13076,PRD_146,1,234.53,0.0
ITM_6128,ORD_13077,PRD_125,1,82.01,0.1
ITM_6129,ORD_13077,PRD_123,2,105.96,0.1
ITM_6130,ORD_13078,PRD_127,2,406.83,0.2
ITM_6131,ORD_13079,PRD_104,2,301.61,0.0
ITM_6132,ORD_13079,PRD_119,1,38.34,0.0
ITM_6133,ORD_13079,PRD_118,1,247.2,0.1
ITM_6134,ORD_13080,PRD_106,1,342.0,0.05
ITM_6135,ORD_13080,PRD_101,1,195.76,0.2
ITM_6136,ORD_13081,PRD_150,1,32.57,0.0
ITM_6137,ORD_13081,PRD_109,2,47.43,0.05
ITM_6138,ORD_13081,PRD_144,1,483.86,0.0
ITM_6139,ORD_13082,PRD_127,2,406.83,0.1
ITM_6140,ORD_13082,PRD_119,2,38.34,0.1
ITM_6141,ORD_13083,PRD_148,2,15.93,0.0
ITM_6142,ORD_13084,PRD_133,1,277.96,0.05
ITM_6143,ORD_13084,PRD_125,1,82.01,0.0
ITM_6144,ORD_13084,PRD_122,2,390.69,0.2
ITM_6145,ORD_13085,PRD_115,1,416.58,0.0
ITM_6146,ORD_13085,PRD_145,1,243.68,0.0
ITM_6147,ORD_13085,PRD_124,2,425.13,0.0
ITM_6148,ORD_13086,PRD_120,2,127.19,0.0
ITM_6149,ORD_13087,PRD_146,2,234.53,0.0
ITM_6150,ORD_13087,PRD_136,2,490.78,0.05
ITM_6151,ORD_13088,PRD_130,1,319.15,0.0
ITM_6152,ORD_13088,PRD_129,1,348.15,0.0
ITM_6153,ORD_13088,PRD_111,1,177.48,0.0
ITM_6154,ORD_13089,PRD_102,2,70.94,0.0
ITM_6155,ORD_13090,PRD_119,1,38.34,0.05
ITM_6156,ORD_13090,PRD_141,1,490.78,0.0
ITM_6157,ORD_13090,PRD_145,1,243.68,0.0
ITM_6158,ORD_13091,PRD_128,1,274.02,0.0
ITM_6159,ORD_13092,PRD_144,1,483.86,0.0
ITM_6160,ORD_13093,PRD_105,1,440.05,0.0
ITM_6161,ORD_13093,PRD_134,1,91.22,0.0
ITM_6162,ORD_13093,PRD_103,1,370.74,0.0
ITM_6163,ORD_13094,PRD_148,2,15.93,0.2
ITM_6164,ORD_13094,PRD_109,2,47.43,0.05
ITM_6165,ORD_13095,PRD_113,1,334.87,0.0
ITM_6166,ORD_13095,PRD_107,2,140.95,0.0
ITM_6167,ORD_13095,PRD_111,2,177.48,0.0
ITM_6168,ORD_13096,PRD_145,1,243.68,0.0
ITM_6169,ORD_13096,PRD_141,2,490.78,0.0
ITM_6170,ORD_13097,PRD_117,1,357.97,0.0
ITM_6171,ORD_13097,PRD_147,1,286.89,0.0
ITM_6172,ORD_13097,PRD_119,2,38.34,0.1
ITM_6173,ORD_13098,PRD_141,2,490.78,0.0
ITM_6174,ORD_13098,PRD_114,1,425.06,0.05
ITM_6175,ORD_13098,PRD_119,1,38.34,0.0
ITM_6176,ORD_13099,PRD_136,2,490.78,0.0
ITM_6177,ORD_13099,PRD_129,1,348.15,0.0
ITM_6178,ORD_13099,PRD_146,2,234.53,0.2
ITM_6179,ORD_13100,PRD_117,2,357.97,0.0
ITM_6180,ORD_13100,PRD_132,1,475.04,0.0
ITM_6181,ORD_13101,PRD_136,2,490.78,0.0
ITM_6182,ORD_13101,PRD_115,2,416.58,0.1
ITM_6183,ORD_13102,PRD_133,1,277.96,0.1
ITM_6184,ORD_13102,PRD_146,1,234.53,0.05
ITM_6185,ORD_13102,PRD_108,2,488.25,0.0
ITM_6186,ORD_13103,PRD_126,2,200.2,0.2
ITM_6187,ORD_13103,PRD_147,2,286.89,0.0
ITM_6188,ORD_13103,PRD_145,1,243.68,0.0
ITM_6189,ORD_13104,PRD_112,2,324.51,0.0
ITM_6190,ORD_13105,PRD_123,1,105.96,0.05
ITM_6191,ORD_13106,PRD_117,2,357.97,0.05
ITM_6192,ORD_13107,PRD_110,2,68.9,0.05
ITM_6193,ORD_13107,PRD_104,2,301.61,0.0
ITM_6194,ORD_13107,PRD_115,2,416.58,0.0
ITM_6195,ORD_13108,PRD_120,1,127.19,0.1
ITM_6196,ORD_13108,PRD_112,2,324.51,0.0
ITM_6197,ORD_13109,PRD_101,1,195.76,0.0
ITM_6198,ORD_13110,PRD_122,2,390.69,0.0
ITM_6199,ORD_13110,PRD_133,2,277.96,0.0
ITM_6200,ORD_13111,PRD_126,2,200.2,0.0
ITM_6201,ORD_13111,PRD_136,2,490.78,0.0
ITM_6202,ORD_13112,PRD_142,1,368.74,0.2
ITM_6203,ORD_13112,PRD_142,2,368.74,0.05
ITM_6204,ORD_13113,PRD_150,2,32.57,0.2
ITM_6205,ORD_13113,PRD_122,2,390.69,0.05
ITM_6206,ORD_13114,PRD_137,2,202.01,0.0
ITM_6207,ORD_13114,PRD_119,1,38.34,0.0
ITM_6208,ORD_13114,PRD_107,1,140.95,0.05
ITM_6209,ORD_13115,PRD_139,1,490.76,0.0
ITM_6210,ORD_13116,PRD_121,1,276.8,0.0
ITM_6211,ORD_13116,PRD_144,1,483.86,0.0
ITM_6212,ORD_13117,PRD_149,1,194.72,0.05
ITM_6213,ORD_13117,PRD_141,1,490.78,0.0
ITM_6214,ORD_13118,PRD_104,1,301.61,0.2
ITM_6215,ORD_13118,PRD_127,1,406.83,0.1
ITM_6216,ORD_13118,PRD_132,1,475.04,0.0
ITM_6217,ORD_13119,PRD_108,2,488.25,0.05
ITM_6218,ORD_13120,PRD_126,1,200.2,0.0
ITM_6219,ORD_13121,PRD_134,1,91.22,0.0
ITM_6220,ORD_13121,PRD_107,2,140.95,0.0
ITM_6221,ORD_13121,PRD_117,1,357.97,0.0
ITM_6222,ORD_13122,PRD_103,1,370.74,0.0
ITM_6223,ORD_13122,PRD_141,1,490.78,0.0
ITM_6224,ORD_13123,PRD_104,1,301.61,0.0
ITM_6225,ORD_13124,PRD_131,1,479.39,0.05
ITM_6226,ORD_13124,PRD_134,2,91.22,0.0
ITM_6227,ORD_13125,PRD_104,2,301.61,0.0
ITM_6228,ORD_13125,PRD_124,2,425.13,0.0
ITM_6229,ORD_13125,PRD_107,1,140.95,0.1
ITM_6230,ORD_13126,PRD_115,2,416.58,0.2
ITM_6231,ORD_13126,PRD_113,1,334.87,0.05
ITM_6232,ORD_13126,PRD_134,1,91.22,0.0
ITM_6233,ORD_13127,PRD_148,1,15.93,0.05
ITM_6234,ORD_13128,PRD_118,2,247.2,0.0
ITM_6235,ORD_13128,PRD_144,2,483.86,0.0
ITM_6236,ORD_13129,PRD_139,2,490.76,0.0
ITM_6237,ORD_13130,PRD_132,2,475.04,0.05
ITM_6238,ORD_13130,PRD_110,2,68.9,0.0
ITM_6239,ORD_13130,PRD_129,2,348.15,0.2
ITM_6240,ORD_13131,PRD_125,1,82.01,0.0
ITM_6241,ORD_13131,PRD_121,1,276.8,0.0
ITM_6242,ORD_13132,PRD_131,2,479.39,0.0
ITM_6243,ORD_13132,PRD_134,2,91.22,0.0
ITM_6244,ORD_13132,PRD_128,2,274.02,0.0
ITM_6245,ORD_13133,PRD_145,2,243.68,0.0
ITM_6246,ORD_13133,PRD_112,2,324.51,0.0
ITM_6247,ORD_13133,PRD_131,1,479.39,0.05
ITM_6248,ORD_13134,PRD_109,2,47.43,0.1
ITM_6249,ORD_13135,PRD_137,2,202.01,0.2
ITM_6250,ORD_13135,PRD_103,1,370.74,0.05
ITM_6251,ORD_13136,PRD_110,2,68.9,0.0
ITM_6252,ORD_13137,PRD_124,1,425.13,0.2
ITM_6253,ORD_13137,PRD_131,1,479.39,0.0
ITM_6254,ORD_13138,PRD_113,1,334.87,0.0
ITM_6255,ORD_13138,PRD_129,2,348.15,0.0
ITM_6256,ORD_13139,PRD_149,1,194.72,0.0
ITM_6257,ORD_13140,PRD_119,1,38.34,0.0
ITM_6258,ORD_13140,PRD_123,2,105.96,0.0
ITM_6259,ORD_13141,PRD_115,1,416.58,0.0
ITM_6260,ORD_13141,PRD_109,1,47.43,0.0
ITM_6261,ORD_13142,PRD_101,1,195.76,0.0
ITM_6262,ORD_13142,PRD_140,2,234.89,0.0
ITM_6263,ORD_13142,PRD_126,1,200.2,0.0
ITM_6264,ORD_13143,PRD_130,2,319.15,0.0
ITM_6265,ORD_13144,PRD_136,1,490.78,0.0
ITM_6266,ORD_13144,PRD_109,2,47.43,0.0
ITM_6267,ORD_13145,PRD_137,1,202.01,0.05
ITM_6268,ORD_13146,PRD_131,2,479.39,0.0
ITM_6269,ORD_13146,PRD_148,1,15.93,0.0
ITM_6270,ORD_13147,PRD_116,1,205.02,0.2
ITM_6271,ORD_13147,PRD_115,1,416.58,0.0
ITM_6272,ORD_13148,PRD_111,2,177.48,0.0
ITM_6273,ORD_13148,PRD_108,1,488.25,0.0
ITM_6274,ORD_13149,PRD_140,1,234.89,0.0
ITM_6275,ORD_13149,PRD_120,1,127.19,0.2
ITM_6276,ORD_13150,PRD_102,1,70.94,0.2
ITM_6277,ORD_13150,PRD_121,2,276.8,0.2
ITM_6278,ORD_13151,PRD_138,2,106.49,0.0
ITM_6279,ORD_13152,PRD_119,2,38.34,0.1
ITM_6280,ORD_13152,PRD_102,1,70.94,0.0
ITM_6281,ORD_13152,PRD_119,2,38.34,0.0
ITM_6282,ORD_13153,PRD_104,2,301.61,0.0
ITM_6283,ORD_13153,PRD_132,2,475.04,0.0
ITM_6284,ORD_13153,PRD_126,1,200.2,0.2
ITM_6285,ORD_13154,PRD_118,1,247.2,0.0
ITM_6286,ORD_13154,PRD_115,2,416.58,0.2
ITM_6287,ORD_13155,PRD_146,1,234.53,0.1
ITM_6288,ORD_13156,PRD_109,2,47.43,0.0
ITM_6289,ORD_13156,PRD_120,1,127.19,0.0
ITM_6290,ORD_13156,PRD_104,1,301.61,0.2
ITM_6291,ORD_13157,PRD_133,1,277.96,0.0
ITM_6292,ORD_13157,PRD_147,1,286.89,0.05
ITM_6293,ORD_13158,PRD_130,2,319.15,0.0
ITM_6294,ORD_13158,PRD_115,2,416.58,0.0
ITM_6295,ORD_13158,PRD_124,1,425.13,0.0
ITM_6296,ORD_13159,PRD_125,2,82.01,0.05
ITM_6297,ORD_13159,PRD_133,1,277.96,0.0
ITM_6298,ORD_13159,PRD_113,1,334.87,0.0
ITM_6299,ORD_13160,PRD_121,1,276.8,0.0
ITM_6300,ORD_13160,PRD_121,2,276.8,0.0
ITM_6301,ORD_13161,PRD_139,1,490.76,0.0
ITM_6302,ORD_13161,PRD_138,2,106.49,0.05
ITM_6303,ORD_13161,PRD_149,1,194.72,0.2
ITM_6304,ORD_13162,PRD_150,2,32.57,0.05
ITM_6305,ORD_13162,PRD_133,2,277.96,0.0
ITM_6306,ORD_13162,PRD_143,1,480.47,0.0
ITM_6307,ORD_13163,PRD_133,2,277.96,0.05
ITM_6308,ORD_13164,PRD_127,1,406.83,0.05
ITM_6309,ORD_13164,PRD_137,1,202.01,0.05
ITM_6310,ORD_13165,PRD_108,2,488.25,0.1
ITM_6311,ORD_13166,PRD_102,2,70.94,0.0
ITM_6312,ORD_13166,PRD_105,1,440.05,0.0
ITM_6313,ORD_13166,PRD_105,2,440.05,0.2
ITM_6314,ORD_13167,PRD_133,1,277.96,0.05
ITM_6315,ORD_13167,PRD_112,1,324.51,0.05
ITM_6316,ORD_13167,PRD_142,2,368.74,0.05
ITM_6317,ORD_13168,PRD_144,2,483.86,0.05
ITM_6318,ORD_13168,PRD_108,1,488.25,0.0
ITM_6319,ORD_13169,PRD_104,2,301.61,0.0
ITM_6320,ORD_13170,PRD_147,2,286.89,0.0
ITM_6321,ORD_13170,PRD_121,2,276.8,0.1
ITM_6322,ORD_13170,PRD_143,2,480.47,0.0
ITM_6323,ORD_13171,PRD_131,2,479.39,0.0
ITM_6324,ORD_13172,PRD_112,1,324.51,0.2
ITM_6325,ORD_13173,PRD_121,2,276.8,0.05
ITM_6326,ORD_13173,PRD_107,2,140.95,0.0
ITM_6327,ORD_13173,PRD_111,2,177.48,0.0
ITM_6328,ORD_13174,PRD_148,1,15.93,0.0
ITM_6329,ORD_13174,PRD_104,2,301.61,0.2
ITM_6330,ORD_13175,PRD_115,1,416.58,0.05
ITM_6331,ORD_13175,PRD_133,2,277.96,0.05
ITM_6332,ORD_13175,PRD_103,2,370.74,0.1
ITM_6333,ORD_13176,PRD_148,1,15.93,0.05
ITM_6334,ORD_13177,PRD_102,2,70.94,0.0
ITM_6335,ORD_13177,PRD_103,1,370.74,0.0
ITM_6336,ORD_13178,PRD_145,2,243.68,0.0
ITM_6337,ORD_13179,PRD_103,2,370.74,0.0
ITM_6338,ORD_13179,PRD_134,1,91.22,0.0
ITM_6339,ORD_13180,PRD_111,2,177.48,0.0
ITM_6340,ORD_13180,PRD_147,1,286.89,0.0
ITM_6341,ORD_13181,PRD_117,2,357.97,0.0
ITM_6342,ORD_13181,PRD_109,2,47.43,0.0
ITM_6343,ORD_13181,PRD_128,1,274.02,0.1
ITM_6344,ORD_13182,PRD_136,1,490.78,0.0
ITM_6345,ORD_13182,PRD_103,2,370.74,0.0
ITM_6346,ORD_13182,PRD_149,1,194.72,0.0
ITM_6347,ORD_13183,PRD_104,1,301.61,0.0
ITM_6348,ORD_13183,PRD_128,1,274.02,0.05
ITM_6349,ORD_13183,PRD_142,1,368.74,0.2
ITM_6350,ORD_13184,PRD_103,2,370.74,0.0
ITM_6351,ORD_13185,PRD_117,2,357.97,0.0
ITM_6352,ORD_13186,PRD_122,2,390.69,0.05
ITM_6353,ORD_13186,PRD_129,1,348.15,0.0
ITM_6354,ORD_13186,PRD_105,1,440.05,0.0
ITM_6355,ORD_13187,PRD_108,2,488.25,0.0
ITM_6356,ORD_13187,PRD_115,2,416.58,0.0
ITM_6357,ORD_13187,PRD_117,1,357.97,0.0
ITM_6358,ORD_13188,PRD_125,1,82.01,0.05
ITM_6359,ORD_13188,PRD_122,2,390.69,0.0
ITM_6360,ORD_13188,PRD_119,2,38.34,0.0
ITM_6361,ORD_13189,PRD_143,1,480.47,0.05
ITM_6362,ORD_13190,PRD_117,1,357.97,0.0
ITM_6363,ORD_13190,PRD_118,1,247.2,0.2
ITM_6364,ORD_13190,PRD_127,2,406.83,0.0
ITM_6365,ORD_13191,PRD_104,1,301.61,0.0
ITM_6366,ORD_13191,PRD_147,2,286.89,0.2
ITM_6367,ORD_13191,PRD_113,1,334.87,0.0
ITM_6368,ORD_13192,PRD_113,1,334.87,0.0
ITM_6369,ORD_13193,PRD_107,2,140.95,0.0
ITM_6370,ORD_13193,PRD_150,1,32.57,0.05
ITM_6371,ORD_13193,PRD_135,1,449.86,0.0
ITM_6372,ORD_13194,PRD_142,1,368.74,0.0
ITM_6373,ORD_13194,PRD_125,2,82.01,0.05
ITM_6374,ORD_13194,PRD_113,2,334.87,0.0
ITM_6375,ORD_13195,PRD_105,2,440.05,0.0
ITM_6376,ORD_13195,PRD_150,1,32.57,0.05
ITM_6377,ORD_13196,PRD_114,2,425.06,0.05
ITM_6378,ORD_13197,PRD_126,2,200.2,0.2
ITM_6379,ORD_13197,PRD_138,2,106.49,0.0
ITM_6380,ORD_13197,PRD_109,2,47.43,0.0
ITM_6381,ORD_13198,PRD_129,1,348.15,0.0
ITM_6382,ORD_13198,PRD_138,2,106.49,0.0
ITM_6383,ORD_13199,PRD_106,1,342.0,0.05
ITM_6384,ORD_13200,PRD_131,1,479.39,0.0
ITM_6385,ORD_13201,PRD_146,1,234.53,0.0
ITM_6386,ORD_13202,PRD_110,1,68.9,0.0
ITM_6387,ORD_13202,PRD_112,2,324.51,0.0
ITM_6388,ORD_13202,PRD_106,2,342.0,0.0
ITM_6389,ORD_13203,PRD_101,2,195.76,0.05
ITM_6390,ORD_13203,PRD_129,1,348.15,0.05
ITM_6391,ORD_13204,PRD_122,2,390.69,0.0
ITM_6392,ORD_13204,PRD_135,2,449.86,0.0
ITM_6393,ORD_13204,PRD_133,2,277.96,0.0
ITM_6394,ORD_13205,PRD_128,1,274.02,0.0
ITM_6395,ORD_13206,PRD_127,1,406.83,0.0
ITM_6396,ORD_13206,PRD_102,1,70.94,0.0
ITM_6397,ORD_13207,PRD_148,2,15.93,0.0
ITM_6398,ORD_13207,PRD_142,2,368.74,0.0
ITM_6399,ORD_13207,PRD_113,1,334.87,0.0
ITM_6400,ORD_13208,PRD_118,2,247.2,0.1
ITM_6401,ORD_13209,PRD_145,2,243.68,0.05
ITM_6402,ORD_13209,PRD_128,1,274.02,0.05
ITM_6403,ORD_13210,PRD_131,2,479.39,0.05
ITM_6404,ORD_13211,PRD_146,2,234.53,0.0
ITM_6405,ORD_13212,PRD_110,2,68.9,0.0
ITM_6406,ORD_13212,PRD_147,2,286.89,0.2
ITM_6407,ORD_13213,PRD_107,1,140.95,0.05
ITM_6408,ORD_13213,PRD_137,1,202.01,0.0
ITM_6409,ORD_13214,PRD_136,1,490.78,0.0
ITM_6410,ORD_13215,PRD_124,2,425.13,0.0
ITM_6411,ORD_13215,PRD_120,1,127.19,0.0
ITM_6412,ORD_13215,PRD_139,1,490.76,0.0
ITM_6413,ORD_13216,PRD_150,1,32.57,0.0
ITM_6414,ORD_13217,PRD_136,2,490.78,0.0
ITM_6415,ORD_13217,PRD_136,2,490.78,0.05
ITM_6416,ORD_13217,PRD_143,1,480.47,0.0
ITM_6417,ORD_13218,PRD_116,1,205.02,0.05
ITM_6418,ORD_13218,PRD_107,1,140.95,0.1
ITM_6419,ORD_13219,PRD_138,1,106.49,0.0
ITM_6420,ORD_13219,PRD_107,2,140.95,0.0
ITM_6421,ORD_13220,PRD_101,1,195.76,0.0
ITM_6422,ORD_13220,PRD_139,2,490.76,0.0
ITM_6423,ORD_13220,PRD_104,2,301.61,0.0
ITM_6424,ORD_13221,PRD_140,1,234.89,0.0
ITM_6425,ORD_13221,PRD_130,1,319.15,0.0
ITM_6426,ORD_13222,PRD_114,1,425.06,0.0
ITM_6427,ORD_13222,PRD_113,1,334.87,0.1
ITM_6428,ORD_13222,PRD_141,2,490.78,0.0
ITM_6429,ORD_13223,PRD_145,2,243.68,0.0
ITM_6430,ORD_13224,PRD_111,2,177.48,0.1
ITM_6431,ORD_13224,PRD_124,1,425.13,0.0
ITM_6432,ORD_13225,PRD_148,1,15.93,0.0
ITM_6433,ORD_13225,PRD_111,2,177.48,0.0
ITM_6434,ORD_13226,PRD_105,1,440.05,0.0
ITM_6435,ORD_13227,PRD_131,2,479.39,0.0
ITM_6436,ORD_13227,PRD_119,1,38.34,0.0
ITM_6437,ORD_13227,PRD_129,1,348.15,0.0
ITM_6438,ORD_13228,PRD_104,1,301.61,0.2
ITM_6439,ORD_13228,PRD_134,1,91.22,0.0
ITM_6440,ORD_13228,PRD_139,2,490.76,0.0
ITM_6441,ORD_13229,PRD_142,1,368.74,0.0
ITM_6442,ORD_13229,PRD_132,1,475.04,0.05
ITM_6443,ORD_13230,PRD_111,2,177.48,0.1
ITM_6444,ORD_13230,PRD_124,2,425.13,0.1
ITM_6445,ORD_13230,PRD_110,1,68.9,0.05
ITM_6446,ORD_13231,PRD_129,2,348.15,0.05
ITM_6447,ORD_13231,PRD_133,2,277.96,0.05
ITM_6448,ORD_13231,PRD_105,2,440.05,0.0
ITM_6449,ORD_13232,PRD_102,2,70.94,0.0
ITM_6450,ORD_13232,PRD_131,1,479.39,0.0
ITM_6451,ORD_13232,PRD_148,1,15.93,0.1
ITM_6452,ORD_13233,PRD_145,1,243.68,0.0
ITM_6453,ORD_13233,PRD_142,1,368.74,0.05
ITM_6454,ORD_13233,PRD_102,1,70.94,0.0
ITM_6455,ORD_13234,PRD_121,2,276.8,0.0
ITM_6456,ORD_13234,PRD_144,1,483.86,0.0
ITM_6457,ORD_13235,PRD_131,1,479.39,0.2
ITM_6458,ORD_13235,PRD_117,2,357.97,0.0
ITM_6459,ORD_13235,PRD_113,2,334.87,0.0
ITM_6460,ORD_13236,PRD_117,1,357.97,0.1
ITM_6461,ORD_13237,PRD_149,2,194.72,0.2
ITM_6462,ORD_13237,PRD_139,1,490.76,0.0
ITM_6463,ORD_13237,PRD_115,2,416.58,0.2
ITM_6464,ORD_13238,PRD_119,2,38.34,0.2
ITM_6465,ORD_13238,PRD_145,2,243.68,0.0
ITM_6466,ORD_13239,PRD_124,2,425.13,0.0
ITM_6467,ORD_13239,PRD_110,2,68.9,0.05
ITM_6468,ORD_13239,PRD_145,2,243.68,0.0
ITM_6469,ORD_13240,PRD_117,1,357.97,0.0
ITM_6470,ORD_13241,PRD_139,1,490.76,0.2
ITM_6471,ORD_13242,PRD_117,2,357.97,0.0
ITM_6472,ORD_13243,PRD_119,1,38.34,0.0
ITM_6473,ORD_13243,PRD_118,2,247.2,0.0
ITM_6474,ORD_13243,PRD_113,1,334.87,0.1
ITM_6475,ORD_13244,PRD_132,2,475.04,0.05
ITM_6476,ORD_13245,PRD_124,1,425.13,0.0
ITM_6477,ORD_13245,PRD_150,1,32.57,0.0
ITM_6478,ORD_13245,PRD_129,2,348.15,0.0
ITM_6479,ORD_13246,PRD_133,1,277.96,0.05
ITM_6480,ORD_13247,PRD_134,1,91.22,0.1
ITM_6481,ORD_13248,PRD_143,1,480.47,0.0
ITM_6482,ORD_13249,PRD_120,1,127.19,0.0
ITM_6483,ORD_13250,PRD_135,2,449.86,0.2
ITM_6484,ORD_13250,PRD_114,1,425.06,0.0
ITM_6485,ORD_13250,PRD_128,2,274.02,0.0
ITM_6486,ORD_13251,PRD_119,1,38.34,0.0
ITM_6487,ORD_13251,PRD_148,1,15.93,0.0
ITM_6488,ORD_13251,PRD_118,2,247.2,0.05
ITM_6489,ORD_13252,PRD_146,1,234.53,0.0
ITM_6490,ORD_13252,PRD_143,1,480.47,0.0
ITM_6491,ORD_13253,PRD_117,2,357.97,0.05
ITM_6492,ORD_13253,PRD_129,1,348.15,0.0
ITM_6493,ORD_13254,PRD_104,2,301.61,0.1
ITM_6494,ORD_13254,PRD_103,1,370.74,0.0
ITM_6495,ORD_13254,PRD_138,2,106.49,0.0
ITM_6496,ORD_13255,PRD_108,2,488.25,0.0
ITM_6497,ORD_13255,PRD_107,1,140.95,0.1
ITM_6498,ORD_13256,PRD_118,1,247.2,0.2
ITM_6499,ORD_13257,PRD_136,1,490.78,0.05
ITM_6500,ORD_13258,PRD_123,2,105.96,0.0
ITM_6501,ORD_13259,PRD_136,2,490.78,0.0
ITM_6502,ORD_13259,PRD_121,1,276.8,0.0
ITM_6503,ORD_13260,PRD_143,1,480.47,0.05
ITM_6504,ORD_13261,PRD_107,2,140.95,0.05
ITM_6505,ORD_13261,PRD_142,1,368.74,0.0
ITM_6506,ORD_13262,PRD_138,1,106.49,0.0
ITM_6507,ORD_13262,PRD_106,1,342.0,0.0
ITM_6508,ORD_13262,PRD_147,1,286.89,0.0
ITM_6509,ORD_13263,PRD_105,1,440.05,0.0
ITM_6510,ORD_13263,PRD_114,1,425.06,0.05
ITM_6511,ORD_13263,PRD_143,1,480.47,0.2
ITM_6512,ORD_13264,PRD_133,2,277.96,0.0
ITM_6513,ORD_13264,PRD_110,1,68.9,0.2
ITM_6514,ORD_13265,PRD_138,2,106.49,0.0
ITM_6515,ORD_13265,PRD_119,2,38.34,0.0
ITM_6516,ORD_13266,PRD_141,2,490.78,0.0
ITM_6517,ORD_13266,PRD_144,2,483.86,0.1
ITM_6518,ORD_13266,PRD_142,1,368.74,0.2
ITM_6519,ORD_13267,PRD_139,2,490.76,0.1
ITM_6520,ORD_13268,PRD_113,1,334.87,0.0
ITM_6521,ORD_13268,PRD_117,1,357.97,0.0
ITM_6522,ORD_13269,PRD_134,2,91.22,0.0
ITM_6523,ORD_13269,PRD_134,2,91.22,0.05
ITM_6524,ORD_13270,PRD_130,2,319.15,0.2
ITM_6525,ORD_13270,PRD_124,1,425.13,0.0
ITM_6526,ORD_13271,PRD_120,2,127.19,0.0
ITM_6527,ORD_13271,PRD_145,1,243.68,0.05
ITM_6528,ORD_13272,PRD_118,1,247.2,0.05
ITM_6529,ORD_13272,PRD_134,2,91.22,0.0
ITM_6530,ORD_13273,PRD_144,2,483.86,0.2
ITM_6531,ORD_13274,PRD_120,1,127.19,0.2
ITM_6532,ORD_13274,PRD_128,2,274.02,0.0
ITM_6533,ORD_13274,PRD_148,2,15.93,0.1
ITM_6534,ORD_13275,PRD_139,2,490.76,0.05
ITM_6535,ORD_13276,PRD_147,1,286.89,0.0
ITM_6536,ORD_13276,PRD_133,2,277.96,0.0
ITM_6537,ORD_13277,PRD_134,1,91.22,0.0
ITM_6538,ORD_13277,PRD_129,1,348.15,0.05
ITM_6539,ORD_13277,PRD_112,1,324.51,0.0
ITM_6540,ORD_13278,PRD_121,2,276.8,0.0
ITM_6541,ORD_13278,PRD_144,1,483.86,0.05
ITM_6542,ORD_13279,PRD_147,1,286.89,0.05
ITM_6543,ORD_13280,PRD_121,1,276.8,0.0
ITM_6544,ORD_13281,PRD_146,1,234.53,0.0
ITM_6545,ORD_13282,PRD_142,1,368.74,0.0
ITM_6546,ORD_13283,PRD_149,1,194.72,0.0
ITM_6547,ORD_13283,PRD_137,2,202.01,0.0
ITM_6548,ORD_13284,PRD_117,1,357.97,0.2
ITM_6549,ORD_13284,PRD_115,1,416.58,0.0
ITM_6550,ORD_13284,PRD_129,1,348.15,0.05
ITM_6551,ORD_13285,PRD_106,1,342.0,0.05
ITM_6552,ORD_13285,PRD_136,1,490.78,0.0
ITM_6553,ORD_13286,PRD_126,1,200.2,0.0
ITM_6554,ORD_13286,PRD_144,2,483.86,0.0
ITM_6555,ORD_13286,PRD_123,2,105.96,0.05
ITM_6556,ORD_13287,PRD_108,1,488.25,0.05
ITM_6557,ORD_13287,PRD_105,2,440.05,0.0
ITM_6558,ORD_13288,PRD_106,1,342.0,0.1
ITM_6559,ORD_13289,PRD_138,1,106.49,0.0
ITM_6560,ORD_13290,PRD_150,1,32.57,0.05
ITM_6561,ORD_13290,PRD_135,1,449.86,0.0
ITM_6562,ORD_13291,PRD_112,2,324.51,0.0
ITM_6563,ORD_13291,PRD_106,2,342.0,0.0
ITM_6564,ORD_13292,PRD_101,1,195.76,0.0
ITM_6565,ORD_13293,PRD_122,2,390.69,0.05
ITM_6566,ORD_13294,PRD_105,1,440.05,0.0
ITM_6567,ORD_13294,PRD_109,2,47.43,0.0
ITM_6568,ORD_13294,PRD_125,2,82.01,0.05
ITM_6569,ORD_13295,PRD_106,2,342.0,0.05
ITM_6570,ORD_13295,PRD_137,1,202.01,0.0
ITM_6571,ORD_13295,PRD_105,1,440.05,0.05
ITM_6572,ORD_13296,PRD_133,2,277.96,0.1
ITM_6573,ORD_13297,PRD_140,2,234.89,0.0
ITM_6574,ORD_13298,PRD_135,2,449.86,0.0
ITM_6575,ORD_13299,PRD_142,2,368.74,0.0
ITM_6576,ORD_13299,PRD_136,2,490.78,0.0
ITM_6577,ORD_13300,PRD_103,1,370.74,0.0
ITM_6578,ORD_13301,PRD_112,1,324.51,0.05
ITM_6579,ORD_13301,PRD_119,2,38.34,0.05
ITM_6580,ORD_13302,PRD_130,1,319.15,0.0
ITM_6581,ORD_13302,PRD_121,1,276.8,0.0
ITM_6582,ORD_13302,PRD_109,2,47.43,0.05
ITM_6583,ORD_13303,PRD_132,2,475.04,0.0
ITM_6584,ORD_13303,PRD_116,2,205.02,0.0
ITM_6585,ORD_13304,PRD_128,1,274.02,0.2
ITM_6586,ORD_13305,PRD_127,2,406.83,0.0
ITM_6587,ORD_13305,PRD_148,2,15.93,0.0
ITM_6588,ORD_13305,PRD_145,1,243.68,0.0
ITM_6589,ORD_13306,PRD_132,1,475.04,0.0
ITM_6590,ORD_13307,PRD_128,2,274.02,0.05
ITM_6591,ORD_13307,PRD_117,2,357.97,0.1
ITM_6592,ORD_13308,PRD_131,1,479.39,0.05
ITM_6593,ORD_13309,PRD_105,1,440.05,0.05
ITM_6594,ORD_13309,PRD_133,1,277.96,0.05
ITM_6595,ORD_13310,PRD_141,1,490.78,0.05
ITM_6596,ORD_13310,PRD_136,2,490.78,0.0
ITM_6597,ORD_13310,PRD_105,1,440.05,0.05
ITM_6598,ORD_13311,PRD_124,2,425.13,0.05
ITM_6599,ORD_13312,PRD_135,2,449.86,0.0
ITM_6600,ORD_13312,PRD_110,1,68.9,0.0
ITM_6601,ORD_13312,PRD_119,1,38.34,0.05
ITM_6602,ORD_13313,PRD_142,1,368.74,0.05
ITM_6603,ORD_13313,PRD_110,2,68.9,0.2
ITM_6604,ORD_13314,PRD_102,1,70.94,0.0
ITM_6605,ORD_13314,PRD_102,1,70.94,0.0
ITM_6606,ORD_13314,PRD_125,2,82.01,0.05
ITM_6607,ORD_13315,PRD_128,1,274.02,0.0
ITM_6608,ORD_13315,PRD_135,2,449.86,0.2
ITM_6609,ORD_13316,PRD_104,2,301.61,0.0
ITM_6610,ORD_13316,PRD_137,2,202.01,0.05
ITM_6611,ORD_13317,PRD_144,2,483.86,0.0
ITM_6612,ORD_13317,PRD_112,2,324.51,0.2
ITM_6613,ORD_13318,PRD_135,2,449.86,0.1
ITM_6614,ORD_13319,PRD_102,1,70.94,0.0
ITM_6615,ORD_13320,PRD_146,2,234.53,0.0
ITM_6616,ORD_13320,PRD_145,1,243.68,0.05
ITM_6617,ORD_13321,PRD_122,2,390.69,0.0
ITM_6618,ORD_13321,PRD_141,1,490.78,0.0
ITM_6619,ORD_13321,PRD_138,1,106.49,0.05
ITM_6620,ORD_13322,PRD_108,1,488.25,0.0
ITM_6621,ORD_13322,PRD_112,2,324.51,0.1
ITM_6622,ORD_13323,PRD_144,2,483.86,0.05
ITM_6623,ORD_13323,PRD_142,2,368.74,0.1
ITM_6624,ORD_13323,PRD_110,2,68.9,0.05
ITM_6625,ORD_13324,PRD_126,1,200.2,0.0
ITM_6626,ORD_13324,PRD_115,1,416.58,0.0
ITM_6627,ORD_13325,PRD_141,2,490.78,0.0
ITM_6628,ORD_13325,PRD_143,2,480.47,0.1
ITM_6629,ORD_13325,PRD_101,1,195.76,0.2
ITM_6630,ORD_13326,PRD_145,1,243.68,0.0
ITM_6631,ORD_13326,PRD_102,2,70.94,0.0
ITM_6632,ORD_13327,PRD_125,1,82.01,0.2
ITM_6633,ORD_13327,PRD_139,1,490.76,0.0
ITM_6634,ORD_13328,PRD_110,1,68.9,0.2
ITM_6635,ORD_13328,PRD_138,2,106.49,0.0
ITM_6636,ORD_13328,PRD_126,1,200.2,0.0
ITM_6637,ORD_13329,PRD_106,1,342.0,0.0
ITM_6638,ORD_13329,PRD_108,2,488.25,0.0
ITM_6639,ORD_13329,PRD_128,2,274.02,0.0
ITM_6640,ORD_13330,PRD_133,2,277.96,0.1
ITM_6641,ORD_13331,PRD_110,1,68.9,0.1
ITM_6642,ORD_13331,PRD_144,2,483.86,0.0
ITM_6643,ORD_13331,PRD_149,1,194.72,0.05
ITM_6644,ORD_13332,PRD_112,1,324.51,0.1
ITM_6645,ORD_13332,PRD_110,1,68.9,0.0
ITM_6646,ORD_13333,PRD_111,1,177.48,0.0
ITM_6647,ORD_13333,PRD_109,1,47.43,0.1
ITM_6648,ORD_13333,PRD_144,2,483.86,0.0
ITM_6649,ORD_13334,PRD_116,1,205.02,0.0
ITM_6650,ORD_13334,PRD_114,1,425.06,0.1
ITM_6651,ORD_13334,PRD_138,1,106.49,0.0
ITM_6652,ORD_13335,PRD_127,1,406.83,0.0
ITM_6653,ORD_13335,PRD_137,1,202.01,0.0
ITM_6654,ORD_13335,PRD_117,1,357.97,0.0
ITM_6655,ORD_13336,PRD_135,2,449.86,0.0
ITM_6656,ORD_13336,PRD_120,2,127.19,0.0
ITM_6657,ORD_13337,PRD_150,2,32.57,0.0
ITM_6658,ORD_13337,PRD_115,1,416.58,0.0
ITM_6659,ORD_13338,PRD_149,1,194.72,0.2
ITM_6660,ORD_13338,PRD_107,1,140.95,0.05
ITM_6661,ORD_13339,PRD_114,2,425.06,0.0
ITM_6662,ORD_13339,PRD_126,1,200.2,0.0
ITM_6663,ORD_13340,PRD_107,2,140.95,0.0
ITM_6664,ORD_13340,PRD_139,2,490.76,0.2
ITM_6665,ORD_13340,PRD_104,1,301.61,0.0
ITM_6666,ORD_13341,PRD_136,1,490.78,0.05
ITM_6667,ORD_13341,PRD_119,2,38.34,0.0
ITM_6668,ORD_13342,PRD_125,2,82.01,0.0
ITM_6669,ORD_13343,PRD_150,2,32.57,0.05
ITM_6670,ORD_13344,PRD_117,1,357.97,0.0
ITM_6671,ORD_13344,PRD_130,2,319.15,0.05
ITM_6672,ORD_13345,PRD_118,2,247.2,0.0
ITM_6673,ORD_13346,PRD_147,1,286.89,0.05
ITM_6674,ORD_13346,PRD_102,1,70.94,0.0
ITM_6675,ORD_13347,PRD_119,2,38.34,0.0
ITM_6676,ORD_13347,PRD_134,2,91.22,0.0
ITM_6677,ORD_13347,PRD_123,1,105.96,0.0
ITM_6678,ORD_13348,PRD_107,2,140.95,0.0
ITM_6679,ORD_13348,PRD_117,2,357.97,0.0
ITM_6680,ORD_13348,PRD_127,1,406.83,0.0
ITM_6681,ORD_13349,PRD_112,2,324.51,0.0
ITM_6682,ORD_13349,PRD_145,2,243.68,0.0
ITM_6683,ORD_13349,PRD_102,1,70.94,0.0
ITM_6684,ORD_13350,PRD_130,2,319.15,0.0
ITM_6685,ORD_13351,PRD_102,1,70.94,0.0
ITM_6686,ORD_13351,PRD_149,1,194.72,0.0
ITM_6687,ORD_13352,PRD_127,1,406.83,0.2
ITM_6688,ORD_13353,PRD_110,1,68.9,0.0
ITM_6689,ORD_13354,PRD_133,1,277.96,0.0
ITM_6690,ORD_13355,PRD_140,1,234.89,0.0
ITM_6691,ORD_13355,PRD_143,2,480.47,0.2
ITM_6692,ORD_13355,PRD_133,1,277.96,0.05
ITM_6693,ORD_13356,PRD_109,2,47.43,0.0
ITM_6694,ORD_13356,PRD_130,2,319.15,0.1
ITM_6695,ORD_13357,PRD_148,1,15.93,0.0
ITM_6696,ORD_13357,PRD_130,1,319.15,0.2
ITM_6697,ORD_13357,PRD_125,2,82.01,0.0
ITM_6698,ORD_13358,PRD_105,2,440.05,0.2
ITM_6699,ORD_13358,PRD_136,2,490.78,0.05
ITM_6700,ORD_13358,PRD_150,2,32.57,0.1
ITM_6701,ORD_13359,PRD_105,1,440.05,0.05
ITM_6702,ORD_13360,PRD_150,2,32.57,0.0
ITM_6703,ORD_13361,PRD_130,1,319.15,0.0
ITM_6704,ORD_13361,PRD_147,1,286.89,0.05
ITM_6705,ORD_13361,PRD_131,1,479.39,0.0
ITM_6706,ORD_13362,PRD_142,2,368.74,0.2
ITM_6707,ORD_13363,PRD_122,2,390.69,0.0
ITM_6708,ORD_13363,PRD_135,2,449.86,0.1
ITM_6709,ORD_13363,PRD_124,1,425.13,0.05
ITM_6710,ORD_13364,PRD_120,2,127.19,0.05
ITM_6711,ORD_13364,PRD_138,1,106.49,0.1
ITM_6712,ORD_13364,PRD_148,2,15.93,0.0
ITM_6713,ORD_13365,PRD_124,1,425.13,0.0
ITM_6714,ORD_13365,PRD_128,2,274.02,0.0
ITM_6715,ORD_13366,PRD_125,1,82.01,0.0
ITM_6716,ORD_13366,PRD_136,2,490.78,0.0
ITM_6717,ORD_13366,PRD_104,1,301.61,0.2
ITM_6718,ORD_13367,PRD_106,2,342.0,0.05
ITM_6719,ORD_13367,PRD_111,1,177.48,0.2
ITM_6720,ORD_13368,PRD_118,1,247.2,0.0
ITM_6721,ORD_13369,PRD_142,1,368.74,0.0
ITM_6722,ORD_13369,PRD_119,1,38.34,0.0
ITM_6723,ORD_13369,PRD_116,1,205.02,0.1
ITM_6724,ORD_13370,PRD_150,1,32.57,0.2
ITM_6725,ORD_13371,PRD_138,1,106.49,0.0
ITM_6726,ORD_13371,PRD_136,2,490.78,0.0
ITM_6727,ORD_13372,PRD_147,2,286.89,0.0
ITM_6728,ORD_13372,PRD_134,2,91.22,0.2
ITM_6729,ORD_13373,PRD_147,2,286.89,0.05
ITM_6730,ORD_13374,PRD_137,1,202.01,0.0
ITM_6731,ORD_13374,PRD_112,2,324.51,0.0
ITM_6732,ORD_13374,PRD_133,1,277.96,0.0
ITM_6733,ORD_13375,PRD_113,2,334.87,0.0
ITM_6734,ORD_13375,PRD_138,1,106.49,0.0
ITM_6735,ORD_13376,PRD_107,2,140.95,0.05
ITM_6736,ORD_13377,PRD_109,1,47.43,0.0
ITM_6737,ORD_13377,PRD_142,2,368.74,0.0
ITM_6738,ORD_13378,PRD_106,1,342.0,0.0
ITM_6739,ORD_13378,PRD_112,2,324.51,0.0
ITM_6740,ORD_13379,PRD_114,1,425.06,0.0
ITM_6741,ORD_13379,PRD_126,2,200.2,0.0
ITM_6742,ORD_13380,PRD_139,2,490.76,0.0
ITM_6743,ORD_13381,PRD_121,1,276.8,0.0
ITM_6744,ORD_13381,PRD_143,1,480.47,0.1
ITM_6745,ORD_13382,PRD_128,2,274.02,0.1
ITM_6746,ORD_13382,PRD_138,1,106.49,0.0
ITM_6747,ORD_13382,PRD_113,2,334.87,0.0
ITM_6748,ORD_13383,PRD_112,2,324.51,0.05
ITM_6749,ORD_13383,PRD_133,1,277.96,0.1
ITM_6750,ORD_13383,PRD_117,1,357.97,0.05
ITM_6751,ORD_13384,PRD_109,1,47.43,0.0
ITM_6752,ORD_13384,PRD_107,2,140.95,0.05
ITM_6753,ORD_13385,PRD_123,1,105.96,0.05
ITM_6754,ORD_13385,PRD_101,2,195.76,0.0
ITM_6755,ORD_13385,PRD_146,2,234.53,0.0
ITM_6756,ORD_13386,PRD_138,2,106.49,0.0
ITM_6757,ORD_13386,PRD_109,2,47.43,0.0
ITM_6758,ORD_13387,PRD_101,1,195.76,0.2
ITM_6759,ORD_13387,PRD_134,1,91.22,0.0
ITM_6760,ORD_13388,PRD_139,2,490.76,0.0
ITM_6761,ORD_13388,PRD_133,1,277.96,0.0
ITM_6762,ORD_13388,PRD_137,1,202.01,0.1
ITM_6763,ORD_13389,PRD_107,1,140.95,0.0
ITM_6764,ORD_13389,PRD_145,2,243.68,0.1
ITM_6765,ORD_13389,PRD_148,1,15.93,0.0
ITM_6766,ORD_13390,PRD_121,2,276.8,0.0
ITM_6767,ORD_13390,PRD_114,1,425.06,0.0
ITM_6768,ORD_13391,PRD_128,2,274.02,0.0
ITM_6769,ORD_13391,PRD_137,1,202.01,0.0
ITM_6770,ORD_13392,PRD_140,1,234.89,0.1
ITM_6771,ORD_13392,PRD_111,1,177.48,0.05
ITM_6772,ORD_13392,PRD_106,2,342.0,0.0
ITM_6773,ORD_13393,PRD_123,2,105.96,0.2
ITM_6774,ORD_13393,PRD_120,1,127.19,0.0
ITM_6775,ORD_13394,PRD_111,2,177.48,0.05
ITM_6776,ORD_13395,PRD_148,1,15.93,0.0
ITM_6777,ORD_13395,PRD_120,1,127.19,0.2
ITM_6778,ORD_13395,PRD_146,1,234.53,0.0
ITM_6779,ORD_13396,PRD_118,2,247.2,0.1
ITM_6780,ORD_13396,PRD_132,2,475.04,0.0
ITM_6781,ORD_13396,PRD_113,1,334.87,0.0
ITM_6782,ORD_13397,PRD_124,2,425.13,0.2
ITM_6783,ORD_13397,PRD_125,2,82.01,0.05
ITM_6784,ORD_13398,PRD_135,2,449.86,0.0
ITM_6785,ORD_13398,PRD_136,2,490.78,0.0
ITM_6786,ORD_13398,PRD_104,1,301.61,0.0
ITM_6787,ORD_13399,PRD_118,1,247.2,0.0
ITM_6788,ORD_13399,PRD_106,2,342.0,0.0
ITM_6789,ORD_13399,PRD_116,2,205.02,0.2
ITM_6790,ORD_13400,PRD_118,2,247.2,0.0
ITM_6791,ORD_13401,PRD_150,2,32.57,0.05
ITM_6792,ORD_13401,PRD_122,1,390.69,0.0
ITM_6793,ORD_13401,PRD_107,2,140.95,0.0
ITM_6794,ORD_13402,PRD_148,2,15.93,0.0
ITM_6795,ORD_13402,PRD_150,1,32.57,0.0
ITM_6796,ORD_13402,PRD_120,1,127.19,0.0
ITM_6797,ORD_13403,PRD_121,2,276.8,0.05
ITM_6798,ORD_13403,PRD_106,2,342.0,0.0
ITM_6799,ORD_13403,PRD_107,1,140.95,0.0
ITM_6800,ORD_13404,PRD_142,1,368.74,0.0
ITM_6801,ORD_13404,PRD_110,2,68.9,0.0
ITM_6802,ORD_13405,PRD_146,1,234.53,0.0
ITM_6803,ORD_13405,PRD_148,2,15.93,0.0
ITM_6804,ORD_13406,PRD_114,1,425.06,0.0
ITM_6805,ORD_13406,PRD_135,1,449.86,0.1
ITM_6806,ORD_13407,PRD_128,1,274.02,0.0
ITM_6807,ORD_13407,PRD_118,1,247.2,0.0
ITM_6808,ORD_13408,PRD_133,2,277.96,0.2
ITM_6809,ORD_13408,PRD_127,1,406.83,0.0
ITM_6810,ORD_13409,PRD_110,1,68.9,0.1
ITM_6811,ORD_13410,PRD_120,1,127.19,0.0
ITM_6812,ORD_13411,PRD_101,1,195.76,0.05
ITM_6813,ORD_13412,PRD_117,2,357.97,0.2
ITM_6814,ORD_13413,PRD_116,1,205.02,0.0
ITM_6815,ORD_13413,PRD_124,1,425.13,0.05
ITM_6816,ORD_13413,PRD_123,1,105.96,0.05
ITM_6817,ORD_13414,PRD_105,1,440.05,0.0
ITM_6818,ORD_13415,PRD_133,1,277.96,0.0
ITM_6819,ORD_13415,PRD_114,1,425.06,0.0
ITM_6820,ORD_13416,PRD_134,2,91.22,0.1
ITM_6821,ORD_13417,PRD_126,1,200.2,0.0
ITM_6822,ORD_13417,PRD_130,1,319.15,0.0
ITM_6823,ORD_13418,PRD_137,2,202.01,0.1
ITM_6824,ORD_13419,PRD_137,1,202.01,0.0
ITM_6825,ORD_13419,PRD_123,2,105.96,0.0
ITM_6826,ORD_13419,PRD_121,1,276.8,0.0
ITM_6827,ORD_13420,PRD_142,1,368.74,0.0
ITM_6828,ORD_13420,PRD_138,2,106.49,0.0
ITM_6829,ORD_13421,PRD_126,2,200.2,0.0
ITM_6830,ORD_13421,PRD_126,1,200.2,0.2
ITM_6831,ORD_13422,PRD_146,2,234.53,0.05
ITM_6832,ORD_13422,PRD_111,2,177.48,0.0
ITM_6833,ORD_13423,PRD_141,1,490.78,0.0
ITM_6834,ORD_13424,PRD_114,1,425.06,0.0
ITM_6835,ORD_13425,PRD_118,1,247.2,0.0
ITM_6836,ORD_13425,PRD_140,1,234.89,0.0
ITM_6837,ORD_13425,PRD_148,1,15.93,0.05
ITM_6838,ORD_13426,PRD_134,2,91.22,0.0
ITM_6839,ORD_13426,PRD_138,1,106.49,0.05
ITM_6840,ORD_13426,PRD_107,2,140.95,0.05
ITM_6841,ORD_13427,PRD_140,1,234.89,0.0
ITM_6842,ORD_13428,PRD_150,1,32.57,0.05
ITM_6843,ORD_13429,PRD_149,2,194.72,0.05
ITM_6844,ORD_13429,PRD_146,2,234.53,0.0
ITM_6845,ORD_13429,PRD_120,1,127.19,0.0
ITM_6846,ORD_13430,PRD_123,1,105.96,0.2
ITM_6847,ORD_13430,PRD_147,2,286.89,0.0
ITM_6848,ORD_13430,PRD_130,2,319.15,0.05
ITM_6849,ORD_13431,PRD_102,1,70.94,0.0
ITM_6850,ORD_13431,PRD_143,2,480.47,0.0
ITM_6851,ORD_13431,PRD_150,1,32.57,0.05
ITM_6852,ORD_13432,PRD_116,1,205.02,0.0
ITM_6853,ORD_13432,PRD_108,1,488.25,0.0
ITM_6854,ORD_13432,PRD_139,2,490.76,0.05
ITM_6855,ORD_13433,PRD_117,1,357.97,0.1
ITM_6856,ORD_13433,PRD_122,2,390.69,0.2
ITM_6857,ORD_13434,PRD_112,1,324.51,0.0
ITM_6858,ORD_13435,PRD_129,1,348.15,0.2
ITM_6859,ORD_13435,PRD_111,1,177.48,0.05
ITM_6860,ORD_13435,PRD_133,1,277.96,0.0
ITM_6861,ORD_13436,PRD_120,2,127.19,0.05
ITM_6862,ORD_13437,PRD_129,2,348.15,0.0
ITM_6863,ORD_13437,PRD_144,2,483.86,0.0
ITM_6864,ORD_13438,PRD_113,1,334.87,0.0
ITM_6865,ORD_13438,PRD_106,1,342.0,0.0
ITM_6866,ORD_13438,PRD_110,1,68.9,0.0
ITM_6867,ORD_13439,PRD_135,1,449.86,0.0
ITM_6868,ORD_13439,PRD_130,1,319.15,0.0
ITM_6869,ORD_13440,PRD_122,2,390.69,0.0
ITM_6870,ORD_13440,PRD_106,1,342.0,0.0
ITM_6871,ORD_13441,PRD_134,1,91.22,0.0
ITM_6872,ORD_13442,PRD_148,1,15.93,0.1
ITM_6873,ORD_13442,PRD_126,1,200.2,0.05
ITM_6874,ORD_13442,PRD_108,2,488.25,0.0
ITM_6875,ORD_13443,PRD_141,2,490.78,0.0
ITM_6876,ORD_13444,PRD_135,1,449.86,0.2
ITM_6877,ORD_13444,PRD_114,1,425.06,0.0
ITM_6878,ORD_13444,PRD_129,2,348.15,0.0
ITM_6879,ORD_13445,PRD_117,2,357.97,0.0
ITM_6880,ORD_13446,PRD_105,2,440.05,0.0
ITM_6881,ORD_13447,PRD_136,2,490.78,0.0
ITM_6882,ORD_13448,PRD_133,2,277.96,0.0
ITM_6883,ORD_13449,PRD_142,2,368.74,0.0
ITM_6884,ORD_13450,PRD_123,2,105.96,0.0
ITM_6885,ORD_13450,PRD_123,2,105.96,0.05
ITM_6886,ORD_13450,PRD_139,1,490.76,0.05
ITM_6887,ORD_13451,PRD_139,1,490.76,0.0
ITM_6888,ORD_13451,PRD_133,1,277.96,0.0
ITM_6889,ORD_13452,PRD_137,2,202.01,0.0
ITM_6890,ORD_13452,PRD_123,1,105.96,0.1
ITM_6891,ORD_13452,PRD_132,2,475.04,0.0
ITM_6892,ORD_13453,PRD_126,1,200.2,0.05
ITM_6893,ORD_13453,PRD_121,2,276.8,0.0
ITM_6894,ORD_13454,PRD_103,1,370.74,0.2
ITM_6895,ORD_13455,PRD_142,2,368.74,0.0
ITM_6896,ORD_13455,PRD_114,1,425.06,0.0
ITM_6897,ORD_13456,PRD_113,1,334.87,0.0
ITM_6898,ORD_13457,PRD_133,2,277.96,0.2
ITM_6899,ORD_13457,PRD_120,1,127.19,0.0
ITM_6900,ORD_13458,PRD_132,1,475.04,0.0
ITM_6901,ORD_13458,PRD_107,2,140.95,0.05
ITM_6902,ORD_13459,PRD_104,1,301.61,0.0
ITM_6903,ORD_13459,PRD_115,2,416.58,0.1
ITM_6904,ORD_13459,PRD_143,1,480.47,0.0
ITM_6905,ORD_13460,PRD_127,2,406.83,0.05
ITM_6906,ORD_13461,PRD_139,1,490.76,0.2
ITM_6907,ORD_13461,PRD_129,1,348.15,0.0
ITM_6908,ORD_13461,PRD_128,2,274.02,0.0
ITM_6909,ORD_13462,PRD_115,1,416.58,0.1
ITM_6910,ORD_13462,PRD_140,1,234.89,0.0
ITM_6911,ORD_13462,PRD_107,1,140.95,0.2
ITM_6912,ORD_13463,PRD_114,1,425.06,0.1
ITM_6913,ORD_13463,PRD_143,1,480.47,0.0
ITM_6914,ORD_13464,PRD_109,1,47.43,0.0
ITM_6915,ORD_13465,PRD_121,2,276.8,0.05
ITM_6916,ORD_13465,PRD_131,1,479.39,0.0
ITM_6917,ORD_13466,PRD_139,2,490.76,0.0
ITM_6918,ORD_13466,PRD_128,1,274.02,0.0
ITM_6919,ORD_13467,PRD_118,1,247.2,0.05
ITM_6920,ORD_13467,PRD_130,2,319.15,0.0
ITM_6921,ORD_13467,PRD_132,1,475.04,0.0
ITM_6922,ORD_13468,PRD_111,1,177.48,0.05
ITM_6923,ORD_13468,PRD_134,1,91.22,0.0
ITM_6924,ORD_13468,PRD_148,1,15.93,0.05
ITM_6925,ORD_13469,PRD_106,1,342.0,0.0
ITM_6926,ORD_13469,PRD_147,2,286.89,0.1
ITM_6927,ORD_13469,PRD_145,2,243.68,0.05
ITM_6928,ORD_13470,PRD_113,1,334.87,0.2
ITM_6929,ORD_13471,PRD_147,2,286.89,0.05
ITM_6930,ORD_13471,PRD_125,1,82.01,0.0
ITM_6931,ORD_13472,PRD_101,1,195.76,0.1
ITM_6932,ORD_13473,PRD_108,2,488.25,0.05
ITM_6933,ORD_13473,PRD_131,2,479.39,0.0
ITM_6934,ORD_13474,PRD_148,1,15.93,0.1
ITM_6935,ORD_13474,PRD_141,2,490.78,0.1
ITM_6936,ORD_13474,PRD_129,1,348.15,0.0
ITM_6937,ORD_13475,PRD_112,2,324.51,0.0
ITM_6938,ORD_13475,PRD_144,1,483.86,0.0
ITM_6939,ORD_13475,PRD_119,2,38.34,0.0
ITM_6940,ORD_13476,PRD_107,1,140.95,0.2
ITM_6941,ORD_13477,PRD_137,1,202.01,0.0
ITM_6942,ORD_13478,PRD_137,2,202.01,0.0
ITM_6943,ORD_13478,PRD_107,1,140.95,0.05
ITM_6944,ORD_13478,PRD_123,1,105.96,0.0
ITM_6945,ORD_13479,PRD_126,2,200.2,0.0
ITM_6946,ORD_13479,PRD_125,2,82.01,0.0
ITM_6947,ORD_13479,PRD_102,1,70.94,0.0
ITM_6948,ORD_13480,PRD_120,1,127.19,0.05
ITM_6949,ORD_13480,PRD_128,1,274.02,0.0
ITM_6950,ORD_13481,PRD_148,1,15.93,0.0
ITM_6951,ORD_13481,PRD_108,1,488.25,0.0
ITM_6952,ORD_13482,PRD_126,1,200.2,0.2
ITM_6953,ORD_13482,PRD_146,1,234.53,0.0
ITM_6954,ORD_13482,PRD_101,1,195.76,0.0
ITM_6955,ORD_13483,PRD_107,2,140.95,0.0
ITM_6956,ORD_13483,PRD_126,1,200.2,0.0
ITM_6957,ORD_13484,PRD_142,1,368.74,0.2
ITM_6958,ORD_13484,PRD_120,1,127.19,0.0
ITM_6959,ORD_13485,PRD_124,1,425.13,0.0
ITM_6960,ORD_13486,PRD_125,2,82.01,0.0
ITM_6961,ORD_13486,PRD_139,1,490.76,0.0
ITM_6962,ORD_13487,PRD_147,1,286.89,0.05
ITM_6963,ORD_13487,PRD_140,2,234.89,0.2
ITM_6964,ORD_13488,PRD_123,2,105.96,0.05
ITM_6965,ORD_13489,PRD_142,2,368.74,0.2
ITM_6966,ORD_13489,PRD_133,2,277.96,0.0
ITM_6967,ORD_13490,PRD_121,2,276.8,0.0
ITM_6968,ORD_13490,PRD_146,1,234.53,0.2
ITM_6969,ORD_13491,PRD_142,1,368.74,0.0
ITM_6970,ORD_13492,PRD_113,1,334.87,0.2
ITM_6971,ORD_13492,PRD_116,1,205.02,0.0
ITM_6972,ORD_13492,PRD_102,2,70.94,0.0
ITM_6973,ORD_13493,PRD_101,1,195.76,0.2
ITM_6974,ORD_13493,PRD_101,1,195.76,0.0
ITM_6975,ORD_13494,PRD_143,1,480.47,0.0
ITM_6976,ORD_13494,PRD_101,2,195.76,0.1
ITM_6977,ORD_13494,PRD_116,1,205.02,0.2
ITM_6978,ORD_13495,PRD_149,2,194.72,0.05
ITM_6979,ORD_13495,PRD_148,2,15.93,0.0
ITM_6980,ORD_13495,PRD_123,2,105.96,0.0
ITM_6981,ORD_13496,PRD_119,1,38.34,0.0
ITM_6982,ORD_13496,PRD_128,1,274.02,0.0
ITM_6983,ORD_13497,PRD_133,1,277.96,0.1
ITM_6984,ORD_13497,PRD_103,1,370.74,0.0
ITM_6985,ORD_13497,PRD_107,2,140.95,0.0
ITM_6986,ORD_13498,PRD_130,2,319.15,0.0
ITM_6987,ORD_13498,PRD_105,2,440.05,0.2
ITM_6988,ORD_13498,PRD_116,2,205.02,0.05
ITM_6989,ORD_13499,PRD_118,1,247.2,0.0
ITM_6990,ORD_13499,PRD_118,2,247.2,0.05
ITM_6991,ORD_13499,PRD_112,2,324.51,0.05
ITM_6992,ORD_13500,PRD_142,2,368.74,0.0
ITM_6993,ORD_13500,PRD_120,2,127.19,0.0
ITM_6994,ORD_13501,PRD_107,1,140.95,0.0
ITM_6995,ORD_13502,PRD_138,2,106.49,0.0
ITM_6996,ORD_13502,PRD_135,2,449.86,0.0
ITM_6997,ORD_13503,PRD_138,2,106.49,0.05
ITM_6998,ORD_13504,PRD_123,1,105.96,0.0
ITM_6999,ORD_13505,PRD_130,2,319.15,0.0
ITM_7000,ORD_13506,PRD_105,2,440.05,0.05
ITM_7001,ORD_13506,PRD_108,1,488.25,0.05
ITM_7002,ORD_13506,PRD_132,1,475.04,0.0
ITM_7003,ORD_13507,PRD_123,2,105.96,0.0
ITM_7004,ORD_13507,PRD_148,2,15.93,0.05
ITM_7005,ORD_13507,PRD_148,1,15.93,0.05
ITM_7006,ORD_13508,PRD_107,2,140.95,0.05
ITM_7007,ORD_13508,PRD_146,2,234.53,0.05
ITM_7008,ORD_13508,PRD_144,2,483.86,0.0
ITM_7009,ORD_13509,PRD_109,1,47.43,0.0
ITM_7010,ORD_13509,PRD_131,1,479.39,0.0
ITM_7011,ORD_13510,PRD_142,1,368.74,0.0
ITM_7012,ORD_13510,PRD_137,2,202.01,0.0
ITM_7013,ORD_13510,PRD_126,1,200.2,0.05
ITM_7014,ORD_13511,PRD_149,2,194.72,0.0
ITM_7015,ORD_13511,PRD_120,1,127.19,0.05
ITM_7016,ORD_13511,PRD_119,1,38.34,0.05
ITM_7017,ORD_13512,PRD_112,1,324.51,0.0
ITM_7018,ORD_13512,PRD_140,2,234.89,0.0
ITM_7019,ORD_13513,PRD_129,2,348.15,0.0
ITM_7020,ORD_13514,PRD_143,2,480.47,0.1
ITM_7021,ORD_13515,PRD_132,2,475.04,0.0
ITM_7022,ORD_13515,PRD_114,1,425.06,0.1
ITM_7023,ORD_13515,PRD_110,1,68.9,0.1
ITM_7024,ORD_13516,PRD_120,2,127.19,0.0
ITM_7025,ORD_13516,PRD_143,2,480.47,0.0
ITM_7026,ORD_13517,PRD_126,1,200.2,0.05
ITM_7027,ORD_13517,PRD_118,2,247.2,0.1
ITM_7028,ORD_13518,PRD_127,2,406.83,0.0
ITM_7029,ORD_13519,PRD_108,1,488.25,0.0
ITM_7030,ORD_13519,PRD_137,2,202.01,0.05
ITM_7031,ORD_13519,PRD_135,1,449.86,0.0
ITM_7032,ORD_13520,PRD_132,1,475.04,0.0
ITM_7033,ORD_13520,PRD_131,2,479.39,0.0
ITM_7034,ORD_13521,PRD_110,2,68.9,0.1
ITM_7035,ORD_13521,PRD_131,2,479.39,0.05
ITM_7036,ORD_13522,PRD_135,1,449.86,0.0
ITM_7037,ORD_13522,PRD_121,2,276.8,0.0
ITM_7038,ORD_13522,PRD_127,1,406.83,0.0
ITM_7039,ORD_13523,PRD_136,1,490.78,0.0
ITM_7040,ORD_13523,PRD_142,1,368.74,0.0
ITM_7041,ORD_13523,PRD_109,1,47.43,0.0
ITM_7042,ORD_13524,PRD_131,2,479.39,0.1
ITM_7043,ORD_13525,PRD_117,1,357.97,0.2
ITM_7044,ORD_13526,PRD_104,1,301.61,0.1
ITM_7045,ORD_13527,PRD_146,2,234.53,0.0
ITM_7046,ORD_13528,PRD_140,2,234.89,0.0
ITM_7047,ORD_13529,PRD_115,2,416.58,0.0
ITM_7048,ORD_13529,PRD_108,1,488.25,0.0
ITM_7049,ORD_13529,PRD_103,2,370.74,0.2
ITM_7050,ORD_13530,PRD_127,2,406.83,0.05
ITM_7051,ORD_13530,PRD_135,2,449.86,0.1
ITM_7052,ORD_13530,PRD_133,1,277.96,0.0
ITM_7053,ORD_13531,PRD_150,1,32.57,0.1
ITM_7054,ORD_13531,PRD_132,2,475.04,0.2
ITM_7055,ORD_13531,PRD_105,1,440.05,0.0
ITM_7056,ORD_13532,PRD_128,1,274.02,0.0
ITM_7057,ORD_13532,PRD_145,2,243.68,0.05
ITM_7058,ORD_13533,PRD_104,1,301.61,0.0
ITM_7059,ORD_13534,PRD_109,1,47.43,0.0
ITM_7060,ORD_13534,PRD_126,2,200.2,0.0
ITM_7061,ORD_13535,PRD_127,1,406.83,0.1
ITM_7062,ORD_13535,PRD_112,1,324.51,0.0
ITM_7063,ORD_13536,PRD_119,1,38.34,0.0
ITM_7064,ORD_13537,PRD_121,2,276.8,0.0
ITM_7065,ORD_13537,PRD_122,2,390.69,0.05
ITM_7066,ORD_13537,PRD_147,2,286.89,0.05
ITM_7067,ORD_13538,PRD_116,2,205.02,0.2
ITM_7068,ORD_13538,PRD_113,1,334.87,0.0
ITM_7069,ORD_13539,PRD_107,1,140.95,0.0
ITM_7070,ORD_13540,PRD_135,2,449.86,0.0
ITM_7071,ORD_13540,PRD_109,1,47.43,0.2
ITM_7072,ORD_13541,PRD_136,1,490.78,0.05
ITM_7073,ORD_13541,PRD_149,1,194.72,0.05
ITM_7074,ORD_13542,PRD_127,2,406.83,0.1
ITM_7075,ORD_13542,PRD_123,1,105.96,0.05
ITM_7076,ORD_13542,PRD_105,2,440.05,0.2
ITM_7077,ORD_13543,PRD_118,1,247.2,0.0
ITM_7078,ORD_13543,PRD_140,1,234.89,0.0
ITM_7079,ORD_13543,PRD_133,1,277.96,0.0
ITM_7080,ORD_13544,PRD_147,2,286.89,0.0
ITM_7081,ORD_13545,PRD_148,2,15.93,0.0
ITM_7082,ORD_13545,PRD_147,2,286.89,0.0
ITM_7083,ORD_13545,PRD_116,2,205.02,0.0
ITM_7084,ORD_13546,PRD_123,1,105.96,0.0
ITM_7085,ORD_13546,PRD_140,1,234.89,0.0
ITM_7086,ORD_13546,PRD_104,2,301.61,0.05
ITM_7087,ORD_13547,PRD_126,1,200.2,0.0
ITM_7088,ORD_13547,PRD_105,1,440.05,0.05
ITM_7089,ORD_13548,PRD_136,2,490.78,0.2
ITM_7090,ORD_13548,PRD_124,2,425.13,0.2
ITM_7091,ORD_13548,PRD_118,1,247.2,0.0
ITM_7092,ORD_13549,PRD_119,2,38.34,0.05
ITM_7093,ORD_13550,PRD_136,2,490.78,0.1
ITM_7094,ORD_13550,PRD_113,2,334.87,0.0
ITM_7095,ORD_13551,PRD_125,1,82.01,0.05
ITM_7096,ORD_13552,PRD_143,1,480.47,0.0
ITM_7097,ORD_13553,PRD_117,2,357.97,0.0
ITM_7098,ORD_13553,PRD_115,2,416.58,0.0
ITM_7099,ORD_13554,PRD_127,2,406.83,0.0
ITM_7100,ORD_13555,PRD_112,2,324.51,0.0
ITM_7101,ORD_13555,PRD_142,1,368.74,0.05
ITM_7102,ORD_13556,PRD_110,2,68.9,0.0
ITM_7103,ORD_13557,PRD_103,2,370.74,0.1
ITM_7104,ORD_13558,PRD_108,1,488.25,0.0
ITM_7105,ORD_13559,PRD_112,2,324.51,0.0
ITM_7106,ORD_13559,PRD_128,2,274.02,0.05
ITM_7107,ORD_13560,PRD_105,1,440.05,0.05
ITM_7108,ORD_13560,PRD_130,1,319.15,0.0
ITM_7109,ORD_13561,PRD_129,1,348.15,0.0
ITM_7110,ORD_13561,PRD_112,2,324.51,0.0
ITM_7111,ORD_13561,PRD_128,2,274.02,0.1
ITM_7112,ORD_13562,PRD_115,1,416.58,0.0
ITM_7113,ORD_13563,PRD_107,2,140.95,0.0
ITM_7114,ORD_13563,PRD_126,1,200.2,0.1
ITM_7115,ORD_13564,PRD_124,2,425.13,0.0
ITM_7116,ORD_13565,PRD_135,2,449.86,0.1
ITM_7117,ORD_13566,PRD_124,1,425.13,0.0
ITM_7118,ORD_13566,PRD_120,1,127.19,0.0
ITM_7119,ORD_13567,PRD_108,1,488.25,0.0
ITM_7120,ORD_13567,PRD_118,2,247.2,0.05
ITM_7121,ORD_13567,PRD_113,1,334.87,0.0
ITM_7122,ORD_13568,PRD_111,1,177.48,0.0
ITM_7123,ORD_13568,PRD_132,1,475.04,0.2
ITM_7124,ORD_13568,PRD_105,1,440.05,0.0
ITM_7125,ORD_13569,PRD_104,1,301.61,0.0
ITM_7126,ORD_13570,PRD_106,2,342.0,0.0
ITM_7127,ORD_13570,PRD_139,2,490.76,0.05
ITM_7128,ORD_13571,PRD_132,1,475.04,0.0
ITM_7129,ORD_13571,PRD_116,1,205.02,0.2
ITM_7130,ORD_13571,PRD_116,1,205.02,0.1
ITM_7131,ORD_13572,PRD_133,2,277.96,0.0
ITM_7132,ORD_13573,PRD_148,2,15.93,0.2
ITM_7133,ORD_13574,PRD_132,2,475.04,0.1
ITM_7134,ORD_13574,PRD_129,1,348.15,0.0
ITM_7135,ORD_13575,PRD_108,1,488.25,0.05
ITM_7136,ORD_13575,PRD_146,1,234.53,0.0
ITM_7137,ORD_13575,PRD_147,1,286.89,0.0
ITM_7138,ORD_13576,PRD_127,2,406.83,0.0
ITM_7139,ORD_13577,PRD_118,2,247.2,0.0
ITM_7140,ORD_13578,PRD_130,1,319.15,0.0
ITM_7141,ORD_13578,PRD_118,1,247.2,0.05
ITM_7142,ORD_13578,PRD_103,2,370.74,0.0
ITM_7143,ORD_13579,PRD_104,2,301.61,0.0
ITM_7144,ORD_13580,PRD_105,2,440.05,0.0
ITM_7145,ORD_13581,PRD_145,1,243.68,0.1
ITM_7146,ORD_13581,PRD_126,2,200.2,0.05
ITM_7147,ORD_13581,PRD_128,2,274.02,0.0
ITM_7148,ORD_13582,PRD_142,2,368.74,0.0
ITM_7149,ORD_13582,PRD_130,2,319.15,0.0
ITM_7150,ORD_13583,PRD_138,2,106.49,0.0
ITM_7151,ORD_13584,PRD_126,1,200.2,0.0
ITM_7152,ORD_13585,PRD_131,2,479.39,0.0
ITM_7153,ORD_13585,PRD_110,2,68.9,0.0
ITM_7154,ORD_13585,PRD_136,2,490.78,0.1
ITM_7155,ORD_13586,PRD_121,2,276.8,0.0
ITM_7156,ORD_13587,PRD_146,1,234.53,0.0
ITM_7157,ORD_13587,PRD_114,2,425.06,0.1
ITM_7158,ORD_13588,PRD_115,2,416.58,0.0
ITM_7159,ORD_13589,PRD_145,1,243.68,0.0
ITM_7160,ORD_13589,PRD_103,2,370.74,0.1
ITM_7161,ORD_13589,PRD_145,2,243.68,0.0
ITM_7162,ORD_13590,PRD_127,2,406.83,0.0
ITM_7163,ORD_13590,PRD_128,1,274.02,0.0
ITM_7164,ORD_13590,PRD_130,1,319.15,0.0
ITM_7165,ORD_13591,PRD_120,2,127.19,0.0
ITM_7166,ORD_13591,PRD_115,1,416.58,0.2
ITM_7167,ORD_13592,PRD_134,1,91.22,0.2
ITM_7168,ORD_13592,PRD_115,1,416.58,0.0
ITM_7169,ORD_13593,PRD_135,1,449.86,0.05
ITM_7170,ORD_13593,PRD_133,2,277.96,0.05
ITM_7171,ORD_13593,PRD_119,2,38.34,0.0
ITM_7172,ORD_13594,PRD_109,1,47.43,0.2
ITM_7173,ORD_13594,PRD_146,2,234.53,0.1
ITM_7174,ORD_13594,PRD_124,2,425.13,0.05
ITM_7175,ORD_13595,PRD_115,1,416.58,0.05
ITM_7176,ORD_13595,PRD_148,2,15.93,0.05
ITM_7177,ORD_13595,PRD_133,2,277.96,0.0
ITM_7178,ORD_13596,PRD_132,2,475.04,0.05
ITM_7179,ORD_13596,PRD_119,1,38.34,0.0
ITM_7180,ORD_13597,PRD_121,1,276.8,0.0
ITM_7181,ORD_13597,PRD_148,1,15.93,0.0
ITM_7182,ORD_13598,PRD_102,2,70.94,0.05
ITM_7183,ORD_13598,PRD_134,2,91.22,0.0
ITM_7184,ORD_13599,PRD_113,2,334.87,0.0
ITM_7185,ORD_13600,PRD_144,1,483.86,0.2
ITM_7186,ORD_13600,PRD_139,1,490.76,0.0
ITM_7187,ORD_13601,PRD_132,2,475.04,0.1
ITM_7188,ORD_13601,PRD_130,1,319.15,0.05
ITM_7189,ORD_13602,PRD_120,1,127.19,0.0
ITM_7190,ORD_13602,PRD_109,1,47.43,0.0
ITM_7191,ORD_13603,PRD_119,2,38.34,0.0
ITM_7192,ORD_13603,PRD_117,1,357.97,0.05
ITM_7193,ORD_13603,PRD_106,2,342.0,0.05
ITM_7194,ORD_13604,PRD_128,1,274.02,0.0
ITM_7195,ORD_13604,PRD_134,2,91.22,0.0
ITM_7196,ORD_13604,PRD_148,2,15.93,0.0
ITM_7197,ORD_13605,PRD_109,2,47.43,0.0
ITM_7198,ORD_13605,PRD_150,2,32.57,0.2
ITM_7199,ORD_13605,PRD_142,1,368.74,0.0
ITM_7200,ORD_13606,PRD_117,2,357.97,0.05
ITM_7201,ORD_13607,PRD_102,1,70.94,0.0
ITM_7202,ORD_13607,PRD_118,2,247.2,0.0
ITM_7203,ORD_13608,PRD_134,1,91.22,0.0
ITM_7204,ORD_13608,PRD_133,1,277.96,0.2
ITM_7205,ORD_13609,PRD_111,2,177.48,0.0
ITM_7206,ORD_13609,PRD_138,2,106.49,0.2
ITM_7207,ORD_13610,PRD_113,2,334.87,0.0
ITM_7208,ORD_13610,PRD_103,1,370.74,0.1
ITM_7209,ORD_13610,PRD_138,1,106.49,0.05
ITM_7210,ORD_13611,PRD_117,1,357.97,0.0
ITM_7211,ORD_13611,PRD_107,1,140.95,0.0
ITM_7212,ORD_13612,PRD_112,2,324.51,0.1
ITM_7213,ORD_13612,PRD_121,1,276.8,0.0
ITM_7214,ORD_13612,PRD_116,1,205.02,0.0
ITM_7215,ORD_13613,PRD_136,1,490.78,0.0
ITM_7216,ORD_13613,PRD_111,2,177.48,0.0
ITM_7217,ORD_13614,PRD_107,2,140.95,0.0
ITM_7218,ORD_13614,PRD_129,1,348.15,0.05
ITM_7219,ORD_13615,PRD_112,2,324.51,0.2
ITM_7220,ORD_13615,PRD_149,2,194.72,0.1
ITM_7221,ORD_13615,PRD_107,2,140.95,0.0
ITM_7222,ORD_13616,PRD_121,1,276.8,0.0
ITM_7223,ORD_13616,PRD_101,2,195.76,0.0
ITM_7224,ORD_13617,PRD_116,2,205.02,0.0
ITM_7225,ORD_13617,PRD_138,1,106.49,0.0
ITM_7226,ORD_13617,PRD_138,2,106.49,0.0
ITM_7227,ORD_13618,PRD_112,1,324.51,0.0
ITM_7228,ORD_13618,PRD_120,2,127.19,0.0
ITM_7229,ORD_13618,PRD_109,2,47.43,0.0
ITM_7230,ORD_13619,PRD_140,2,234.89,0.05
ITM_7231,ORD_13619,PRD_146,1,234.53,0.05
ITM_7232,ORD_13619,PRD_102,2,70.94,0.0
ITM_7233,ORD_13620,PRD_124,2,425.13,0.2
ITM_7234,ORD_13620,PRD_130,1,319.15,0.0
ITM_7235,ORD_13621,PRD_140,1,234.89,0.2
ITM_7236,ORD_13621,PRD_116,1,205.02,0.05
ITM_7237,ORD_13621,PRD_134,2,91.22,0.0
ITM_7238,ORD_13622,PRD_140,2,234.89,0.2
ITM_7239,ORD_13622,PRD_149,1,194.72,0.0
ITM_7240,ORD_13623,PRD_119,1,38.34,0.0
ITM_7241,ORD_13623,PRD_129,2,348.15,0.2
ITM_7242,ORD_13623,PRD_141,1,490.78,0.0
ITM_7243,ORD_13624,PRD_129,2,348.15,0.0
ITM_7244,ORD_13624,PRD_113,1,334.87,0.0
ITM_7245,ORD_13625,PRD_138,2,106.49,0.0
ITM_7246,ORD_13625,PRD_118,2,247.2,0.2
ITM_7247,ORD_13625,PRD_130,2,319.15,0.05
ITM_7248,ORD_13626,PRD_103,1,370.74,0.0
ITM_7249,ORD_13627,PRD_147,2,286.89,0.0
ITM_7250,ORD_13628,PRD_146,2,234.53,0.05
ITM_7251,ORD_13628,PRD_148,1,15.93,0.0
ITM_7252,ORD_13628,PRD_145,1,243.68,0.2
ITM_7253,ORD_13629,PRD_150,2,32.57,0.0
ITM_7254,ORD_13629,PRD_123,1,105.96,0.0
ITM_7255,ORD_13629,PRD_146,2,234.53,0.0
ITM_7256,ORD_13630,PRD_145,1,243.68,0.1
ITM_7257,ORD_13631,PRD_133,1,277.96,0.0
ITM_7258,ORD_13632,PRD_111,1,177.48,0.2
ITM_7259,ORD_13632,PRD_117,2,357.97,0.0
ITM_7260,ORD_13633,PRD_131,2,479.39,0.05
ITM_7261,ORD_13634,PRD_125,1,82.01,0.05
ITM_7262,ORD_13634,PRD_104,2,301.61,0.1
ITM_7263,ORD_13635,PRD_137,2,202.01,0.1
ITM_7264,ORD_13636,PRD_122,1,390.69,0.0
ITM_7265,ORD_13636,PRD_102,1,70.94,0.1
ITM_7266,ORD_13637,PRD_131,2,479.39,0.0
ITM_7267,ORD_13638,PRD_132,1,475.04,0.0
ITM_7268,ORD_13639,PRD_102,2,70.94,0.0
ITM_7269,ORD_13640,PRD_149,2,194.72,0.0
ITM_7270,ORD_13641,PRD_149,2,194.72,0.05
ITM_7271,ORD_13642,PRD_112,2,324.51,0.05
ITM_7272,ORD_13642,PRD_132,2,475.04,0.1
ITM_7273,ORD_13642,PRD_119,1,38.34,0.05
ITM_7274,ORD_13643,PRD_113,1,334.87,0.1
ITM_7275,ORD_13643,PRD_137,2,202.01,0.05
ITM_7276,ORD_13643,PRD_119,2,38.34,0.1
ITM_7277,ORD_13644,PRD_145,1,243.68,0.1
ITM_7278,ORD_13645,PRD_132,1,475.04,0.0
ITM_7279,ORD_13646,PRD_107,1,140.95,0.0
ITM_7280,ORD_13646,PRD_113,1,334.87,0.0
ITM_7281,ORD_13646,PRD_141,1,490.78,0.0
ITM_7282,ORD_13647,PRD_120,1,127.19,0.0
ITM_7283,ORD_13648,PRD_150,1,32.57,0.0
ITM_7284,ORD_13649,PRD_134,2,91.22,0.0
ITM_7285,ORD_13650,PRD_131,1,479.39,0.05
ITM_7286,ORD_13651,PRD_103,2,370.74,0.0
ITM_7287,ORD_13651,PRD_134,1,91.22,0.05
ITM_7288,ORD_13651,PRD_142,2,368.74,0.0
ITM_7289,ORD_13652,PRD_104,2,301.61,0.0
ITM_7290,ORD_13652,PRD_134,2,91.22,0.0
ITM_7291,ORD_13652,PRD_134,1,91.22,0.0
ITM_7292,ORD_13653,PRD_149,2,194.72,0.0
ITM_7293,ORD_13654,PRD_139,2,490.76,0.0
ITM_7294,ORD_13654,PRD_130,2,319.15,0.0
ITM_7295,ORD_13655,PRD_121,1,276.8,0.2
ITM_7296,ORD_13655,PRD_148,2,15.93,0.2
ITM_7297,ORD_13655,PRD_136,1,490.78,0.1
ITM_7298,ORD_13656,PRD_135,1,449.86,0.0
ITM_7299,ORD_13657,PRD_119,1,38.34,0.0
ITM_7300,ORD_13657,PRD_125,2,82.01,0.0
ITM_7301,ORD_13658,PRD_136,1,490.78,0.1
ITM_7302,ORD_13658,PRD_101,2,195.76,0.0
ITM_7303,ORD_13659,PRD_143,1,480.47,0.0
ITM_7304,ORD_13660,PRD_131,1,479.39,0.2
ITM_7305,ORD_13661,PRD_120,1,127.19,0.05
ITM_7306,ORD_13661,PRD_113,1,334.87,0.2
ITM_7307,ORD_13661,PRD_113,2,334.87,0.0
ITM_7308,ORD_13662,PRD_106,2,342.0,0.0
ITM_7309,ORD_13662,PRD_144,1,483.86,0.05
ITM_7310,ORD_13663,PRD_130,2,319.15,0.0
ITM_7311,ORD_13663,PRD_101,2,195.76,0.05
ITM_7312,ORD_13664,PRD_143,2,480.47,0.05
ITM_7313,ORD_13665,PRD_116,2,205.02,0.0
ITM_7314,ORD_13666,PRD_110,2,68.9,0.0
ITM_7315,ORD_13667,PRD_122,2,390.69,0.2
ITM_7316,ORD_13667,PRD_131,1,479.39,0.1
ITM_7317,ORD_13667,PRD_124,1,425.13,0.05
ITM_7318,ORD_13668,PRD_119,2,38.34,0.1
ITM_7319,ORD_13669,PRD_105,1,440.05,0.0
ITM_7320,ORD_13669,PRD_102,1,70.94,0.05
ITM_7321,ORD_13669,PRD_117,1,357.97,0.0
ITM_7322,ORD_13670,PRD_102,1,70.94,0.0
ITM_7323,ORD_13670,PRD_110,2,68.9,0.0
ITM_7324,ORD_13671,PRD_131,1,479.39,0.0
ITM_7325,ORD_13671,PRD_107,1,140.95,0.2
ITM_7326,ORD_13672,PRD_112,2,324.51,0.0
ITM_7327,ORD_13672,PRD_145,2,243.68,0.1
ITM_7328,ORD_13673,PRD_136,2,490.78,0.2
ITM_7329,ORD_13673,PRD_143,1,480.47,0.0
ITM_7330,ORD_13673,PRD_131,1,479.39,0.0
ITM_7331,ORD_13674,PRD_105,2,440.05,0.0
ITM_7332,ORD_13674,PRD_110,2,68.9,0.05
ITM_7333,ORD_13675,PRD_149,1,194.72,0.0
ITM_7334,ORD_13675,PRD_109,2,47.43,0.0
ITM_7335,ORD_13675,PRD_136,2,490.78,0.0
ITM_7336,ORD_13676,PRD_101,1,195.76,0.2
ITM_7337,ORD_13677,PRD_114,2,425.06,0.05
ITM_7338,ORD_13678,PRD_105,1,440.05,0.0
ITM_7339,ORD_13679,PRD_102,1,70.94,0.0
ITM_7340,ORD_13679,PRD_148,1,15.93,0.0
ITM_7341,ORD_13680,PRD_143,2,480.47,0.0
ITM_7342,ORD_13680,PRD_109,1,47.43,0.0
ITM_7343,ORD_13680,PRD_102,1,70.94,0.05
ITM_7344,ORD_13681,PRD_137,1,202.01,0.0
ITM_7345,ORD_13682,PRD_120,2,127.19,0.0
ITM_7346,ORD_13683,PRD_140,2,234.89,0.0
ITM_7347,ORD_13683,PRD_115,2,416.58,0.0
ITM_7348,ORD_13684,PRD_144,2,483.86,0.0
ITM_7349,ORD_13684,PRD_137,2,202.01,0.0
ITM_7350,ORD_13685,PRD_149,1,194.72,0.0
ITM_7351,ORD_13685,PRD_126,1,200.2,0.0
ITM_7352,ORD_13685,PRD_105,1,440.05,0.0
ITM_7353,ORD_13686,PRD_139,1,490.76,0.2
ITM_7354,ORD_13686,PRD_145,2,243.68,0.0
ITM_7355,ORD_13687,PRD_102,1,70.94,0.0
ITM_7356,ORD_13687,PRD_107,1,140.95,0.0
ITM_7357,ORD_13688,PRD_143,1,480.47,0.0
ITM_7358,ORD_13688,PRD_138,2,106.49,0.0
ITM_7359,ORD_13689,PRD_131,1,479.39,0.0
ITM_7360,ORD_13689,PRD_135,1,449.86,0.0
ITM_7361,ORD_13689,PRD_125,1,82.01,0.05
ITM_7362,ORD_13690,PRD_147,1,286.89,0.05
ITM_7363,ORD_13690,PRD_118,1,247.2,0.0
ITM_7364,ORD_13691,PRD_146,2,234.53,0.0
ITM_7365,ORD_13692,PRD_150,1,32.57,0.0
ITM_7366,ORD_13692,PRD_119,2,38.34,0.05
ITM_7367,ORD_13692,PRD_104,2,301.61,0.0
ITM_7368,ORD_13693,PRD_136,2,490.78,0.0
ITM_7369,ORD_13693,PRD_135,1,449.86,0.0
ITM_7370,ORD_13693,PRD_117,2,357.97,0.0
ITM_7371,ORD_13694,PRD_142,1,368.74,0.0
ITM_7372,ORD_13694,PRD_115,1,416.58,0.1
ITM_7373,ORD_13695,PRD_141,1,490.78,0.0
ITM_7374,ORD_13695,PRD_123,1,105.96,0.0
ITM_7375,ORD_13696,PRD_107,2,140.95,0.0
ITM_7376,ORD_13696,PRD_126,1,200.2,0.0
ITM_7377,ORD_13697,PRD_141,2,490.78,0.0
ITM_7378,ORD_13697,PRD_129,1,348.15,0.0
ITM_7379,ORD_13698,PRD_137,2,202.01,0.0
ITM_7380,ORD_13698,PRD_144,1,483.86,0.2
ITM_7381,ORD_13698,PRD_101,1,195.76,0.05
ITM_7382,ORD_13699,PRD_144,1,483.86,0.05
ITM_7383,ORD_13699,PRD_145,2,243.68,0.0
ITM_7384,ORD_13699,PRD_122,1,390.69,0.1
ITM_7385,ORD_13700,PRD_117,2,357.97,0.0
ITM_7386,ORD_13700,PRD_112,2,324.51,0.0
ITM_7387,ORD_13701,PRD_128,1,274.02,0.1
ITM_7388,ORD_13701,PRD_109,2,47.43,0.0
ITM_7389,ORD_13702,PRD_150,2,32.57,0.0
ITM_7390,ORD_13702,PRD_135,1,449.86,0.0
ITM_7391,ORD_13703,PRD_135,1,449.86,0.0
ITM_7392,ORD_13704,PRD_126,1,200.2,0.05
ITM_7393,ORD_13704,PRD_109,2,47.43,0.1
ITM_7394,ORD_13705,PRD_123,2,105.96,0.05
ITM_7395,ORD_13705,PRD_128,1,274.02,0.0
ITM_7396,ORD_13706,PRD_125,2,82.01,0.0
ITM_7397,ORD_13706,PRD_117,2,357.97,0.1
ITM_7398,ORD_13707,PRD_134,2,91.22,0.1
ITM_7399,ORD_13708,PRD_146,1,234.53,0.0
ITM_7400,ORD_13709,PRD_126,1,200.2,0.0
ITM_7401,ORD_13709,PRD_113,1,334.87,0.1
ITM_7402,ORD_13710,PRD_149,1,194.72,0.0
ITM_7403,ORD_13710,PRD_101,2,195.76,0.0
ITM_7404,ORD_13710,PRD_116,1,205.02,0.0
ITM_7405,ORD_13711,PRD_140,1,234.89,0.0
ITM_7406,ORD_13712,PRD_150,1,32.57,0.05
ITM_7407,ORD_13712,PRD_121,1,276.8,0.0
ITM_7408,ORD_13713,PRD_132,1,475.04,0.0
ITM_7409,ORD_13713,PRD_102,2,70.94,0.2
ITM_7410,ORD_13713,PRD_132,2,475.04,0.0
ITM_7411,ORD_13714,PRD_131,2,479.39,0.0
ITM_7412,ORD_13714,PRD_143,2,480.47,0.0
ITM_7413,ORD_13715,PRD_145,1,243.68,0.0
ITM_7414,ORD_13715,PRD_106,1,342.0,0.0
ITM_7415,ORD_13716,PRD_115,2,416.58,0.05
ITM_7416,ORD_13717,PRD_114,2,425.06,0.05
ITM_7417,ORD_13718,PRD_124,1,425.13,0.0
ITM_7418,ORD_13719,PRD_116,2,205.02,0.0
ITM_7419,ORD_13720,PRD_131,1,479.39,0.0
ITM_7420,ORD_13721,PRD_124,2,425.13,0.0
ITM_7421,ORD_13721,PRD_101,1,195.76,0.05
ITM_7422,ORD_13722,PRD_117,1,357.97,0.2
ITM_7423,ORD_13722,PRD_149,2,194.72,0.05
ITM_7424,ORD_13722,PRD_123,2,105.96,0.0
ITM_7425,ORD_13723,PRD_106,2,342.0,0.05
ITM_7426,ORD_13724,PRD_110,2,68.9,0.2
ITM_7427,ORD_13724,PRD_150,1,32.57,0.0
ITM_7428,ORD_13724,PRD_139,1,490.76,0.0
ITM_7429,ORD_13725,PRD_137,1,202.01,0.05
ITM_7430,ORD_13725,PRD_106,1,342.0,0.2
ITM_7431,ORD_13726,PRD_128,1,274.02,0.0
ITM_7432,ORD_13726,PRD_111,2,177.48,0.0
ITM_7433,ORD_13727,PRD_114,2,425.06,0.0
ITM_7434,ORD_13728,PRD_132,2,475.04,0.0
ITM_7435,ORD_13729,PRD_129,2,348.15,0.05
ITM_7436,ORD_13729,PRD_114,2,425.06,0.0
ITM_7437,ORD_13729,PRD_150,2,32.57,0.05
ITM_7438,ORD_13730,PRD_113,2,334.87,0.0
ITM_7439,ORD_13730,PRD_145,1,243.68,0.0
ITM_7440,ORD_13731,PRD_109,1,47.43,0.0
ITM_7441,ORD_13732,PRD_128,2,274.02,0.05
ITM_7442,ORD_13733,PRD_137,1,202.01,0.0
ITM_7443,ORD_13734,PRD_112,1,324.51,0.0
ITM_7444,ORD_13734,PRD_140,1,234.89,0.0
ITM_7445,ORD_13734,PRD_120,2,127.19,0.2
ITM_7446,ORD_13735,PRD_113,2,334.87,0.05
ITM_7447,ORD_13735,PRD_141,2,490.78,0.05
ITM_7448,ORD_13735,PRD_147,2,286.89,0.1
ITM_7449,ORD_13736,PRD_104,2,301.61,0.05
ITM_7450,ORD_13736,PRD_147,2,286.89,0.0
ITM_7451,ORD_13736,PRD_149,1,194.72,0.0
ITM_7452,ORD_13737,PRD_132,1,475.04,0.0
ITM_7453,ORD_13738,PRD_122,2,390.69,0.0
ITM_7454,ORD_13738,PRD_139,1,490.76,0.0
ITM_7455,ORD_13738,PRD_147,1,286.89,0.05
ITM_7456,ORD_13739,PRD_125,2,82.01,0.0
ITM_7457,ORD_13739,PRD_120,1,127.19,0.0
ITM_7458,ORD_13739,PRD_147,2,286.89,0.0
ITM_7459,ORD_13740,PRD_124,1,425.13,0.0
ITM_7460,ORD_13740,PRD_129,1,348.15,0.05
ITM_7461,ORD_13740,PRD_106,1,342.0,0.0
ITM_7462,ORD_13741,PRD_145,1,243.68,0.0
ITM_7463,ORD_13741,PRD_135,1,449.86,0.05
ITM_7464,ORD_13741,PRD_147,1,286.89,0.0
ITM_7465,ORD_13742,PRD_132,2,475.04,0.05
ITM_7466,ORD_13743,PRD_127,2,406.83,0.0
ITM_7467,ORD_13743,PRD_120,1,127.19,0.05
ITM_7468,ORD_13744,PRD_130,1,319.15,0.0
ITM_7469,ORD_13744,PRD_112,2,324.51,0.0
ITM_7470,ORD_13745,PRD_148,2,15.93,0.05
ITM_7471,ORD_13746,PRD_115,1,416.58,0.0
ITM_7472,ORD_13746,PRD_126,1,200.2,0.05
ITM_7473,ORD_13747,PRD_124,2,425.13,0.0
ITM_7474,ORD_13747,PRD_106,1,342.0,0.0
ITM_7475,ORD_13748,PRD_113,1,334.87,0.0
ITM_7476,ORD_13749,PRD_128,1,274.02,0.0
ITM_7477,ORD_13749,PRD_123,2,105.96,0.0
ITM_7478,ORD_13749,PRD_147,1,286.89,0.1
ITM_7479,ORD_13750,PRD_124,2,425.13,0.0
ITM_7480,ORD_13750,PRD_110,1,68.9,0.05
ITM_7481,ORD_13751,PRD_132,2,475.04,0.05
ITM_7482,ORD_13751,PRD_122,2,390.69,0.0
ITM_7483,ORD_13752,PRD_112,2,324.51,0.2
ITM_7484,ORD_13752,PRD_136,1,490.78,0.0
ITM_7485,ORD_13752,PRD_118,1,247.2,0.0
ITM_7486,ORD_13753,PRD_110,1,68.9,0.1
ITM_7487,ORD_13754,PRD_113,2,334.87,0.1
ITM_7488,ORD_13754,PRD_105,2,440.05,0.0
ITM_7489,ORD_13754,PRD_129,2,348.15,0.0
ITM_7490,ORD_13755,PRD_138,1,106.49,0.0
ITM_7491,ORD_13755,PRD_141,2,490.78,0.0
ITM_7492,ORD_13755,PRD_146,1,234.53,0.05
ITM_7493,ORD_13756,PRD_125,1,82.01,0.0
ITM_7494,ORD_13757,PRD_132,2,475.04,0.0
ITM_7495,ORD_13758,PRD_143,2,480.47,0.0
ITM_7496,ORD_13759,PRD_116,2,205.02,0.0
ITM_7497,ORD_13759,PRD_149,1,194.72,0.0
ITM_7498,ORD_13759,PRD_125,2,82.01,0.0
ITM_7499,ORD_13760,PRD_137,2,202.01,0.1
ITM_7500,ORD_13760,PRD_133,1,277.96,0.2
ITM_7501,ORD_13760,PRD_137,1,202.01,0.0
ITM_7502,ORD_13761,PRD_120,1,127.19,0.2
ITM_7503,ORD_13762,PRD_129,2,348.15,0.2
ITM_7504,ORD_13762,PRD_120,2,127.19,0.2
ITM_7505,ORD_13763,PRD_103,1,370.74,0.1
ITM_7506,ORD_13764,PRD_117,1,357.97,0.0
ITM_7507,ORD_13764,PRD_110,1,68.9,0.0
ITM_7508,ORD_13765,PRD_117,2,357.97,0.2
ITM_7509,ORD_13766,PRD_131,2,479.39,0.0
ITM_7510,ORD_13767,PRD_138,2,106.49,0.05
ITM_7511,ORD_13767,PRD_111,1,177.48,0.0
ITM_7512,ORD_13768,PRD_119,1,38.34,0.0
ITM_7513,ORD_13768,PRD_143,1,480.47,0.05
ITM_7514,ORD_13768,PRD_145,1,243.68,0.05
ITM_7515,ORD_13769,PRD_101,2,195.76,0.1
ITM_7516,ORD_13769,PRD_144,2,483.86,0.0
ITM_7517,ORD_13769,PRD_131,1,479.39,0.0
ITM_7518,ORD_13770,PRD_104,2,301.61,0.0
ITM_7519,ORD_13770,PRD_127,2,406.83,0.0
ITM_7520,ORD_13770,PRD_102,1,70.94,0.0
ITM_7521,ORD_13771,PRD_121,2,276.8,0.2
ITM_7522,ORD_13772,PRD_119,1,38.34,0.0
ITM_7523,ORD_13772,PRD_106,1,342.0,0.1
ITM_7524,ORD_13772,PRD_113,1,334.87,0.0
ITM_7525,ORD_13773,PRD_148,2,15.93,0.0
ITM_7526,ORD_13774,PRD_140,2,234.89,0.0
ITM_7527,ORD_13774,PRD_107,2,140.95,0.0
ITM_7528,ORD_13775,PRD_149,2,194.72,0.0
ITM_7529,ORD_13776,PRD_122,1,390.69,0.05
ITM_7530,ORD_13776,PRD_143,1,480.47,0.05
ITM_7531,ORD_13776,PRD_109,2,47.43,0.0
ITM_7532,ORD_13777,PRD_142,1,368.74,0.0
ITM_7533,ORD_13777,PRD_130,2,319.15,0.05
ITM_7534,ORD_13777,PRD_141,1,490.78,0.0
ITM_7535,ORD_13778,PRD_138,1,106.49,0.0
ITM_7536,ORD_13778,PRD_112,2,324.51,0.05
ITM_7537,ORD_13778,PRD_107,2,140.95,0.0
ITM_7538,ORD_13779,PRD_149,2,194.72,0.0
ITM_7539,ORD_13780,PRD_110,2,68.9,0.0
ITM_7540,ORD_13780,PRD_104,1,301.61,0.2
ITM_7541,ORD_13780,PRD_110,2,68.9,0.0
ITM_7542,ORD_13781,PRD_148,2,15.93,0.0
ITM_7543,ORD_13782,PRD_133,2,277.96,0.0
ITM_7544,ORD_13783,PRD_136,2,490.78,0.0
ITM_7545,ORD_13783,PRD_104,2,301.61,0.0
ITM_7546,ORD_13783,PRD_140,1,234.89,0.1
ITM_7547,ORD_13784,PRD_138,2,106.49,0.0
ITM_7548,ORD_13784,PRD_107,2,140.95,0.0
ITM_7549,ORD_13784,PRD_131,2,479.39,0.2
ITM_7550,ORD_13785,PRD_143,2,480.47,0.0
ITM_7551,ORD_13786,PRD_145,1,243.68,0.05
ITM_7552,ORD_13787,PRD_142,1,368.74,0.0
ITM_7553,ORD_13788,PRD_141,1,490.78,0.0
ITM_7554,ORD_13788,PRD_141,2,490.78,0.0
ITM_7555,ORD_13789,PRD_120,1,127.19,0.05
ITM_7556,ORD_13789,PRD_113,1,334.87,0.2
ITM_7557,ORD_13790,PRD_110,1,68.9,0.0
ITM_7558,ORD_13790,PRD_122,1,390.69,0.2
ITM_7559,ORD_13791,PRD_101,1,195.76,0.0
ITM_7560,ORD_13791,PRD_148,2,15.93,0.0
ITM_7561,ORD_13792,PRD_144,1,483.86,0.0
ITM_7562,ORD_13792,PRD_109,2,47.43,0.0
ITM_7563,ORD_13793,PRD_128,1,274.02,0.2
ITM_7564,ORD_13794,PRD_109,1,47.43,0.0
ITM_7565,ORD_13794,PRD_120,2,127.19,0.05
ITM_7566,ORD_13795,PRD_129,1,348.15,0.05
ITM_7567,ORD_13796,PRD_108,2,488.25,0.0
ITM_7568,ORD_13796,PRD_119,2,38.34,0.0
ITM_7569,ORD_13796,PRD_142,1,368.74,0.0
ITM_7570,ORD_13797,PRD_141,1,490.78,0.0
ITM_7571,ORD_13797,PRD_111,2,177.48,0.0
ITM_7572,ORD_13798,PRD_148,2,15.93,0.0
ITM_7573,ORD_13799,PRD_107,1,140.95,0.05
ITM_7574,ORD_13799,PRD_142,1,368.74,0.0
ITM_7575,ORD_13800,PRD_112,1,324.51,0.05
ITM_7576,ORD_13800,PRD_128,1,274.02,0.0
ITM_7577,ORD_13801,PRD_138,1,106.49,0.2
ITM_7578,ORD_13802,PRD_112,1,324.51,0.1
ITM_7579,ORD_13802,PRD_127,2,406.83,0.0
ITM_7580,ORD_13802,PRD_117,1,357.97,0.0
ITM_7581,ORD_13803,PRD_130,1,319.15,0.2
ITM_7582,ORD_13803,PRD_110,2,68.9,0.05
ITM_7583,ORD_13804,PRD_107,1,140.95,0.05
ITM_7584,ORD_13804,PRD_105,1,440.05,0.0
ITM_7585,ORD_13805,PRD_140,2,234.89,0.0
ITM_7586,ORD_13805,PRD_109,1,47.43,0.1
ITM_7587,ORD_13805,PRD_113,2,334.87,0.0
ITM_7588,ORD_13806,PRD_144,2,483.86,0.05
ITM_7589,ORD_13806,PRD_132,1,475.04,0.0
ITM_7590,ORD_13807,PRD_134,2,91.22,0.1
ITM_7591,ORD_13807,PRD_113,1,334.87,0.0
ITM_7592,ORD_13807,PRD_110,1,68.9,0.0
ITM_7593,ORD_13808,PRD_114,1,425.06,0.0
ITM_7594,ORD_13808,PRD_141,2,490.78,0.0
ITM_7595,ORD_13809,PRD_102,1,70.94,0.0
ITM_7596,ORD_13809,PRD_124,1,425.13,0.2
ITM_7597,ORD_13809,PRD_115,2,416.58,0.1
ITM_7598,ORD_13810,PRD_140,2,234.89,0.05
ITM_7599,ORD_13811,PRD_138,2,106.49,0.2
ITM_7600,ORD_13812,PRD_115,1,416.58,0.0
ITM_7601,ORD_13813,PRD_135,2,449.86,0.0
ITM_7602,ORD_13814,PRD_101,2,195.76,0.1
ITM_7603,ORD_13815,PRD_127,1,406.83,0.0
ITM_7604,ORD_13815,PRD_121,2,276.8,0.0
ITM_7605,ORD_13815,PRD_137,1,202.01,0.0
ITM_7606,ORD_13816,PRD_136,1,490.78,0.2
ITM_7607,ORD_13816,PRD_132,2,475.04,0.0
ITM_7608,ORD_13816,PRD_111,2,177.48,0.0
ITM_7609,ORD_13817,PRD_141,2,490.78,0.0
ITM_7610,ORD_13817,PRD_147,1,286.89,0.0
ITM_7611,ORD_13817,PRD_120,1,127.19,0.05
ITM_7612,ORD_13818,PRD_126,1,200.2,0.1
ITM_7613,ORD_13819,PRD_117,2,357.97,0.0
ITM_7614,ORD_13819,PRD_103,2,370.74,0.1
ITM_7615,ORD_13819,PRD_146,2,234.53,0.2
ITM_7616,ORD_13820,PRD_107,2,140.95,0.0
ITM_7617,ORD_13820,PRD_121,1,276.8,0.05
ITM_7618,ORD_13821,PRD_131,1,479.39,0.05
ITM_7619,ORD_13822,PRD_126,1,200.2,0.0
ITM_7620,ORD_13822,PRD_141,2,490.78,0.0
ITM_7621,ORD_13823,PRD_131,1,479.39,0.0
ITM_7622,ORD_13823,PRD_114,1,425.06,0.2
ITM_7623,ORD_13824,PRD_105,1,440.05,0.05
ITM_7624,ORD_13824,PRD_107,2,140.95,0.1
ITM_7625,ORD_13824,PRD_121,2,276.8,0.0
ITM_7626,ORD_13825,PRD_141,1,490.78,0.05
ITM_7627,ORD_13825,PRD_112,1,324.51,0.0
ITM_7628,ORD_13825,PRD_134,1,91.22,0.0
ITM_7629,ORD_13826,PRD_130,2,319.15,0.0
ITM_7630,ORD_13827,PRD_103,1,370.74,0.0
ITM_7631,ORD_13827,PRD_118,2,247.2,0.1
ITM_7632,ORD_13827,PRD_128,1,274.02,0.0
ITM_7633,ORD_13828,PRD_112,1,324.51,0.05
ITM_7634,ORD_13828,PRD_139,1,490.76,0.0
ITM_7635,ORD_13829,PRD_150,2,32.57,0.0
ITM_7636,ORD_13829,PRD_149,2,194.72,0.05
ITM_7637,ORD_13829,PRD_120,1,127.19,0.0
ITM_7638,ORD_13830,PRD_121,2,276.8,0.2
ITM_7639,ORD_13830,PRD_115,1,416.58,0.05
ITM_7640,ORD_13831,PRD_114,2,425.06,0.0
ITM_7641,ORD_13832,PRD_107,2,140.95,0.0
ITM_7642,ORD_13833,PRD_128,1,274.02,0.1
ITM_7643,ORD_13834,PRD_119,2,38.34,0.0
ITM_7644,ORD_13834,PRD_147,1,286.89,0.2
ITM_7645,ORD_13834,PRD_128,1,274.02,0.0
ITM_7646,ORD_13835,PRD_121,2,276.8,0.05
ITM_7647,ORD_13835,PRD_115,1,416.58,0.05
ITM_7648,ORD_13836,PRD_107,1,140.95,0.05
ITM_7649,ORD_13836,PRD_113,1,334.87,0.05
ITM_7650,ORD_13836,PRD_103,2,370.74,0.2
ITM_7651,ORD_13837,PRD_127,1,406.83,0.05
ITM_7652,ORD_13838,PRD_148,2,15.93,0.0
ITM_7653,ORD_13839,PRD_143,1,480.47,0.0
ITM_7654,ORD_13839,PRD_140,1,234.89,0.0
ITM_7655,ORD_13840,PRD_132,1,475.04,0.05
ITM_7656,ORD_13840,PRD_107,2,140.95,0.0
ITM_7657,ORD_13841,PRD_148,1,15.93,0.0
ITM_7658,ORD_13841,PRD_111,2,177.48,0.0
ITM_7659,ORD_13841,PRD_103,1,370.74,0.1
ITM_7660,ORD_13842,PRD_130,1,319.15,0.2
ITM_7661,ORD_13842,PRD_118,2,247.2,0.05
ITM_7662,ORD_13842,PRD_113,1,334.87,0.05
ITM_7663,ORD_13843,PRD_112,1,324.51,0.2
ITM_7664,ORD_13843,PRD_116,2,205.02,0.0
ITM_7665,ORD_13843,PRD_122,2,390.69,0.2
ITM_7666,ORD_13844,PRD_146,2,234.53,0.0
ITM_7667,ORD_13844,PRD_125,2,82.01,0.1
ITM_7668,ORD_13845,PRD_102,2,70.94,0.05
ITM_7669,ORD_13845,PRD_145,2,243.68,0.0
ITM_7670,ORD_13845,PRD_136,1,490.78,0.0
ITM_7671,ORD_13846,PRD_106,1,342.0,0.0
ITM_7672,ORD_13847,PRD_120,1,127.19,0.0
ITM_7673,ORD_13847,PRD_140,2,234.89,0.0
ITM_7674,ORD_13848,PRD_130,2,319.15,0.05
ITM_7675,ORD_13849,PRD_125,1,82.01,0.0
ITM_7676,ORD_13849,PRD_106,2,342.0,0.0
ITM_7677,ORD_13850,PRD_136,2,490.78,0.0
ITM_7678,ORD_13851,PRD_144,2,483.86,0.0
ITM_7679,ORD_13851,PRD_138,2,106.49,0.05
ITM_7680,ORD_13851,PRD_120,1,127.19,0.0
ITM_7681,ORD_13852,PRD_115,1,416.58,0.05
ITM_7682,ORD_13852,PRD_105,1,440.05,0.1
ITM_7683,ORD_13852,PRD_111,1,177.48,0.0
ITM_7684,ORD_13853,PRD_101,1,195.76,0.2
ITM_7685,ORD_13853,PRD_131,2,479.39,0.0
ITM_7686,ORD_13854,PRD_143,1,480.47,0.0
ITM_7687,ORD_13854,PRD_110,1,68.9,0.1
ITM_7688,ORD_13855,PRD_137,2,202.01,0.05
ITM_7689,ORD_13855,PRD_149,1,194.72,0.0
ITM_7690,ORD_13856,PRD_143,2,480.47,0.1
ITM_7691,ORD_13856,PRD_102,1,70.94,0.0
ITM_7692,ORD_13856,PRD_102,1,70.94,0.2
ITM_7693,ORD_13857,PRD_150,2,32.57,0.0
ITM_7694,ORD_13858,PRD_149,1,194.72,0.0
ITM_7695,ORD_13858,PRD_113,2,334.87,0.2
ITM_7696,ORD_13858,PRD_123,1,105.96,0.05
ITM_7697,ORD_13859,PRD_102,1,70.94,0.0
ITM_7698,ORD_13859,PRD_149,2,194.72,0.0
ITM_7699,ORD_13859,PRD_136,1,490.78,0.0
ITM_7700,ORD_13860,PRD_104,2,301.61,0.0
ITM_7701,ORD_13860,PRD_150,2,32.57,0.0
ITM_7702,ORD_13861,PRD_115,1,416.58,0.0
ITM_7703,ORD_13862,PRD_140,1,234.89,0.0
ITM_7704,ORD_13863,PRD_150,1,32.57,0.0
ITM_7705,ORD_13863,PRD_121,1,276.8,0.0
ITM_7706,ORD_13864,PRD_112,2,324.51,0.0
ITM_7707,ORD_13864,PRD_124,2,425.13,0.0
ITM_7708,ORD_13865,PRD_101,2,195.76,0.0
ITM_7709,ORD_13865,PRD_101,2,195.76,0.0
ITM_7710,ORD_13866,PRD_108,2,488.25,0.0
ITM_7711,ORD_13866,PRD_111,1,177.48,0.0
ITM_7712,ORD_13867,PRD_110,1,68.9,0.1
ITM_7713,ORD_13868,PRD_125,1,82.01,0.0
ITM_7714,ORD_13868,PRD_114,2,425.06,0.0
ITM_7715,ORD_13869,PRD_132,1,475.04,0.0
ITM_7716,ORD_13869,PRD_146,2,234.53,0.2
ITM_7717,ORD_13869,PRD_150,1,32.57,0.0
ITM_7718,ORD_13870,PRD_112,1,324.51,0.0
ITM_7719,ORD_13870,PRD_130,1,319.15,0.1
ITM_7720,ORD_13871,PRD_123,2,105.96,0.05
ITM_7721,ORD_13871,PRD_144,2,483.86,0.0
ITM_7722,ORD_13872,PRD_133,1,277.96,0.0
ITM_7723,ORD_13873,PRD_119,2,38.34,0.0
ITM_7724,ORD_13874,PRD_138,2,106.49,0.05
ITM_7725,ORD_13874,PRD_101,2,195.76,0.1
ITM_7726,ORD_13874,PRD_125,1,82.01,0.0
ITM_7727,ORD_13875,PRD_124,2,425.13,0.0
ITM_7728,ORD_13875,PRD_110,1,68.9,0.2
ITM_7729,ORD_13875,PRD_130,1,319.15,0.0
ITM_7730,ORD_13876,PRD_131,1,479.39,0.1
ITM_7731,ORD_13876,PRD_104,2,301.61,0.0
ITM_7732,ORD_13877,PRD_117,1,357.97,0.05
ITM_7733,ORD_13877,PRD_143,2,480.47,0.0
ITM_7734,ORD_13878,PRD_106,2,342.0,0.05
ITM_7735,ORD_13879,PRD_106,2,342.0,0.05
ITM_7736,ORD_13879,PRD_108,1,488.25,0.05
ITM_7737,ORD_13879,PRD_121,2,276.8,0.2
ITM_7738,ORD_13880,PRD_117,2,357.97,0.0
ITM_7739,ORD_13880,PRD_123,2,105.96,0.1
ITM_7740,ORD_13880,PRD_113,1,334.87,0.2
ITM_7741,ORD_13881,PRD_140,2,234.89,0.05
ITM_7742,ORD_13881,PRD_102,1,70.94,0.0
ITM_7743,ORD_13882,PRD_104,1,301.61,0.0
ITM_7744,ORD_13882,PRD_120,1,127.19,0.05
ITM_7745,ORD_13882,PRD_114,2,425.06,0.05
ITM_7746,ORD_13883,PRD_120,1,127.19,0.05
ITM_7747,ORD_13884,PRD_111,1,177.48,0.05
ITM_7748,ORD_13884,PRD_131,2,479.39,0.05
ITM_7749,ORD_13885,PRD_147,2,286.89,0.0
ITM_7750,ORD_13885,PRD_146,1,234.53,0.1
ITM_7751,ORD_13886,PRD_104,1,301.61,0.05
ITM_7752,ORD_13887,PRD_135,2,449.86,0.2
ITM_7753,ORD_13887,PRD_142,2,368.74,0.0
ITM_7754,ORD_13887,PRD_130,2,319.15,0.05
ITM_7755,ORD_13888,PRD_116,1,205.02,0.1
ITM_7756,ORD_13889,PRD_121,1,276.8,0.05
ITM_7757,ORD_13889,PRD_130,2,319.15,0.0
ITM_7758,ORD_13890,PRD_114,1,425.06,0.05
ITM_7759,ORD_13890,PRD_141,2,490.78,0.0
ITM_7760,ORD_13890,PRD_120,2,127.19,0.0
ITM_7761,ORD_13891,PRD_127,1,406.83,0.2
ITM_7762,ORD_13892,PRD_119,1,38.34,0.2
ITM_7763,ORD_13892,PRD_140,2,234.89,0.0
ITM_7764,ORD_13892,PRD_111,2,177.48,0.0
ITM_7765,ORD_13893,PRD_108,2,488.25,0.05
ITM_7766,ORD_13894,PRD_148,2,15.93,0.2
ITM_7767,ORD_13894,PRD_141,2,490.78,0.1
ITM_7768,ORD_13894,PRD_118,1,247.2,0.0
ITM_7769,ORD_13895,PRD_134,2,91.22,0.0
ITM_7770,ORD_13896,PRD_139,1,490.76,0.05
ITM_7771,ORD_13896,PRD_121,1,276.8,0.0
ITM_7772,ORD_13897,PRD_128,1,274.02,0.0
ITM_7773,ORD_13897,PRD_115,1,416.58,0.05
ITM_7774,ORD_13898,PRD_115,1,416.58,0.0
ITM_7775,ORD_13899,PRD_132,2,475.04,0.05
ITM_7776,ORD_13899,PRD_122,2,390.69,0.0
ITM_7777,ORD_13900,PRD_147,1,286.89,0.05
ITM_7778,ORD_13901,PRD_142,1,368.74,0.0
ITM_7779,ORD_13901,PRD_144,2,483.86,0.0
ITM_7780,ORD_13901,PRD_125,2,82.01,0.05
ITM_7781,ORD_13902,PRD_121,2,276.8,0.05
ITM_7782,ORD_13902,PRD_128,2,274.02,0.0
ITM_7783,ORD_13902,PRD_109,1,47.43,0.0
ITM_7784,ORD_13903,PRD_117,2,357.97,0.0
ITM_7785,ORD_13903,PRD_134,1,91.22,0.1
ITM_7786,ORD_13904,PRD_138,2,106.49,0.05
ITM_7787,ORD_13905,PRD_121,2,276.8,0.05
ITM_7788,ORD_13906,PRD_118,2,247.2,0.0
ITM_7789,ORD_13906,PRD_138,2,106.49,0.0
ITM_7790,ORD_13906,PRD_116,2,205.02,0.0
ITM_7791,ORD_13907,PRD_119,1,38.34,0.0
ITM_7792,ORD_13908,PRD_130,1,319.15,0.0
ITM_7793,ORD_13908,PRD_108,2,488.25,0.0
ITM_7794,ORD_13908,PRD_139,2,490.76,0.0
ITM_7795,ORD_13909,PRD_141,1,490.78,0.0
ITM_7796,ORD_13909,PRD_126,2,200.2,0.0
ITM_7797,ORD_13909,PRD_136,2,490.78,0.2
ITM_7798,ORD_13910,PRD_110,1,68.9,0.05
ITM_7799,ORD_13911,PRD_131,2,479.39,0.0
ITM_7800,ORD_13912,PRD_136,2,490.78,0.0
ITM_7801,ORD_13913,PRD_144,2,483.86,0.0
ITM_7802,ORD_13913,PRD_104,2,301.61,0.0
ITM_7803,ORD_13914,PRD_139,1,490.76,0.05
ITM_7804,ORD_13915,PRD_138,1,106.49,0.0
ITM_7805,ORD_13916,PRD_126,2,200.2,0.1
ITM_7806,ORD_13916,PRD_149,2,194.72,0.0
ITM_7807,ORD_13916,PRD_115,2,416.58,0.1
ITM_7808,ORD_13917,PRD_114,1,425.06,0.05
ITM_7809,ORD_13918,PRD_113,2,334.87,0.2
ITM_7810,ORD_13919,PRD_148,1,15.93,0.0
ITM_7811,ORD_13920,PRD_135,1,449.86,0.1
ITM_7812,ORD_13921,PRD_144,1,483.86,0.0
ITM_7813,ORD_13922,PRD_111,2,177.48,0.0
ITM_7814,ORD_13922,PRD_145,1,243.68,0.2
ITM_7815,ORD_13922,PRD_115,2,416.58,0.2
ITM_7816,ORD_13923,PRD_113,2,334.87,0.0
ITM_7817,ORD_13923,PRD_110,1,68.9,0.05
ITM_7818,ORD_13923,PRD_119,1,38.34,0.05
ITM_7819,ORD_13924,PRD_119,1,38.34,0.05
ITM_7820,ORD_13925,PRD_118,1,247.2,0.0
ITM_7821,ORD_13925,PRD_119,1,38.34,0.0
ITM_7822,ORD_13926,PRD_113,2,334.87,0.05
ITM_7823,ORD_13926,PRD_149,2,194.72,0.2
ITM_7824,ORD_13926,PRD_142,1,368.74,0.0
ITM_7825,ORD_13927,PRD_119,1,38.34,0.05
ITM_7826,ORD_13927,PRD_147,1,286.89,0.0
ITM_7827,ORD_13927,PRD_130,2,319.15,0.0
ITM_7828,ORD_13928,PRD_137,2,202.01,0.05
ITM_7829,ORD_13928,PRD_150,1,32.57,0.0
ITM_7830,ORD_13928,PRD_146,1,234.53,0.1
ITM_7831,ORD_13929,PRD_144,2,483.86,0.2
ITM_7832,ORD_13929,PRD_147,1,286.89,0.0
ITM_7833,ORD_13929,PRD_111,2,177.48,0.0
ITM_7834,ORD_13930,PRD_112,1,324.51,0.0
ITM_7835,ORD_13931,PRD_132,2,475.04,0.05
ITM_7836,ORD_13932,PRD_147,2,286.89,0.0
ITM_7837,ORD_13933,PRD_101,2,195.76,0.0
ITM_7838,ORD_13934,PRD_114,1,425.06,0.05
ITM_7839,ORD_13935,PRD_145,2,243.68,0.0
ITM_7840,ORD_13935,PRD_118,2,247.2,0.0
ITM_7841,ORD_13936,PRD_132,2,475.04,0.0
ITM_7842,ORD_13937,PRD_135,2,449.86,0.0
ITM_7843,ORD_13937,PRD_137,2,202.01,0.2
ITM_7844,ORD_13938,PRD_111,1,177.48,0.0
ITM_7845,ORD_13938,PRD_111,1,177.48,0.05
ITM_7846,ORD_13939,PRD_103,1,370.74,0.0
ITM_7847,ORD_13940,PRD_129,1,348.15,0.0
ITM_7848,ORD_13940,PRD_128,2,274.02,0.1
ITM_7849,ORD_13940,PRD_136,2,490.78,0.0
ITM_7850,ORD_13941,PRD_125,2,82.01,0.0
ITM_7851,ORD_13941,PRD_129,2,348.15,0.0
ITM_7852,ORD_13942,PRD_126,2,200.2,0.0
ITM_7853,ORD_13943,PRD_111,2,177.48,0.0
ITM_7854,ORD_13943,PRD_105,2,440.05,0.0
ITM_7855,ORD_13943,PRD_141,2,490.78,0.0
ITM_7856,ORD_13944,PRD_148,1,15.93,0.0
ITM_7857,ORD_13945,PRD_136,1,490.78,0.0
ITM_7858,ORD_13946,PRD_103,1,370.74,0.05
ITM_7859,ORD_13946,PRD_135,1,449.86,0.0
ITM_7860,ORD_13946,PRD_105,2,440.05,0.05
ITM_7861,ORD_13947,PRD_118,2,247.2,0.05
ITM_7862,ORD_13948,PRD_148,2,15.93,0.0
ITM_7863,ORD_13949,PRD_113,2,334.87,0.05
ITM_7864,ORD_13949,PRD_101,1,195.76,0.0
ITM_7865,ORD_13950,PRD_134,2,91.22,0.0
ITM_7866,ORD_13950,PRD_105,1,440.05,0.05
ITM_7867,ORD_13950,PRD_125,2,82.01,0.0
ITM_7868,ORD_13951,PRD_128,2,274.02,0.0
ITM_7869,ORD_13951,PRD_131,1,479.39,0.0
ITM_7870,ORD_13951,PRD_148,2,15.93,0.2
ITM_7871,ORD_13952,PRD_126,1,200.2,0.1
ITM_7872,ORD_13952,PRD_142,1,368.74,0.0
ITM_7873,ORD_13953,PRD_134,2,91.22,0.0
ITM_7874,ORD_13954,PRD_149,2,194.72,0.05
ITM_7875,ORD_13954,PRD_106,1,342.0,0.0
ITM_7876,ORD_13954,PRD_149,2,194.72,0.2
ITM_7877,ORD_13955,PRD_111,2,177.48,0.2
ITM_7878,ORD_13955,PRD_111,2,177.48,0.0
ITM_7879,ORD_13956,PRD_123,1,105.96,0.05
ITM_7880,ORD_13956,PRD_127,1,406.83,0.0
ITM_7881,ORD_13956,PRD_106,2,342.0,0.0
ITM_7882,ORD_13957,PRD_120,1,127.19,0.0
ITM_7883,ORD_13957,PRD_141,2,490.78,0.0
ITM_7884,ORD_13958,PRD_150,2,32.57,0.0
ITM_7885,ORD_13958,PRD_120,2,127.19,0.1
ITM_7886,ORD_13959,PRD_115,2,416.58,0.0
ITM_7887,ORD_13960,PRD_123,2,105.96,0.0
ITM_7888,ORD_13961,PRD_120,1,127.19,0.0
ITM_7889,ORD_13961,PRD_121,2,276.8,0.0
ITM_7890,ORD_13961,PRD_104,2,301.61,0.0
ITM_7891,ORD_13962,PRD_112,2,324.51,0.2
ITM_7892,ORD_13963,PRD_125,2,82.01,0.0
ITM_7893,ORD_13963,PRD_144,2,483.86,0.05
ITM_7894,ORD_13963,PRD_111,1,177.48,0.0
ITM_7895,ORD_13964,PRD_107,2,140.95,0.0
ITM_7896,ORD_13964,PRD_107,1,140.95,0.0
ITM_7897,ORD_13964,PRD_131,2,479.39,0.0
ITM_7898,ORD_13965,PRD_150,1,32.57,0.0
ITM_7899,ORD_13966,PRD_133,1,277.96,0.1
ITM_7900,ORD_13966,PRD_125,2,82.01,0.0
ITM_7901,ORD_13967,PRD_138,1,106.49,0.0
ITM_7902,ORD_13968,PRD_126,2,200.2,0.1
ITM_7903,ORD_13968,PRD_130,2,319.15,0.2
ITM_7904,ORD_13969,PRD_103,2,370.74,0.0
ITM_7905,ORD_13969,PRD_128,1,274.02,0.1
ITM_7906,ORD_13970,PRD_110,1,68.9,0.1
ITM_7907,ORD_13971,PRD_116,2,205.02,0.1
ITM_7908,ORD_13972,PRD_136,2,490.78,0.2
ITM_7909,ORD_13972,PRD_135,1,449.86,0.0
ITM_7910,ORD_13972,PRD_102,2,70.94,0.0
ITM_7911,ORD_13973,PRD_120,1,127.19,0.0
ITM_7912,ORD_13973,PRD_127,2,406.83,0.0
ITM_7913,ORD_13974,PRD_123,1,105.96,0.0
ITM_7914,ORD_13974,PRD_119,1,38.34,0.1
ITM_7915,ORD_13975,PRD_126,2,200.2,0.1
ITM_7916,ORD_13975,PRD_133,1,277.96,0.0
ITM_7917,ORD_13976,PRD_149,1,194.72,0.0
ITM_7918,ORD_13976,PRD_139,1,490.76,0.1
ITM_7919,ORD_13977,PRD_131,2,479.39,0.1
ITM_7920,ORD_13978,PRD_147,2,286.89,0.0
ITM_7921,ORD_13978,PRD_112,1,324.51,0.05
ITM_7922,ORD_13979,PRD_120,1,127.19,0.0
ITM_7923,ORD_13979,PRD_132,2,475.04,0.1
ITM_7924,ORD_13979,PRD_144,2,483.86,0.0
ITM_7925,ORD_13980,PRD_106,2,342.0,0.0
ITM_7926,ORD_13980,PRD_131,1,479.39,0.0
ITM_7927,ORD_13981,PRD_131,1,479.39,0.2
ITM_7928,ORD_13981,PRD_146,2,234.53,0.1
ITM_7929,ORD_13982,PRD_110,2,68.9,0.05
ITM_7930,ORD_13983,PRD_110,2,68.9,0.05
ITM_7931,ORD_13983,PRD_128,2,274.02,0.0
ITM_7932,ORD_13983,PRD_129,1,348.15,0.1
ITM_7933,ORD_13984,PRD_124,2,425.13,0.05
ITM_7934,ORD_13984,PRD_150,1,32.57,0.0
ITM_7935,ORD_13985,PRD_149,1,194.72,0.0
ITM_7936,ORD_13986,PRD_111,1,177.48,0.0
ITM_7937,ORD_13987,PRD_131,1,479.39,0.0
ITM_7938,ORD_13988,PRD_130,2,319.15,0.0
ITM_7939,ORD_13989,PRD_142,2,368.74,0.05
ITM_7940,ORD_13989,PRD_111,1,177.48,0.0
ITM_7941,ORD_13989,PRD_132,2,475.04,0.1
ITM_7942,ORD_13990,PRD_142,1,368.74,0.05
ITM_7943,ORD_13990,PRD_132,2,475.04,0.05
ITM_7944,ORD_13991,PRD_129,2,348.15,0.1
ITM_7945,ORD_13992,PRD_118,1,247.2,0.05
ITM_7946,ORD_13992,PRD_120,1,127.19,0.05
ITM_7947,ORD_13992,PRD_145,2,243.68,0.0
ITM_7948,ORD_13993,PRD_116,2,205.02,0.0
ITM_7949,ORD_13993,PRD_104,1,301.61,0.0
ITM_7950,ORD_13993,PRD_149,1,194.72,0.05
ITM_7951,ORD_13994,PRD_114,2,425.06,0.2
ITM_7952,ORD_13995,PRD_109,2,47.43,0.0
ITM_7953,ORD_13996,PRD_124,2,425.13,0.0
ITM_7954,ORD_13996,PRD_101,1,195.76,0.05
ITM_7955,ORD_13996,PRD_134,2,91.22,0.0
ITM_7956,ORD_13997,PRD_122,1,390.69,0.1
ITM_7957,ORD_13997,PRD_123,2,105.96,0.0
ITM_7958,ORD_13998,PRD_147,1,286.89,0.0
ITM_7959,ORD_13998,PRD_129,1,348.15,0.05
ITM_7960,ORD_13999,PRD_131,2,479.39,0.0
ITM_7961,ORD_13999,PRD_129,1,348.15,0.05
ITM_7962,ORD_14000,PRD_118,1,247.2,0.05
ITM_7963,ORD_14001,PRD_138,2,106.49,0.0
ITM_7964,ORD_14001,PRD_115,2,416.58,0.0
ITM_7965,ORD_14001,PRD_103,1,370.74,0.0
ITM_7966,ORD_14002,PRD_114,2,425.06,0.0
ITM_7967,ORD_14002,PRD_128,1,274.02,0.2
ITM_7968,ORD_14003,PRD_121,2,276.8,0.0
ITM_7969,ORD_14004,PRD_112,1,324.51,0.2
ITM_7970,ORD_14005,PRD_107,1,140.95,0.05
ITM_7971,ORD_14006,PRD_145,2,243.68,0.2
ITM_7972,ORD_14006,PRD_132,2,475.04,0.0
ITM_7973,ORD_14007,PRD_119,1,38.34,0.0
ITM_7974,ORD_14007,PRD_105,2,440.05,0.0
ITM_7975,ORD_14008,PRD_135,1,449.86,0.1
ITM_7976,ORD_14009,PRD_107,1,140.95,0.0
ITM_7977,ORD_14009,PRD_150,1,32.57,0.0
ITM_7978,ORD_14009,PRD_130,1,319.15,0.0
ITM_7979,ORD_14010,PRD_145,2,243.68,0.0
ITM_7980,ORD_14010,PRD_150,1,32.57,0.0
ITM_7981,ORD_14010,PRD_114,2,425.06,0.0
ITM_7982,ORD_14011,PRD_114,2,425.06,0.0
ITM_7983,ORD_14012,PRD_146,1,234.53,0.05
ITM_7984,ORD_14013,PRD_130,2,319.15,0.0
ITM_7985,ORD_14014,PRD_112,1,324.51,0.0
ITM_7986,ORD_14015,PRD_124,2,425.13,0.0
ITM_7987,ORD_14015,PRD_145,2,243.68,0.1
ITM_7988,ORD_14016,PRD_140,1,234.89,0.0
ITM_7989,ORD_14016,PRD_125,2,82.01,0.0
ITM_7990,ORD_14016,PRD_127,2,406.83,0.0
ITM_7991,ORD_14017,PRD_121,1,276.8,0.1
ITM_7992,ORD_14017,PRD_119,2,38.34,0.0
ITM_7993,ORD_14018,PRD_146,1,234.53,0.2
ITM_7994,ORD_14018,PRD_122,1,390.69,0.05
ITM_7995,ORD_14019,PRD_117,1,357.97,0.0
ITM_7996,ORD_14020,PRD_120,1,127.19,0.0
ITM_7997,ORD_14021,PRD_111,2,177.48,0.0
ITM_7998,ORD_14021,PRD_108,1,488.25,0.0
ITM_7999,ORD_14021,PRD_130,2,319.15,0.0
ITM_8000,ORD_14022,PRD_126,1,200.2,0.1
ITM_8001,ORD_14022,PRD_145,2,243.68,0.0
ITM_8002,ORD_14022,PRD_149,2,194.72,0.0
ITM_8003,ORD_14023,PRD_113,1,334.87,0.2
ITM_8004,ORD_14023,PRD_146,2,234.53,0.0
ITM_8005,ORD_14024,PRD_136,2,490.78,0.0
ITM_8006,ORD_14024,PRD_136,1,490.78,0.0
ITM_8007,ORD_14025,PRD_136,2,490.78,0.05
ITM_8008,ORD_14025,PRD_116,1,205.02,0.0
ITM_8009,ORD_14025,PRD_102,1,70.94,0.05
ITM_8010,ORD_14026,PRD_126,2,200.2,0.0
ITM_8011,ORD_14026,PRD_134,1,91.22,0.0
ITM_8012,ORD_14026,PRD_107,1,140.95,0.2
ITM_8013,ORD_14027,PRD_137,1,202.01,0.0
ITM_8014,ORD_14028,PRD_141,2,490.78,0.0
ITM_8015,ORD_14028,PRD_140,1,234.89,0.1
ITM_8016,ORD_14028,PRD_131,2,479.39,0.0
ITM_8017,ORD_14029,PRD_118,2,247.2,0.0
ITM_8018,ORD_14029,PRD_119,2,38.34,0.0
ITM_8019,ORD_14030,PRD_113,2,334.87,0.0
ITM_8020,ORD_14030,PRD_106,2,342.0,0.0
ITM_8021,ORD_14031,PRD_112,1,324.51,0.05
ITM_8022,ORD_14031,PRD_102,1,70.94,0.0
ITM_8023,ORD_14031,PRD_115,2,416.58,0.0
ITM_8024,ORD_14032,PRD_106,1,342.0,0.0
ITM_8025,ORD_14032,PRD_123,1,105.96,0.0
ITM_8026,ORD_14032,PRD_147,1,286.89,0.0
ITM_8027,ORD_14033,PRD_117,1,357.97,0.0
ITM_8028,ORD_14033,PRD_114,1,425.06,0.0
ITM_8029,ORD_14033,PRD_137,2,202.01,0.2
ITM_8030,ORD_14034,PRD_115,2,416.58,0.0
ITM_8031,ORD_14034,PRD_144,2,483.86,0.0
ITM_8032,ORD_14035,PRD_150,1,32.57,0.0
ITM_8033,ORD_14035,PRD_134,2,91.22,0.2
ITM_8034,ORD_14035,PRD_138,1,106.49,0.05
ITM_8035,ORD_14036,PRD_115,2,416.58,0.0
ITM_8036,ORD_14037,PRD_134,2,91.22,0.05
ITM_8037,ORD_14037,PRD_110,1,68.9,0.0
ITM_8038,ORD_14037,PRD_148,1,15.93,0.0
ITM_8039,ORD_14038,PRD_131,2,479.39,0.0
ITM_8040,ORD_14038,PRD_119,1,38.34,0.0
ITM_8041,ORD_14039,PRD_126,2,200.2,0.0
ITM_8042,ORD_14040,PRD_130,2,319.15,0.0
ITM_8043,ORD_14041,PRD_146,1,234.53,0.0
ITM_8044,ORD_14041,PRD_110,1,68.9,0.0
ITM_8045,ORD_14041,PRD_129,1,348.15,0.0
ITM_8046,ORD_14042,PRD_104,2,301.61,0.0
ITM_8047,ORD_14042,PRD_111,1,177.48,0.05
ITM_8048,ORD_14043,PRD_122,1,390.69,0.05
ITM_8049,ORD_14043,PRD_113,1,334.87,0.0
ITM_8050,ORD_14043,PRD_120,1,127.19,0.2
ITM_8051,ORD_14044,PRD_110,1,68.9,0.0
ITM_8052,ORD_14044,PRD_134,1,91.22,0.0
ITM_8053,ORD_14045,PRD_135,2,449.86,0.0
ITM_8054,ORD_14045,PRD_105,1,440.05,0.2
ITM_8055,ORD_14046,PRD_105,1,440.05,0.0
ITM_8056,ORD_14046,PRD_102,2,70.94,0.0
ITM_8057,ORD_14047,PRD_126,2,200.2,0.2
ITM_8058,ORD_14048,PRD_124,2,425.13,0.0
ITM_8059,ORD_14048,PRD_141,2,490.78,0.05
ITM_8060,ORD_14049,PRD_113,1,334.87,0.0
ITM_8061,ORD_14049,PRD_141,2,490.78,0.0
ITM_8062,ORD_14049,PRD_146,2,234.53,0.1
ITM_8063,ORD_14050,PRD_105,1,440.05,0.0
ITM_8064,ORD_14050,PRD_117,2,357.97,0.0
ITM_8065,ORD_14051,PRD_150,2,32.57,0.05
ITM_8066,ORD_14051,PRD_129,1,348.15,0.0
ITM_8067,ORD_14051,PRD_132,1,475.04,0.0
ITM_8068,ORD_14052,PRD_149,2,194.72,0.0
ITM_8069,ORD_14052,PRD_128,2,274.02,0.0
ITM_8070,ORD_14052,PRD_130,2,319.15,0.1
ITM_8071,ORD_14053,PRD_136,1,490.78,0.0
ITM_8072,ORD_14053,PRD_103,2,370.74,0.0
ITM_8073,ORD_14053,PRD_125,2,82.01,0.0
ITM_8074,ORD_14054,PRD_102,1,70.94,0.2
ITM_8075,ORD_14054,PRD_138,2,106.49,0.1
ITM_8076,ORD_14054,PRD_122,1,390.69,0.0
ITM_8077,ORD_14055,PRD_117,2,357.97,0.0
ITM_8078,ORD_14055,PRD_101,2,195.76,0.0
ITM_8079,ORD_14056,PRD_149,1,194.72,0.0
ITM_8080,ORD_14057,PRD_140,1,234.89,0.0
ITM_8081,ORD_14057,PRD_133,2,277.96,0.0
ITM_8082,ORD_14057,PRD_150,2,32.57,0.0
ITM_8083,ORD_14058,PRD_123,2,105.96,0.0
ITM_8084,ORD_14058,PRD_136,2,490.78,0.0
ITM_8085,ORD_14058,PRD_138,2,106.49,0.0
ITM_8086,ORD_14059,PRD_102,2,70.94,0.05
ITM_8087,ORD_14060,PRD_107,2,140.95,0.05
ITM_8088,ORD_14060,PRD_133,1,277.96,0.0
ITM_8089,ORD_14060,PRD_111,2,177.48,0.2
ITM_8090,ORD_14061,PRD_139,1,490.76,0.0
ITM_8091,ORD_14061,PRD_105,1,440.05,0.0
ITM_8092,ORD_14061,PRD_144,2,483.86,0.0
ITM_8093,ORD_14062,PRD_134,1,91.22,0.0
ITM_8094,ORD_14063,PRD_136,1,490.78,0.0
ITM_8095,ORD_14063,PRD_130,2,319.15,0.05
ITM_8096,ORD_14063,PRD_138,2,106.49,0.05
ITM_8097,ORD_14064,PRD_120,1,127.19,0.0
ITM_8098,ORD_14065,PRD_102,2,70.94,0.0
ITM_8099,ORD_14066,PRD_103,1,370.74,0.1
ITM_8100,ORD_14066,PRD_139,2,490.76,0.0
ITM_8101,ORD_14067,PRD_145,2,243.68,0.1
ITM_8102,ORD_14067,PRD_148,1,15.93,0.0
ITM_8103,ORD_14067,PRD_118,1,247.2,0.0
ITM_8104,ORD_14068,PRD_147,2,286.89,0.05
ITM_8105,ORD_14068,PRD_107,1,140.95,0.0
ITM_8106,ORD_14069,PRD_109,1,47.43,0.05
ITM_8107,ORD_14070,PRD_146,2,234.53,0.0
ITM_8108,ORD_14070,PRD_105,2,440.05,0.0
ITM_8109,ORD_14070,PRD_120,2,127.19,0.0
ITM_8110,ORD_14071,PRD_101,2,195.76,0.05
ITM_8111,ORD_14071,PRD_124,2,425.13,0.0
ITM_8112,ORD_14071,PRD_130,1,319.15,0.0
ITM_8113,ORD_14072,PRD_101,2,195.76,0.0
ITM_8114,ORD_14073,PRD_112,2,324.51,0.0
ITM_8115,ORD_14073,PRD_137,1,202.01,0.0
ITM_8116,ORD_14073,PRD_129,1,348.15,0.0
ITM_8117,ORD_14074,PRD_122,1,390.69,0.0
ITM_8118,ORD_14074,PRD_108,2,488.25,0.0
ITM_8119,ORD_14074,PRD_123,1,105.96,0.0
ITM_8120,ORD_14075,PRD_119,2,38.34,0.05
ITM_8121,ORD_14075,PRD_101,1,195.76,0.0
ITM_8122,ORD_14075,PRD_123,2,105.96,0.2
ITM_8123,ORD_14076,PRD_127,2,406.83,0.0
ITM_8124,ORD_14076,PRD_142,2,368.74,0.0
ITM_8125,ORD_14076,PRD_105,2,440.05,0.0
ITM_8126,ORD_14077,PRD_134,1,91.22,0.0
ITM_8127,ORD_14077,PRD_115,1,416.58,0.0
ITM_8128,ORD_14078,PRD_121,1,276.8,0.0
ITM_8129,ORD_14078,PRD_120,1,127.19,0.0
ITM_8130,ORD_14078,PRD_106,1,342.0,0.05
ITM_8131,ORD_14079,PRD_140,2,234.89,0.05
ITM_8132,ORD_14080,PRD_144,2,483.86,0.05
ITM_8133,ORD_14080,PRD_123,1,105.96,0.0
ITM_8134,ORD_14080,PRD_107,1,140.95,0.05
ITM_8135,ORD_14081,PRD_102,2,70.94,0.0
ITM_8136,ORD_14081,PRD_126,2,200.2,0.0
ITM_8137,ORD_14082,PRD_130,2,319.15,0.0
ITM_8138,ORD_14082,PRD_110,2,68.9,0.1
ITM_8139,ORD_14082,PRD_119,1,38.34,0.1
ITM_8140,ORD_14083,PRD_147,2,286.89,0.0
ITM_8141,ORD_14084,PRD_123,2,105.96,0.0
ITM_8142,ORD_14084,PRD_127,1,406.83,0.0
ITM_8143,ORD_14085,PRD_105,1,440.05,0.05
ITM_8144,ORD_14085,PRD_112,2,324.51,0.05
ITM_8145,ORD_14085,PRD_137,2,202.01,0.0
ITM_8146,ORD_14086,PRD_133,2,277.96,0.05
ITM_8147,ORD_14086,PRD_150,2,32.57,0.1
ITM_8148,ORD_14086,PRD_112,2,324.51,0.05
ITM_8149,ORD_14087,PRD_113,1,334.87,0.1
ITM_8150,ORD_14087,PRD_106,2,342.0,0.0
ITM_8151,ORD_14087,PRD_135,2,449.86,0.05
ITM_8152,ORD_14088,PRD_147,1,286.89,0.0
ITM_8153,ORD_14089,PRD_111,1,177.48,0.0
ITM_8154,ORD_14090,PRD_113,1,334.87,0.0
ITM_8155,ORD_14090,PRD_137,1,202.01,0.0
ITM_8156,ORD_14090,PRD_134,1,91.22,0.0
ITM_8157,ORD_14091,PRD_103,2,370.74,0.0
ITM_8158,ORD_14091,PRD_150,1,32.57,0.0
ITM_8159,ORD_14092,PRD_125,2,82.01,0.05
ITM_8160,ORD_14092,PRD_126,2,200.2,0.0
ITM_8161,ORD_14092,PRD_116,2,205.02,0.0
ITM_8162,ORD_14093,PRD_126,1,200.2,0.0
ITM_8163,ORD_14093,PRD_110,2,68.9,0.0
ITM_8164,ORD_14093,PRD_145,2,243.68,0.05
ITM_8165,ORD_14094,PRD_120,1,127.19,0.2
ITM_8166,ORD_14094,PRD_131,1,479.39,0.05
ITM_8167,ORD_14094,PRD_105,2,440.05,0.05
ITM_8168,ORD_14095,PRD_105,1,440.05,0.1
ITM_8169,ORD_14095,PRD_135,1,449.86,0.0
ITM_8170,ORD_14096,PRD_125,1,82.01,0.0
ITM_8171,ORD_14096,PRD_143,1,480.47,0.0
ITM_8172,ORD_14096,PRD_114,2,425.06,0.0
ITM_8173,ORD_14097,PRD_111,1,177.48,0.05
ITM_8174,ORD_14097,PRD_121,2,276.8,0.0
ITM_8175,ORD_14097,PRD_137,2,202.01,0.05
ITM_8176,ORD_14098,PRD_115,2,416.58,0.0
ITM_8177,ORD_14098,PRD_130,2,319.15,0.05
ITM_8178,ORD_14099,PRD_130,2,319.15,0.05
ITM_8179,ORD_14099,PRD_147,2,286.89,0.0
ITM_8180,ORD_14099,PRD_131,2,479.39,0.0
ITM_8181,ORD_14100,PRD_144,1,483.86,0.0
ITM_8182,ORD_14101,PRD_136,1,490.78,0.2
ITM_8183,ORD_14101,PRD_120,1,127.19,0.0
ITM_8184,ORD_14102,PRD_102,1,70.94,0.0
ITM_8185,ORD_14102,PRD_142,2,368.74,0.0
ITM_8186,ORD_14102,PRD_121,2,276.8,0.0
ITM_8187,ORD_14103,PRD_118,1,247.2,0.05
ITM_8188,ORD_14103,PRD_148,1,15.93,0.0
ITM_8189,ORD_14103,PRD_105,2,440.05,0.05
ITM_8190,ORD_14104,PRD_128,2,274.02,0.0
ITM_8191,ORD_14105,PRD_143,1,480.47,0.0
ITM_8192,ORD_14105,PRD_102,2,70.94,0.0
ITM_8193,ORD_14105,PRD_122,2,390.69,0.1
ITM_8194,ORD_14106,PRD_121,1,276.8,0.0
ITM_8195,ORD_14107,PRD_116,1,205.02,0.0
ITM_8196,ORD_14107,PRD_137,1,202.01,0.0
ITM_8197,ORD_14107,PRD_116,2,205.02,0.0
ITM_8198,ORD_14108,PRD_130,1,319.15,0.0
ITM_8199,ORD_14108,PRD_142,1,368.74,0.0
ITM_8200,ORD_14109,PRD_150,1,32.57,0.0
ITM_8201,ORD_14110,PRD_126,2,200.2,0.0
ITM_8202,ORD_14110,PRD_110,2,68.9,0.05
ITM_8203,ORD_14111,PRD_112,2,324.51,0.1
ITM_8204,ORD_14111,PRD_121,1,276.8,0.05
ITM_8205,ORD_14112,PRD_109,1,47.43,0.0
ITM_8206,ORD_14113,PRD_137,1,202.01,0.05
ITM_8207,ORD_14113,PRD_117,2,357.97,0.1
ITM_8208,ORD_14113,PRD_149,2,194.72,0.05
ITM_8209,ORD_14114,PRD_120,1,127.19,0.0
ITM_8210,ORD_14114,PRD_112,1,324.51,0.05
ITM_8211,ORD_14115,PRD_145,2,243.68,0.2
ITM_8212,ORD_14115,PRD_109,2,47.43,0.05
ITM_8213,ORD_14116,PRD_123,2,105.96,0.2
ITM_8214,ORD_14116,PRD_102,1,70.94,0.05
ITM_8215,ORD_14116,PRD_132,1,475.04,0.05
ITM_8216,ORD_14117,PRD_109,1,47.43,0.0
ITM_8217,ORD_14117,PRD_133,2,277.96,0.0
ITM_8218,ORD_14118,PRD_111,1,177.48,0.0
ITM_8219,ORD_14118,PRD_122,1,390.69,0.0
ITM_8220,ORD_14119,PRD_142,1,368.74,0.0
ITM_8221,ORD_14119,PRD_130,2,319.15,0.0
ITM_8222,ORD_14119,PRD_149,1,194.72,0.0
ITM_8223,ORD_14120,PRD_129,1,348.15,0.0
ITM_8224,ORD_14121,PRD_136,1,490.78,0.05
ITM_8225,ORD_14121,PRD_142,1,368.74,0.0
ITM_8226,ORD_14121,PRD_130,2,319.15,0.0
ITM_8227,ORD_14122,PRD_128,2,274.02,0.2
ITM_8228,ORD_14123,PRD_126,2,200.2,0.0
ITM_8229,ORD_14123,PRD_129,2,348.15,0.0
ITM_8230,ORD_14124,PRD_146,1,234.53,0.0
ITM_8231,ORD_14125,PRD_101,2,195.76,0.0
ITM_8232,ORD_14125,PRD_150,2,32.57,0.0
ITM_8233,ORD_14126,PRD_128,2,274.02,0.0
ITM_8234,ORD_14126,PRD_108,1,488.25,0.05
ITM_8235,ORD_14126,PRD_129,1,348.15,0.1
ITM_8236,ORD_14127,PRD_127,1,406.83,0.0
ITM_8237,ORD_14128,PRD_108,1,488.25,0.05
ITM_8238,ORD_14129,PRD_107,2,140.95,0.05
ITM_8239,ORD_14130,PRD_139,1,490.76,0.0
ITM_8240,ORD_14130,PRD_125,2,82.01,0.0
ITM_8241,ORD_14130,PRD_125,2,82.01,0.0
ITM_8242,ORD_14131,PRD_130,2,319.15,0.1
ITM_8243,ORD_14131,PRD_121,1,276.8,0.0
ITM_8244,ORD_14131,PRD_121,2,276.8,0.0
ITM_8245,ORD_14132,PRD_144,2,483.86,0.0
ITM_8246,ORD_14132,PRD_130,1,319.15,0.0
ITM_8247,ORD_14133,PRD_103,1,370.74,0.0
ITM_8248,ORD_14134,PRD_106,1,342.0,0.2
ITM_8249,ORD_14134,PRD_127,2,406.83,0.0
ITM_8250,ORD_14134,PRD_107,2,140.95,0.0
ITM_8251,ORD_14135,PRD_142,1,368.74,0.0
ITM_8252,ORD_14135,PRD_140,1,234.89,0.0
ITM_8253,ORD_14135,PRD_127,1,406.83,0.0
ITM_8254,ORD_14136,PRD_135,2,449.86,0.0
ITM_8255,ORD_14136,PRD_104,1,301.61,0.2
ITM_8256,ORD_14136,PRD_133,1,277.96,0.1
ITM_8257,ORD_14137,PRD_133,1,277.96,0.0
ITM_8258,ORD_14137,PRD_141,2,490.78,0.0
ITM_8259,ORD_14138,PRD_135,1,449.86,0.0
ITM_8260,ORD_14139,PRD_133,1,277.96,0.0
ITM_8261,ORD_14139,PRD_105,2,440.05,0.05
ITM_8262,ORD_14140,PRD_128,2,274.02,0.2
ITM_8263,ORD_14140,PRD_135,1,449.86,0.0
ITM_8264,ORD_14141,PRD_144,1,483.86,0.0
ITM_8265,ORD_14141,PRD_147,2,286.89,0.0
ITM_8266,ORD_14142,PRD_108,2,488.25,0.0
ITM_8267,ORD_14142,PRD_110,2,68.9,0.0
ITM_8268,ORD_14143,PRD_135,2,449.86,0.1
ITM_8269,ORD_14143,PRD_123,2,105.96,0.0
ITM_8270,ORD_14144,PRD_122,2,390.69,0.0
ITM_8271,ORD_14145,PRD_148,2,15.93,0.05
ITM_8272,ORD_14145,PRD_105,1,440.05,0.0
ITM_8273,ORD_14146,PRD_104,1,301.61,0.0
ITM_8274,ORD_14146,PRD_127,2,406.83,0.2
ITM_8275,ORD_14147,PRD_144,1,483.86,0.1
ITM_8276,ORD_14148,PRD_150,2,32.57,0.0
ITM_8277,ORD_14148,PRD_123,1,105.96,0.0
ITM_8278,ORD_14148,PRD_145,1,243.68,0.0
ITM_8279,ORD_14149,PRD_150,2,32.57,0.0
ITM_8280,ORD_14149,PRD_123,1,105.96,0.0
ITM_8281,ORD_14150,PRD_111,2,177.48,0.0
ITM_8282,ORD_14150,PRD_125,1,82.01,0.0
ITM_8283,ORD_14150,PRD_121,2,276.8,0.0
ITM_8284,ORD_14151,PRD_149,2,194.72,0.0
ITM_8285,ORD_14151,PRD_131,2,479.39,0.0
ITM_8286,ORD_14152,PRD_120,2,127.19,0.0
ITM_8287,ORD_14152,PRD_142,2,368.74,0.0
ITM_8288,ORD_14152,PRD_108,1,488.25,0.0
ITM_8289,ORD_14153,PRD_106,2,342.0,0.0
ITM_8290,ORD_14153,PRD_136,1,490.78,0.1
ITM_8291,ORD_14154,PRD_138,1,106.49,0.2
ITM_8292,ORD_14154,PRD_146,2,234.53,0.2
ITM_8293,ORD_14155,PRD_108,1,488.25,0.05
ITM_8294,ORD_14155,PRD_120,2,127.19,0.0
ITM_8295,ORD_14156,PRD_110,1,68.9,0.05
ITM_8296,ORD_14156,PRD_104,2,301.61,0.0
ITM_8297,ORD_14156,PRD_104,2,301.61,0.0
ITM_8298,ORD_14157,PRD_143,2,480.47,0.1
ITM_8299,ORD_14157,PRD_122,2,390.69,0.0
ITM_8300,ORD_14157,PRD_150,1,32.57,0.1
ITM_8301,ORD_14158,PRD_115,1,416.58,0.0
ITM_8302,ORD_14158,PRD_119,1,38.34,0.0
ITM_8303,ORD_14159,PRD_138,2,106.49,0.1
ITM_8304,ORD_14159,PRD_137,2,202.01,0.1
ITM_8305,ORD_14160,PRD_149,2,194.72,0.05
ITM_8306,ORD_14160,PRD_149,2,194.72,0.05
ITM_8307,ORD_14161,PRD_127,2,406.83,0.0
ITM_8308,ORD_14161,PRD_111,2,177.48,0.0
ITM_8309,ORD_14162,PRD_147,1,286.89,0.05
ITM_8310,ORD_14162,PRD_120,2,127.19,0.0
ITM_8311,ORD_14162,PRD_110,1,68.9,0.0
ITM_8312,ORD_14163,PRD_111,1,177.48,0.0
ITM_8313,ORD_14163,PRD_141,2,490.78,0.05
ITM_8314,ORD_14164,PRD_126,1,200.2,0.0
ITM_8315,ORD_14164,PRD_118,1,247.2,0.1
ITM_8316,ORD_14164,PRD_121,2,276.8,0.0
ITM_8317,ORD_14165,PRD_124,1,425.13,0.0
ITM_8318,ORD_14165,PRD_121,1,276.8,0.0
ITM_8319,ORD_14165,PRD_105,1,440.05,0.2
ITM_8320,ORD_14166,PRD_133,1,277.96,0.1
ITM_8321,ORD_14166,PRD_120,2,127.19,0.2
ITM_8322,ORD_14167,PRD_125,2,82.01,0.2
ITM_8323,ORD_14167,PRD_131,2,479.39,0.1
ITM_8324,ORD_14167,PRD_139,2,490.76,0.0
ITM_8325,ORD_14168,PRD_103,1,370.74,0.0
ITM_8326,ORD_14168,PRD_125,2,82.01,0.1
ITM_8327,ORD_14169,PRD_129,1,348.15,0.05
ITM_8328,ORD_14169,PRD_123,1,105.96,0.0
ITM_8329,ORD_14170,PRD_121,2,276.8,0.0
ITM_8330,ORD_14170,PRD_150,1,32.57,0.2
ITM_8331,ORD_14171,PRD_117,1,357.97,0.0
ITM_8332,ORD_14171,PRD_143,2,480.47,0.0
ITM_8333,ORD_14172,PRD_111,1,177.48,0.0
ITM_8334,ORD_14173,PRD_119,1,38.34,0.0
ITM_8335,ORD_14173,PRD_118,2,247.2,0.0
ITM_8336,ORD_14173,PRD_115,1,416.58,0.2
ITM_8337,ORD_14174,PRD_122,1,390.69,0.0
ITM_8338,ORD_14175,PRD_130,1,319.15,0.0
ITM_8339,ORD_14175,PRD_149,1,194.72,0.0
ITM_8340,ORD_14176,PRD_132,2,475.04,0.0
ITM_8341,ORD_14176,PRD_146,1,234.53,0.2
ITM_8342,ORD_14177,PRD_132,1,475.04,0.0
ITM_8343,ORD_14177,PRD_141,2,490.78,0.05
ITM_8344,ORD_14177,PRD_120,2,127.19,0.0
ITM_8345,ORD_14178,PRD_134,2,91.22,0.0
ITM_8346,ORD_14178,PRD_105,2,440.05,0.0
ITM_8347,ORD_14178,PRD_126,1,200.2,0.0
ITM_8348,ORD_14179,PRD_124,2,425.13,0.2
ITM_8349,ORD_14179,PRD_146,2,234.53,0.05
ITM_8350,ORD_14180,PRD_106,1,342.0,0.0
ITM_8351,ORD_14181,PRD_140,1,234.89,0.0
ITM_8352,ORD_14182,PRD_122,1,390.69,0.0
ITM_8353,ORD_14182,PRD_126,2,200.2,0.0
ITM_8354,ORD_14182,PRD_109,1,47.43,0.0
ITM_8355,ORD_14183,PRD_136,1,490.78,0.05
ITM_8356,ORD_14183,PRD_114,1,425.06,0.0
ITM_8357,ORD_14184,PRD_124,2,425.13,0.0
ITM_8358,ORD_14185,PRD_106,1,342.0,0.0
ITM_8359,ORD_14186,PRD_138,1,106.49,0.0
ITM_8360,ORD_14186,PRD_126,2,200.2,0.05
ITM_8361,ORD_14186,PRD_132,1,475.04,0.0
ITM_8362,ORD_14187,PRD_116,2,205.02,0.2
ITM_8363,ORD_14187,PRD_118,2,247.2,0.0
ITM_8364,ORD_14188,PRD_130,2,319.15,0.0
ITM_8365,ORD_14188,PRD_112,1,324.51,0.0
ITM_8366,ORD_14189,PRD_142,2,368.74,0.05
ITM_8367,ORD_14189,PRD_143,1,480.47,0.0
ITM_8368,ORD_14190,PRD_128,1,274.02,0.0
ITM_8369,ORD_14191,PRD_123,2,105.96,0.1
ITM_8370,ORD_14192,PRD_101,2,195.76,0.0
ITM_8371,ORD_14192,PRD_128,2,274.02,0.05
ITM_8372,ORD_14192,PRD_137,2,202.01,0.1
ITM_8373,ORD_14193,PRD_136,2,490.78,0.0
ITM_8374,ORD_14194,PRD_149,2,194.72,0.05
ITM_8375,ORD_14194,PRD_123,2,105.96,0.05
ITM_8376,ORD_14194,PRD_149,1,194.72,0.0
ITM_8377,ORD_14195,PRD_134,1,91.22,0.0
ITM_8378,ORD_14195,PRD_142,2,368.74,0.05
ITM_8379,ORD_14195,PRD_107,2,140.95,0.1
ITM_8380,ORD_14196,PRD_121,2,276.8,0.0
ITM_8381,ORD_14196,PRD_150,1,32.57,0.0
ITM_8382,ORD_14196,PRD_146,2,234.53,0.05
ITM_8383,ORD_14197,PRD_121,1,276.8,0.0
ITM_8384,ORD_14197,PRD_119,2,38.34,0.0
ITM_8385,ORD_14198,PRD_139,1,490.76,0.0
ITM_8386,ORD_14198,PRD_128,1,274.02,0.2
ITM_8387,ORD_14198,PRD_142,1,368.74,0.0
ITM_8388,ORD_14199,PRD_116,2,205.02,0.0
ITM_8389,ORD_14199,PRD_133,2,277.96,0.05
ITM_8390,ORD_14200,PRD_145,1,243.68,0.2
ITM_8391,ORD_14201,PRD_110,1,68.9,0.2
ITM_8392,ORD_14202,PRD_106,1,342.0,0.0
ITM_8393,ORD_14203,PRD_112,2,324.51,0.0
ITM_8394,ORD_14204,PRD_136,2,490.78,0.2
ITM_8395,ORD_14205,PRD_110,2,68.9,0.0
ITM_8396,ORD_14206,PRD_149,2,194.72,0.0
ITM_8397,ORD_14206,PRD_132,2,475.04,0.0
ITM_8398,ORD_14206,PRD_105,2,440.05,0.0
ITM_8399,ORD_14207,PRD_144,2,483.86,0.0
ITM_8400,ORD_14207,PRD_147,1,286.89,0.05
ITM_8401,ORD_14208,PRD_149,2,194.72,0.2
ITM_8402,ORD_14209,PRD_137,2,202.01,0.05
ITM_8403,ORD_14209,PRD_130,2,319.15,0.0
ITM_8404,ORD_14209,PRD_126,2,200.2,0.0
ITM_8405,ORD_14210,PRD_131,2,479.39,0.0
ITM_8406,ORD_14210,PRD_110,2,68.9,0.05
ITM_8407,ORD_14210,PRD_145,2,243.68,0.0
ITM_8408,ORD_14211,PRD_136,2,490.78,0.05
ITM_8409,ORD_14212,PRD_115,1,416.58,0.0
ITM_8410,ORD_14213,PRD_113,2,334.87,0.0
ITM_8411,ORD_14214,PRD_105,1,440.05,0.05
ITM_8412,ORD_14214,PRD_127,1,406.83,0.0
ITM_8413,ORD_14215,PRD_128,2,274.02,0.05
ITM_8414,ORD_14215,PRD_114,1,425.06,0.0
ITM_8415,ORD_14215,PRD_129,2,348.15,0.05
ITM_8416,ORD_14216,PRD_133,2,277.96,0.0
ITM_8417,ORD_14216,PRD_118,2,247.2,0.0
ITM_8418,ORD_14217,PRD_144,2,483.86,0.2
ITM_8419,ORD_14217,PRD_129,1,348.15,0.0
ITM_8420,ORD_14217,PRD_115,1,416.58,0.05
ITM_8421,ORD_14218,PRD_148,2,15.93,0.0
ITM_8422,ORD_14218,PRD_133,1,277.96,0.1
ITM_8423,ORD_14219,PRD_112,1,324.51,0.05
ITM_8424,ORD_14219,PRD_137,1,202.01,0.0
ITM_8425,ORD_14219,PRD_118,2,247.2,0.0
ITM_8426,ORD_14220,PRD_109,2,47.43,0.0
ITM_8427,ORD_14221,PRD_110,2,68.9,0.0
ITM_8428,ORD_14221,PRD_125,1,82.01,0.1
ITM_8429,ORD_14221,PRD_117,2,357.97,0.0
ITM_8430,ORD_14222,PRD_132,2,475.04,0.0
ITM_8431,ORD_14222,PRD_104,2,301.61,0.05
ITM_8432,ORD_14222,PRD_125,2,82.01,0.05
ITM_8433,ORD_14223,PRD_119,1,38.34,0.05
ITM_8434,ORD_14223,PRD_133,1,277.96,0.1
ITM_8435,ORD_14224,PRD_126,2,200.2,0.0
ITM_8436,ORD_14224,PRD_105,2,440.05,0.2
ITM_8437,ORD_14225,PRD_106,1,342.0,0.0
ITM_8438,ORD_14226,PRD_117,2,357.97,0.2
ITM_8439,ORD_14226,PRD_130,1,319.15,0.05
ITM_8440,ORD_14226,PRD_105,2,440.05,0.2
ITM_8441,ORD_14227,PRD_102,1,70.94,0.0
ITM_8442,ORD_14227,PRD_140,2,234.89,0.0
ITM_8443,ORD_14228,PRD_142,1,368.74,0.2
ITM_8444,ORD_14228,PRD_132,1,475.04,0.2
ITM_8445,ORD_14229,PRD_114,2,425.06,0.0
ITM_8446,ORD_14229,PRD_111,1,177.48,0.0
ITM_8447,ORD_14230,PRD_133,1,277.96,0.0
ITM_8448,ORD_14230,PRD_125,2,82.01,0.1
ITM_8449,ORD_14230,PRD_147,2,286.89,0.05
ITM_8450,ORD_14231,PRD_134,1,91.22,0.0
ITM_8451,ORD_14231,PRD_150,1,32.57,0.0
ITM_8452,ORD_14231,PRD_119,2,38.34,0.1
ITM_8453,ORD_14232,PRD_137,2,202.01,0.0
ITM_8454,ORD_14233,PRD_141,2,490.78,0.0
ITM_8455,ORD_14233,PRD_103,2,370.74,0.0
ITM_8456,ORD_14233,PRD_105,1,440.05,0.0
ITM_8457,ORD_14234,PRD_118,1,247.2,0.0
ITM_8458,ORD_14235,PRD_104,2,301.61,0.0
ITM_8459,ORD_14235,PRD_146,2,234.53,0.0
ITM_8460,ORD_14236,PRD_132,2,475.04,0.0
ITM_8461,ORD_14236,PRD_107,1,140.95,0.2
ITM_8462,ORD_14237,PRD_120,1,127.19,0.2
ITM_8463,ORD_14238,PRD_144,1,483.86,0.0
ITM_8464,ORD_14238,PRD_143,1,480.47,0.0
ITM_8465,ORD_14239,PRD_119,2,38.34,0.0
ITM_8466,ORD_14240,PRD_125,1,82.01,0.05
ITM_8467,ORD_14240,PRD_146,2,234.53,0.0
ITM_8468,ORD_14240,PRD_135,1,449.86,0.0
ITM_8469,ORD_14241,PRD_129,2,348.15,0.0
ITM_8470,ORD_14242,PRD_138,2,106.49,0.0
ITM_8471,ORD_14242,PRD_108,1,488.25,0.05
ITM_8472,ORD_14242,PRD_119,2,38.34,0.0
ITM_8473,ORD_14243,PRD_104,1,301.61,0.0
ITM_8474,ORD_14244,PRD_135,1,449.86,0.0
ITM_8475,ORD_14244,PRD_134,1,91.22,0.05
ITM_8476,ORD_14245,PRD_136,2,490.78,0.05
ITM_8477,ORD_14246,PRD_126,2,200.2,0.0
ITM_8478,ORD_14246,PRD_113,1,334.87,0.1
ITM_8479,ORD_14246,PRD_110,2,68.9,0.0
ITM_8480,ORD_14247,PRD_138,1,106.49,0.2
ITM_8481,ORD_14248,PRD_136,1,490.78,0.0
ITM_8482,ORD_14249,PRD_105,2,440.05,0.2
ITM_8483,ORD_14249,PRD_112,1,324.51,0.05
ITM_8484,ORD_14250,PRD_121,2,276.8,0.1
ITM_8485,ORD_14251,PRD_121,2,276.8,0.0
ITM_8486,ORD_14251,PRD_138,1,106.49,0.05
ITM_8487,ORD_14251,PRD_110,1,68.9,0.0
ITM_8488,ORD_14252,PRD_110,2,68.9,0.05
ITM_8489,ORD_14252,PRD_124,2,425.13,0.0
ITM_8490,ORD_14253,PRD_110,1,68.9,0.0
ITM_8491,ORD_14253,PRD_111,2,177.48,0.1
ITM_8492,ORD_14253,PRD_143,2,480.47,0.0
ITM_8493,ORD_14254,PRD_135,2,449.86,0.05
ITM_8494,ORD_14254,PRD_148,1,15.93,0.05
ITM_8495,ORD_14255,PRD_114,1,425.06,0.2
ITM_8496,ORD_14255,PRD_140,2,234.89,0.0
ITM_8497,ORD_14255,PRD_117,2,357.97,0.2
ITM_8498,ORD_14256,PRD_146,2,234.53,0.0
ITM_8499,ORD_14256,PRD_130,1,319.15,0.05
ITM_8500,ORD_14256,PRD_106,1,342.0,0.1
ITM_8501,ORD_14257,PRD_107,2,140.95,0.0
ITM_8502,ORD_14258,PRD_134,2,91.22,0.0
ITM_8503,ORD_14258,PRD_139,1,490.76,0.1
ITM_8504,ORD_14259,PRD_110,1,68.9,0.0
ITM_8505,ORD_14260,PRD_122,2,390.69,0.2
ITM_8506,ORD_14261,PRD_137,2,202.01,0.05
ITM_8507,ORD_14262,PRD_107,1,140.95,0.0
ITM_8508,ORD_14262,PRD_112,1,324.51,0.0
ITM_8509,ORD_14262,PRD_103,2,370.74,0.0
ITM_8510,ORD_14263,PRD_139,2,490.76,0.0
ITM_8511,ORD_14263,PRD_105,1,440.05,0.0
ITM_8512,ORD_14263,PRD_112,1,324.51,0.05
ITM_8513,ORD_14264,PRD_149,1,194.72,0.05
ITM_8514,ORD_14265,PRD_108,2,488.25,0.0
ITM_8515,ORD_14265,PRD_117,1,357.97,0.05
ITM_8516,ORD_14266,PRD_112,2,324.51,0.2
ITM_8517,ORD_14266,PRD_132,1,475.04,0.05
ITM_8518,ORD_14266,PRD_150,1,32.57,0.0
ITM_8519,ORD_14267,PRD_126,2,200.2,0.0
ITM_8520,ORD_14267,PRD_118,2,247.2,0.0
ITM_8521,ORD_14268,PRD_116,1,205.02,0.0
ITM_8522,ORD_14268,PRD_150,1,32.57,0.0
ITM_8523,ORD_14268,PRD_136,2,490.78,0.1
ITM_8524,ORD_14269,PRD_144,1,483.86,0.0
ITM_8525,ORD_14269,PRD_136,2,490.78,0.0
ITM_8526,ORD_14269,PRD_127,2,406.83,0.0
ITM_8527,ORD_14270,PRD_147,2,286.89,0.1
ITM_8528,ORD_14270,PRD_121,1,276.8,0.0
ITM_8529,ORD_14270,PRD_129,2,348.15,0.0
ITM_8530,ORD_14271,PRD_103,1,370.74,0.0
ITM_8531,ORD_14271,PRD_105,2,440.05,0.0
ITM_8532,ORD_14272,PRD_144,1,483.86,0.0
ITM_8533,ORD_14273,PRD_142,2,368.74,0.1
ITM_8534,ORD_14274,PRD_121,2,276.8,0.0
ITM_8535,ORD_14275,PRD_112,1,324.51,0.0
ITM_8536,ORD_14275,PRD_123,1,105.96,0.1
ITM_8537,ORD_14275,PRD_127,1,406.83,0.0
ITM_8538,ORD_14276,PRD_144,2,483.86,0.0
ITM_8539,ORD_14277,PRD_121,1,276.8,0.05
ITM_8540,ORD_14278,PRD_103,1,370.74,0.0
ITM_8541,ORD_14278,PRD_148,2,15.93,0.0
ITM_8542,ORD_14279,PRD_121,1,276.8,0.0
ITM_8543,ORD_14279,PRD_101,1,195.76,0.0
ITM_8544,ORD_14280,PRD_143,2,480.47,0.0
ITM_8545,ORD_14280,PRD_146,2,234.53,0.1
ITM_8546,ORD_14281,PRD_128,1,274.02,0.0
ITM_8547,ORD_14281,PRD_134,2,91.22,0.1
ITM_8548,ORD_14282,PRD_101,2,195.76,0.1
ITM_8549,ORD_14283,PRD_136,2,490.78,0.05
ITM_8550,ORD_14283,PRD_103,1,370.74,0.05
ITM_8551,ORD_14284,PRD_145,2,243.68,0.0
ITM_8552,ORD_14284,PRD_131,2,479.39,0.0
ITM_8553,ORD_14284,PRD_120,2,127.19,0.0
ITM_8554,ORD_14285,PRD_125,1,82.01,0.1
ITM_8555,ORD_14285,PRD_105,2,440.05,0.0
ITM_8556,ORD_14285,PRD_106,2,342.0,0.0
ITM_8557,ORD_14286,PRD_140,2,234.89,0.1
ITM_8558,ORD_14287,PRD_117,1,357.97,0.0
ITM_8559,ORD_14287,PRD_111,1,177.48,0.05
ITM_8560,ORD_14287,PRD_129,2,348.15,0.0
ITM_8561,ORD_14288,PRD_128,2,274.02,0.2
ITM_8562,ORD_14288,PRD_119,1,38.34,0.05
ITM_8563,ORD_14288,PRD_146,1,234.53,0.0
ITM_8564,ORD_14289,PRD_103,2,370.74,0.0
ITM_8565,ORD_14289,PRD_150,1,32.57,0.0
ITM_8566,ORD_14290,PRD_109,1,47.43,0.0
ITM_8567,ORD_14290,PRD_108,2,488.25,0.0
ITM_8568,ORD_14290,PRD_138,1,106.49,0.0
ITM_8569,ORD_14291,PRD_117,2,357.97,0.0
ITM_8570,ORD_14291,PRD_140,2,234.89,0.1
ITM_8571,ORD_14292,PRD_120,1,127.19,0.0
ITM_8572,ORD_14293,PRD_139,2,490.76,0.05
ITM_8573,ORD_14294,PRD_109,2,47.43,0.0
ITM_8574,ORD_14295,PRD_148,1,15.93,0.0
ITM_8575,ORD_14295,PRD_143,1,480.47,0.0
ITM_8576,ORD_14296,PRD_123,2,105.96,0.0
ITM_8577,ORD_14296,PRD_137,1,202.01,0.1
ITM_8578,ORD_14296,PRD_130,1,319.15,0.05
ITM_8579,ORD_14297,PRD_132,2,475.04,0.05
ITM_8580,ORD_14298,PRD_150,1,32.57,0.0
ITM_8581,ORD_14298,PRD_101,2,195.76,0.0
ITM_8582,ORD_14298,PRD_123,2,105.96,0.1
ITM_8583,ORD_14299,PRD_119,1,38.34,0.1
ITM_8584,ORD_14299,PRD_131,1,479.39,0.0
ITM_8585,ORD_14300,PRD_102,2,70.94,0.0
ITM_8586,ORD_14300,PRD_126,2,200.2,0.05
ITM_8587,ORD_14301,PRD_136,2,490.78,0.05
ITM_8588,ORD_14301,PRD_124,2,425.13,0.05
ITM_8589,ORD_14301,PRD_144,2,483.86,0.0
ITM_8590,ORD_14302,PRD_110,2,68.9,0.0
ITM_8591,ORD_14303,PRD_140,1,234.89,0.0
ITM_8592,ORD_14303,PRD_130,2,319.15,0.0
ITM_8593,ORD_14304,PRD_121,1,276.8,0.0
ITM_8594,ORD_14304,PRD_128,1,274.02,0.0
ITM_8595,ORD_14304,PRD_134,2,91.22,0.2
ITM_8596,ORD_14305,PRD_140,1,234.89,0.0
ITM_8597,ORD_14305,PRD_127,1,406.83,0.0
ITM_8598,ORD_14305,PRD_150,2,32.57,0.0
ITM_8599,ORD_14306,PRD_131,1,479.39,0.0
ITM_8600,ORD_14306,PRD_108,1,488.25,0.0
ITM_8601,ORD_14306,PRD_124,2,425.13,0.0
ITM_8602,ORD_14307,PRD_131,2,479.39,0.0
ITM_8603,ORD_14307,PRD_125,1,82.01,0.0
ITM_8604,ORD_14307,PRD_121,2,276.8,0.0
ITM_8605,ORD_14308,PRD_144,1,483.86,0.1
ITM_8606,ORD_14308,PRD_116,1,205.02,0.0
ITM_8607,ORD_14308,PRD_119,1,38.34,0.1
ITM_8608,ORD_14309,PRD_123,2,105.96,0.0
ITM_8609,ORD_14309,PRD_120,2,127.19,0.2
ITM_8610,ORD_14310,PRD_108,1,488.25,0.0
ITM_8611,ORD_14311,PRD_104,2,301.61,0.0
ITM_8612,ORD_14312,PRD_144,2,483.86,0.0
ITM_8613,ORD_14312,PRD_107,1,140.95,0.0
ITM_8614,ORD_14313,PRD_112,1,324.51,0.2
ITM_8615,ORD_14313,PRD_150,2,32.57,0.0
ITM_8616,ORD_14314,PRD_106,1,342.0,0.0
ITM_8617,ORD_14314,PRD_150,1,32.57,0.1
ITM_8618,ORD_14314,PRD_129,2,348.15,0.2
ITM_8619,ORD_14315,PRD_120,1,127.19,0.1
ITM_8620,ORD_14315,PRD_112,2,324.51,0.0
ITM_8621,ORD_14316,PRD_122,1,390.69,0.2
ITM_8622,ORD_14316,PRD_149,1,194.72,0.05
ITM_8623,ORD_14316,PRD_115,2,416.58,0.0
ITM_8624,ORD_14317,PRD_134,2,91.22,0.2
ITM_8625,ORD_14318,PRD_135,1,449.86,0.0
ITM_8626,ORD_14319,PRD_124,1,425.13,0.0
ITM_8627,ORD_14319,PRD_147,1,286.89,0.05
ITM_8628,ORD_14320,PRD_144,1,483.86,0.05
ITM_8629,ORD_14320,PRD_142,2,368.74,0.0
ITM_8630,ORD_14320,PRD_109,1,47.43,0.0
ITM_8631,ORD_14321,PRD_113,1,334.87,0.0
ITM_8632,ORD_14322,PRD_107,2,140.95,0.05
ITM_8633,ORD_14322,PRD_124,1,425.13,0.1
ITM_8634,ORD_14323,PRD_121,2,276.8,0.0
ITM_8635,ORD_14324,PRD_146,2,234.53,0.0
ITM_8636,ORD_14324,PRD_112,2,324.51,0.1
ITM_8637,ORD_14324,PRD_119,2,38.34,0.0
ITM_8638,ORD_14325,PRD_127,2,406.83,0.2
ITM_8639,ORD_14325,PRD_150,1,32.57,0.0
ITM_8640,ORD_14325,PRD_145,2,243.68,0.0
ITM_8641,ORD_14326,PRD_135,1,449.86,0.05
ITM_8642,ORD_14326,PRD_121,1,276.8,0.05
ITM_8643,ORD_14327,PRD_133,2,277.96,0.0
ITM_8644,ORD_14327,PRD_127,2,406.83,0.05
ITM_8645,ORD_14327,PRD_144,1,483.86,0.0
ITM_8646,ORD_14328,PRD_133,1,277.96,0.0
ITM_8647,ORD_14328,PRD_115,2,416.58,0.0
ITM_8648,ORD_14328,PRD_146,2,234.53,0.0
ITM_8649,ORD_14329,PRD_122,2,390.69,0.0
ITM_8650,ORD_14329,PRD_113,1,334.87,0.05
ITM_8651,ORD_14330,PRD_109,2,47.43,0.0
ITM_8652,ORD_14331,PRD_110,2,68.9,0.2
ITM_8653,ORD_14332,PRD_141,1,490.78,0.0
ITM_8654,ORD_14332,PRD_103,1,370.74,0.2
ITM_8655,ORD_14332,PRD_129,1,348.15,0.0
ITM_8656,ORD_14333,PRD_104,2,301.61,0.2
ITM_8657,ORD_14334,PRD_120,1,127.19,0.0
ITM_8658,ORD_14334,PRD_106,1,342.0,0.05
ITM_8659,ORD_14335,PRD_140,2,234.89,0.0
ITM_8660,ORD_14336,PRD_106,1,342.0,0.0
ITM_8661,ORD_14336,PRD_144,2,483.86,0.0
ITM_8662,ORD_14336,PRD_135,2,449.86,0.0
ITM_8663,ORD_14337,PRD_104,1,301.61,0.0
ITM_8664,ORD_14337,PRD_111,1,177.48,0.0
ITM_8665,ORD_14338,PRD_148,2,15.93,0.05
ITM_8666,ORD_14339,PRD_135,2,449.86,0.0
ITM_8667,ORD_14339,PRD_137,2,202.01,0.0
ITM_8668,ORD_14340,PRD_105,2,440.05,0.0
ITM_8669,ORD_14340,PRD_149,2,194.72,0.0
ITM_8670,ORD_14340,PRD_104,1,301.61,0.0
ITM_8671,ORD_14341,PRD_143,1,480.47,0.0
ITM_8672,ORD_14341,PRD_103,1,370.74,0.0
ITM_8673,ORD_14341,PRD_134,2,91.22,0.0
ITM_8674,ORD_14342,PRD_136,2,490.78,0.0
ITM_8675,ORD_14342,PRD_149,1,194.72,0.0
ITM_8676,ORD_14343,PRD_118,2,247.2,0.0
ITM_8677,ORD_14343,PRD_110,1,68.9,0.0
ITM_8678,ORD_14344,PRD_146,1,234.53,0.1
ITM_8679,ORD_14344,PRD_112,1,324.51,0.0
ITM_8680,ORD_14344,PRD_135,2,449.86,0.05
ITM_8681,ORD_14345,PRD_101,2,195.76,0.0
ITM_8682,ORD_14345,PRD_135,1,449.86,0.0
ITM_8683,ORD_14345,PRD_127,2,406.83,0.05
ITM_8684,ORD_14346,PRD_138,1,106.49,0.05
ITM_8685,ORD_14346,PRD_120,1,127.19,0.05
ITM_8686,ORD_14347,PRD_110,1,68.9,0.0
ITM_8687,ORD_14347,PRD_147,1,286.89,0.0
ITM_8688,ORD_14347,PRD_119,2,38.34,0.0
ITM_8689,ORD_14348,PRD_150,1,32.57,0.05
ITM_8690,ORD_14349,PRD_113,1,334.87,0.0
ITM_8691,ORD_14349,PRD_150,1,32.57,0.0
ITM_8692,ORD_14350,PRD_142,1,368.74,0.0
ITM_8693,ORD_14351,PRD_129,1,348.15,0.0
ITM_8694,ORD_14351,PRD_110,2,68.9,0.0
ITM_8695,ORD_14351,PRD_137,1,202.01,0.05
ITM_8696,ORD_14352,PRD_136,2,490.78,0.0
ITM_8697,ORD_14352,PRD_137,1,202.01,0.0
ITM_8698,ORD_14352,PRD_111,2,177.48,0.0
ITM_8699,ORD_14353,PRD_140,1,234.89,0.05
ITM_8700,ORD_14353,PRD_124,2,425.13,0.0
ITM_8701,ORD_14354,PRD_146,2,234.53,0.2
ITM_8702,ORD_14354,PRD_142,1,368.74,0.0
ITM_8703,ORD_14355,PRD_108,2,488.25,0.05
ITM_8704,ORD_14356,PRD_134,1,91.22,0.0
ITM_8705,ORD_14357,PRD_113,2,334.87,0.0
ITM_8706,ORD_14357,PRD_144,2,483.86,0.0
ITM_8707,ORD_14358,PRD_124,1,425.13,0.0
ITM_8708,ORD_14358,PRD_102,2,70.94,0.0
ITM_8709,ORD_14358,PRD_132,2,475.04,0.0
ITM_8710,ORD_14359,PRD_127,1,406.83,0.0
ITM_8711,ORD_14360,PRD_111,2,177.48,0.2
ITM_8712,ORD_14360,PRD_109,1,47.43,0.0
ITM_8713,ORD_14360,PRD_146,1,234.53,0.0
ITM_8714,ORD_14361,PRD_132,2,475.04,0.0
ITM_8715,ORD_14361,PRD_105,1,440.05,0.05
ITM_8716,ORD_14361,PRD_138,1,106.49,0.05
ITM_8717,ORD_14362,PRD_125,1,82.01,0.05
ITM_8718,ORD_14363,PRD_117,2,357.97,0.0
ITM_8719,ORD_14363,PRD_114,1,425.06,0.1
ITM_8720,ORD_14364,PRD_135,2,449.86,0.0
ITM_8721,ORD_14364,PRD_142,2,368.74,0.1
ITM_8722,ORD_14364,PRD_148,1,15.93,0.0
ITM_8723,ORD_14365,PRD_121,2,276.8,0.05
ITM_8724,ORD_14365,PRD_135,2,449.86,0.0
ITM_8725,ORD_14366,PRD_140,2,234.89,0.05
ITM_8726,ORD_14366,PRD_143,2,480.47,0.05
ITM_8727,ORD_14366,PRD_149,2,194.72,0.05
ITM_8728,ORD_14367,PRD_118,1,247.2,0.05
ITM_8729,ORD_14367,PRD_118,2,247.2,0.0
ITM_8730,ORD_14367,PRD_144,2,483.86,0.0
ITM_8731,ORD_14368,PRD_102,1,70.94,0.2
ITM_8732,ORD_14368,PRD_146,2,234.53,0.0
ITM_8733,ORD_14369,PRD_101,2,195.76,0.1
ITM_8734,ORD_14370,PRD_132,2,475.04,0.1
ITM_8735,ORD_14371,PRD_108,1,488.25,0.2
ITM_8736,ORD_14371,PRD_145,2,243.68,0.0
ITM_8737,ORD_14372,PRD_127,1,406.83,0.05
ITM_8738,ORD_14372,PRD_129,1,348.15,0.0
ITM_8739,ORD_14372,PRD_139,1,490.76,0.05
ITM_8740,ORD_14373,PRD_140,2,234.89,0.2
ITM_8741,ORD_14374,PRD_141,2,490.78,0.0
ITM_8742,ORD_14374,PRD_126,1,200.2,0.0
ITM_8743,ORD_14375,PRD_130,1,319.15,0.0
ITM_8744,ORD_14376,PRD_150,1,32.57,0.0
ITM_8745,ORD_14377,PRD_113,2,334.87,0.2
ITM_8746,ORD_14377,PRD_132,1,475.04,0.0
ITM_8747,ORD_14377,PRD_147,2,286.89,0.05
ITM_8748,ORD_14378,PRD_146,2,234.53,0.1
ITM_8749,ORD_14379,PRD_123,1,105.96,0.0
ITM_8750,ORD_14379,PRD_132,2,475.04,0.05
ITM_8751,ORD_14379,PRD_101,2,195.76,0.0
ITM_8752,ORD_14380,PRD_146,1,234.53,0.0
ITM_8753,ORD_14380,PRD_125,2,82.01,0.0
ITM_8754,ORD_14381,PRD_118,2,247.2,0.0
ITM_8755,ORD_14381,PRD_107,2,140.95,0.2
ITM_8756,ORD_14381,PRD_112,2,324.51,0.1
ITM_8757,ORD_14382,PRD_150,1,32.57,0.0
ITM_8758,ORD_14382,PRD_125,2,82.01,0.05
ITM_8759,ORD_14382,PRD_146,1,234.53,0.05
ITM_8760,ORD_14383,PRD_121,1,276.8,0.05
ITM_8761,ORD_14384,PRD_143,2,480.47,0.0
ITM_8762,ORD_14384,PRD_124,2,425.13,0.05
ITM_8763,ORD_14384,PRD_125,2,82.01,0.0
ITM_8764,ORD_14385,PRD_129,2,348.15,0.0
ITM_8765,ORD_14385,PRD_116,1,205.02,0.2
ITM_8766,ORD_14385,PRD_123,1,105.96,0.05
ITM_8767,ORD_14386,PRD_101,2,195.76,0.0
ITM_8768,ORD_14387,PRD_104,1,301.61,0.0
ITM_8769,ORD_14387,PRD_121,1,276.8,0.05
ITM_8770,ORD_14387,PRD_119,2,38.34,0.2
ITM_8771,ORD_14388,PRD_104,2,301.61,0.0
ITM_8772,ORD_14388,PRD_121,2,276.8,0.2
ITM_8773,ORD_14388,PRD_114,1,425.06,0.0
ITM_8774,ORD_14389,PRD_125,2,82.01,0.0
ITM_8775,ORD_14390,PRD_142,1,368.74,0.05
ITM_8776,ORD_14391,PRD_137,2,202.01,0.05
ITM_8777,ORD_14392,PRD_131,1,479.39,0.0
ITM_8778,ORD_14392,PRD_106,2,342.0,0.05
ITM_8779,ORD_14393,PRD_138,2,106.49,0.0
ITM_8780,ORD_14394,PRD_104,1,301.61,0.1
ITM_8781,ORD_14395,PRD_112,1,324.51,0.05
ITM_8782,ORD_14395,PRD_139,2,490.76,0.05
ITM_8783,ORD_14395,PRD_133,1,277.96,0.1
ITM_8784,ORD_14396,PRD_112,1,324.51,0.05
ITM_8785,ORD_14396,PRD_148,2,15.93,0.0
ITM_8786,ORD_14397,PRD_120,2,127.19,0.0
ITM_8787,ORD_14398,PRD_133,2,277.96,0.0
ITM_8788,ORD_14398,PRD_104,1,301.61,0.0
ITM_8789,ORD_14398,PRD_103,2,370.74,0.0
ITM_8790,ORD_14399,PRD_134,1,91.22,0.2
ITM_8791,ORD_14400,PRD_121,1,276.8,0.1
ITM_8792,ORD_14401,PRD_133,2,277.96,0.2
ITM_8793,ORD_14401,PRD_133,1,277.96,0.2
ITM_8794,ORD_14401,PRD_138,1,106.49,0.0
ITM_8795,ORD_14402,PRD_130,1,319.15,0.0
ITM_8796,ORD_14402,PRD_122,2,390.69,0.0
ITM_8797,ORD_14402,PRD_114,1,425.06,0.05
ITM_8798,ORD_14403,PRD_128,2,274.02,0.0
ITM_8799,ORD_14404,PRD_134,1,91.22,0.1
ITM_8800,ORD_14404,PRD_139,2,490.76,0.05
ITM_8801,ORD_14404,PRD_143,1,480.47,0.0
ITM_8802,ORD_14405,PRD_126,1,200.2,0.05
ITM_8803,ORD_14406,PRD_139,2,490.76,0.0
ITM_8804,ORD_14406,PRD_112,2,324.51,0.1
ITM_8805,ORD_14406,PRD_124,2,425.13,0.0
ITM_8806,ORD_14407,PRD_132,1,475.04,0.0
ITM_8807,ORD_14408,PRD_124,1,425.13,0.1
ITM_8808,ORD_14409,PRD_116,2,205.02,0.0
ITM_8809,ORD_14410,PRD_149,1,194.72,0.05
ITM_8810,ORD_14410,PRD_117,1,357.97,0.2
ITM_8811,ORD_14411,PRD_109,2,47.43,0.0
ITM_8812,ORD_14411,PRD_126,2,200.2,0.0
ITM_8813,ORD_14412,PRD_113,2,334.87,0.0
ITM_8814,ORD_14413,PRD_110,1,68.9,0.0
ITM_8815,ORD_14414,PRD_136,1,490.78,0.0
ITM_8816,ORD_14414,PRD_131,2,479.39,0.0
ITM_8817,ORD_14415,PRD_108,1,488.25,0.0
ITM_8818,ORD_14416,PRD_145,2,243.68,0.0
ITM_8819,ORD_14416,PRD_129,2,348.15,0.2
ITM_8820,ORD_14417,PRD_137,2,202.01,0.0
ITM_8821,ORD_14417,PRD_132,1,475.04,0.05
ITM_8822,ORD_14418,PRD_150,2,32.57,0.0
ITM_8823,ORD_14419,PRD_109,2,47.43,0.2
ITM_8824,ORD_14420,PRD_122,1,390.69,0.0
ITM_8825,ORD_14420,PRD_126,2,200.2,0.1
ITM_8826,ORD_14421,PRD_108,2,488.25,0.0
ITM_8827,ORD_14422,PRD_119,2,38.34,0.1
ITM_8828,ORD_14422,PRD_126,2,200.2,0.05
ITM_8829,ORD_14423,PRD_143,1,480.47,0.0
ITM_8830,ORD_14423,PRD_118,2,247.2,0.0
ITM_8831,ORD_14423,PRD_123,1,105.96,0.0
ITM_8832,ORD_14424,PRD_143,1,480.47,0.0
ITM_8833,ORD_14424,PRD_115,1,416.58,0.0
ITM_8834,ORD_14424,PRD_141,1,490.78,0.0
ITM_8835,ORD_14425,PRD_146,1,234.53,0.0
ITM_8836,ORD_14425,PRD_127,2,406.83,0.0
ITM_8837,ORD_14426,PRD_115,2,416.58,0.05
ITM_8838,ORD_14426,PRD_121,2,276.8,0.0
ITM_8839,ORD_14427,PRD_128,1,274.02,0.0
ITM_8840,ORD_14427,PRD_103,1,370.74,0.0
ITM_8841,ORD_14428,PRD_142,1,368.74,0.0
ITM_8842,ORD_14428,PRD_137,1,202.01,0.1
ITM_8843,ORD_14429,PRD_145,1,243.68,0.2
ITM_8844,ORD_14429,PRD_125,1,82.01,0.0
ITM_8845,ORD_14429,PRD_103,2,370.74,0.0
ITM_8846,ORD_14430,PRD_126,1,200.2,0.0
ITM_8847,ORD_14430,PRD_144,1,483.86,0.0
ITM_8848,ORD_14430,PRD_145,2,243.68,0.05
ITM_8849,ORD_14431,PRD_130,2,319.15,0.0
ITM_8850,ORD_14431,PRD_105,2,440.05,0.0
ITM_8851,ORD_14432,PRD_104,2,301.61,0.0
ITM_8852,ORD_14432,PRD_111,2,177.48,0.0
ITM_8853,ORD_14432,PRD_120,2,127.19,0.0
ITM_8854,ORD_14433,PRD_127,2,406.83,0.0
ITM_8855,ORD_14433,PRD_149,2,194.72,0.0
ITM_8856,ORD_14434,PRD_130,1,319.15,0.0
ITM_8857,ORD_14434,PRD_119,2,38.34,0.1
ITM_8858,ORD_14435,PRD_105,1,440.05,0.0
ITM_8859,ORD_14435,PRD_110,1,68.9,0.0
ITM_8860,ORD_14436,PRD_117,2,357.97,0.0
ITM_8861,ORD_14437,PRD_134,1,91.22,0.2
ITM_8862,ORD_14437,PRD_139,2,490.76,0.0
ITM_8863,ORD_14437,PRD_105,2,440.05,0.2
ITM_8864,ORD_14438,PRD_139,2,490.76,0.0
ITM_8865,ORD_14439,PRD_120,1,127.19,0.0
ITM_8866,ORD_14439,PRD_127,2,406.83,0.05
ITM_8867,ORD_14440,PRD_141,1,490.78,0.0
ITM_8868,ORD_14440,PRD_126,2,200.2,0.1
ITM_8869,ORD_14441,PRD_127,1,406.83,0.05
ITM_8870,ORD_14442,PRD_117,2,357.97,0.05
ITM_8871,ORD_14442,PRD_117,1,357.97,0.2
ITM_8872,ORD_14442,PRD_146,2,234.53,0.1
ITM_8873,ORD_14443,PRD_101,2,195.76,0.0
ITM_8874,ORD_14444,PRD_144,1,483.86,0.05
ITM_8875,ORD_14444,PRD_101,2,195.76,0.2
ITM_8876,ORD_14444,PRD_133,2,277.96,0.0
ITM_8877,ORD_14445,PRD_145,1,243.68,0.0
ITM_8878,ORD_14445,PRD_120,1,127.19,0.05
ITM_8879,ORD_14445,PRD_113,1,334.87,0.0
ITM_8880,ORD_14446,PRD_122,1,390.69,0.0
ITM_8881,ORD_14446,PRD_134,1,91.22,0.05
ITM_8882,ORD_14447,PRD_136,2,490.78,0.0
ITM_8883,ORD_14447,PRD_117,1,357.97,0.1
ITM_8884,ORD_14448,PRD_133,2,277.96,0.0
ITM_8885,ORD_14449,PRD_127,2,406.83,0.0
ITM_8886,ORD_14449,PRD_101,2,195.76,0.0
ITM_8887,ORD_14449,PRD_102,1,70.94,0.1
ITM_8888,ORD_14450,PRD_120,1,127.19,0.0
ITM_8889,ORD_14451,PRD_101,1,195.76,0.05
ITM_8890,ORD_14451,PRD_115,1,416.58,0.0
ITM_8891,ORD_14452,PRD_133,2,277.96,0.0
ITM_8892,ORD_14453,PRD_106,1,342.0,0.2
ITM_8893,ORD_14453,PRD_149,1,194.72,0.1
ITM_8894,ORD_14454,PRD_126,2,200.2,0.0
ITM_8895,ORD_14454,PRD_116,1,205.02,0.05
ITM_8896,ORD_14454,PRD_128,2,274.02,0.0
ITM_8897,ORD_14455,PRD_121,2,276.8,0.1
ITM_8898,ORD_14455,PRD_142,2,368.74,0.05
ITM_8899,ORD_14455,PRD_137,2,202.01,0.0
ITM_8900,ORD_14456,PRD_122,1,390.69,0.1
ITM_8901,ORD_14457,PRD_101,1,195.76,0.05
ITM_8902,ORD_14457,PRD_102,1,70.94,0.0
ITM_8903,ORD_14458,PRD_136,2,490.78,0.05
ITM_8904,ORD_14458,PRD_108,1,488.25,0.05
ITM_8905,ORD_14459,PRD_113,2,334.87,0.0
ITM_8906,ORD_14459,PRD_101,1,195.76,0.0
ITM_8907,ORD_14460,PRD_114,1,425.06,0.0
ITM_8908,ORD_14460,PRD_113,2,334.87,0.2
ITM_8909,ORD_14460,PRD_148,1,15.93,0.0
ITM_8910,ORD_14461,PRD_137,1,202.01,0.0
ITM_8911,ORD_14461,PRD_104,1,301.61,0.2
ITM_8912,ORD_14462,PRD_126,2,200.2,0.0
ITM_8913,ORD_14462,PRD_125,1,82.01,0.0
ITM_8914,ORD_14462,PRD_130,2,319.15,0.0
ITM_8915,ORD_14463,PRD_108,1,488.25,0.0
ITM_8916,ORD_14464,PRD_125,2,82.01,0.2
ITM_8917,ORD_14464,PRD_101,1,195.76,0.05
ITM_8918,ORD_14464,PRD_104,1,301.61,0.0
ITM_8919,ORD_14465,PRD_128,2,274.02,0.0
ITM_8920,ORD_14465,PRD_120,1,127.19,0.0
ITM_8921,ORD_14465,PRD_141,2,490.78,0.0
ITM_8922,ORD_14466,PRD_138,1,106.49,0.0
ITM_8923,ORD_14466,PRD_105,2,440.05,0.0
ITM_8924,ORD_14466,PRD_103,2,370.74,0.05
ITM_8925,ORD_14467,PRD_119,2,38.34,0.0
ITM_8926,ORD_14468,PRD_104,1,301.61,0.05
ITM_8927,ORD_14468,PRD_131,2,479.39,0.2
ITM_8928,ORD_14468,PRD_115,2,416.58,0.05
ITM_8929,ORD_14469,PRD_118,1,247.2,0.0
ITM_8930,ORD_14470,PRD_102,1,70.94,0.1
ITM_8931,ORD_14470,PRD_143,1,480.47,0.1
ITM_8932,ORD_14471,PRD_107,1,140.95,0.05
ITM_8933,ORD_14472,PRD_109,1,47.43,0.1
ITM_8934,ORD_14472,PRD_120,2,127.19,0.0
ITM_8935,ORD_14472,PRD_123,2,105.96,0.0
ITM_8936,ORD_14473,PRD_139,1,490.76,0.0
ITM_8937,ORD_14474,PRD_143,2,480.47,0.0
ITM_8938,ORD_14474,PRD_132,1,475.04,0.1
ITM_8939,ORD_14475,PRD_130,2,319.15,0.0
ITM_8940,ORD_14475,PRD_127,2,406.83,0.0
ITM_8941,ORD_14476,PRD_131,1,479.39,0.1
ITM_8942,ORD_14476,PRD_143,1,480.47,0.0
ITM_8943,ORD_14477,PRD_107,1,140.95,0.1
ITM_8944,ORD_14477,PRD_132,2,475.04,0.05
ITM_8945,ORD_14478,PRD_105,1,440.05,0.0
ITM_8946,ORD_14478,PRD_133,2,277.96,0.05
ITM_8947,ORD_14478,PRD_120,2,127.19,0.0
ITM_8948,ORD_14479,PRD_149,2,194.72,0.0
ITM_8949,ORD_14479,PRD_120,2,127.19,0.0
ITM_8950,ORD_14480,PRD_125,2,82.01,0.0
ITM_8951,ORD_14480,PRD_109,1,47.43,0.1
ITM_8952,ORD_14480,PRD_141,1,490.78,0.05
ITM_8953,ORD_14481,PRD_108,2,488.25,0.1
ITM_8954,ORD_14482,PRD_134,1,91.22,0.05
ITM_8955,ORD_14482,PRD_111,2,177.48,0.0
ITM_8956,ORD_14483,PRD_131,1,479.39,0.0
ITM_8957,ORD_14483,PRD_144,1,483.86,0.0
ITM_8958,ORD_14484,PRD_147,1,286.89,0.0
ITM_8959,ORD_14485,PRD_119,1,38.34,0.0
ITM_8960,ORD_14486,PRD_148,2,15.93,0.05
ITM_8961,ORD_14486,PRD_108,1,488.25,0.0
ITM_8962,ORD_14487,PRD_111,2,177.48,0.0
ITM_8963,ORD_14488,PRD_147,1,286.89,0.05
ITM_8964,ORD_14489,PRD_126,2,200.2,0.05
ITM_8965,ORD_14489,PRD_147,2,286.89,0.0
ITM_8966,ORD_14490,PRD_126,2,200.2,0.05
ITM_8967,ORD_14490,PRD_119,2,38.34,0.1
ITM_8968,ORD_14490,PRD_118,1,247.2,0.0
ITM_8969,ORD_14491,PRD_145,1,243.68,0.0
ITM_8970,ORD_14492,PRD_106,2,342.0,0.0
ITM_8971,ORD_14492,PRD_138,1,106.49,0.1
ITM_8972,ORD_14493,PRD_138,1,106.49,0.0
ITM_8973,ORD_14493,PRD_141,2,490.78,0.05
ITM_8974,ORD_14493,PRD_126,1,200.2,0.1
ITM_8975,ORD_14494,PRD_134,1,91.22,0.0
ITM_8976,ORD_14494,PRD_120,2,127.19,0.05
ITM_8977,ORD_14495,PRD_134,1,91.22,0.0
ITM_8978,ORD_14496,PRD_129,2,348.15,0.0
ITM_8979,ORD_14496,PRD_128,2,274.02,0.1
ITM_8980,ORD_14496,PRD_125,1,82.01,0.0
ITM_8981,ORD_14497,PRD_144,1,483.86,0.2
ITM_8982,ORD_14497,PRD_107,1,140.95,0.05
ITM_8983,ORD_14497,PRD_132,1,475.04,0.0
ITM_8984,ORD_14498,PRD_112,2,324.51,0.0
ITM_8985,ORD_14499,PRD_150,2,32.57,0.05
ITM_8986,ORD_14499,PRD_119,2,38.34,0.05
ITM_8987,ORD_14499,PRD_136,2,490.78,0.0
ITM_8988,ORD_14500,PRD_120,1,127.19,0.0
ITM_8989,ORD_14501,PRD_116,1,205.02,0.1
ITM_8990,ORD_14501,PRD_147,2,286.89,0.0
ITM_8991,ORD_14501,PRD_122,1,390.69,0.2
ITM_8992,ORD_14502,PRD_109,1,47.43,0.0
ITM_8993,ORD_14502,PRD_108,1,488.25,0.0
ITM_8994,ORD_14503,PRD_135,1,449.86,0.05
ITM_8995,ORD_14503,PRD_130,1,319.15,0.0
ITM_8996,ORD_14503,PRD_104,2,301.61,0.2
ITM_8997,ORD_14504,PRD_109,2,47.43,0.0
ITM_8998,ORD_14504,PRD_117,1,357.97,0.0
ITM_8999,ORD_14504,PRD_125,2,82.01,0.05
ITM_9000,ORD_14505,PRD_123,1,105.96,0.0
ITM_9001,ORD_14506,PRD_121,1,276.8,0.0
ITM_9002,ORD_14507,PRD_106,1,342.0,0.1
ITM_9003,ORD_14507,PRD_109,2,47.43,0.0
ITM_9004,ORD_14507,PRD_112,2,324.51,0.0
ITM_9005,ORD_14508,PRD_129,2,348.15,0.0
ITM_9006,ORD_14508,PRD_129,2,348.15,0.05
ITM_9007,ORD_14509,PRD_116,1,205.02,0.0
ITM_9008,ORD_14510,PRD_123,1,105.96,0.0
ITM_9009,ORD_14511,PRD_138,2,106.49,0.1
ITM_9010,ORD_14512,PRD_149,2,194.72,0.0
ITM_9011,ORD_14512,PRD_107,1,140.95,0.05
ITM_9012,ORD_14513,PRD_119,2,38.34,0.2
ITM_9013,ORD_14513,PRD_145,2,243.68,0.0
ITM_9014,ORD_14514,PRD_131,2,479.39,0.05
ITM_9015,ORD_14514,PRD_113,2,334.87,0.0
ITM_9016,ORD_14514,PRD_130,2,319.15,0.0
ITM_9017,ORD_14515,PRD_111,1,177.48,0.2
ITM_9018,ORD_14516,PRD_111,1,177.48,0.0
ITM_9019,ORD_14516,PRD_119,1,38.34,0.0
ITM_9020,ORD_14517,PRD_117,1,357.97,0.2
ITM_9021,ORD_14517,PRD_149,1,194.72,0.0
ITM_9022,ORD_14518,PRD_121,2,276.8,0.05
ITM_9023,ORD_14518,PRD_114,1,425.06,0.0
ITM_9024,ORD_14518,PRD_141,2,490.78,0.0
ITM_9025,ORD_14519,PRD_127,1,406.83,0.2
ITM_9026,ORD_14519,PRD_120,1,127.19,0.1
ITM_9027,ORD_14519,PRD_148,1,15.93,0.2
ITM_9028,ORD_14520,PRD_106,2,342.0,0.0
ITM_9029,ORD_14521,PRD_139,2,490.76,0.0
ITM_9030,ORD_14522,PRD_123,2,105.96,0.0
ITM_9031,ORD_14522,PRD_105,2,440.05,0.0
ITM_9032,ORD_14523,PRD_123,2,105.96,0.0
ITM_9033,ORD_14523,PRD_131,1,479.39,0.0
ITM_9034,ORD_14524,PRD_105,1,440.05,0.05
ITM_9035,ORD_14525,PRD_131,1,479.39,0.1
ITM_9036,ORD_14525,PRD_105,2,440.05,0.0
ITM_9037,ORD_14526,PRD_116,2,205.02,0.0
ITM_9038,ORD_14526,PRD_108,1,488.25,0.0
ITM_9039,ORD_14526,PRD_116,2,205.02,0.2
ITM_9040,ORD_14527,PRD_139,2,490.76,0.0
ITM_9041,ORD_14527,PRD_107,1,140.95,0.0
ITM_9042,ORD_14527,PRD_109,1,47.43,0.1
ITM_9043,ORD_14528,PRD_103,2,370.74,0.0
ITM_9044,ORD_14528,PRD_102,2,70.94,0.1
ITM_9045,ORD_14529,PRD_135,1,449.86,0.0
ITM_9046,ORD_14529,PRD_127,1,406.83,0.0
ITM_9047,ORD_14529,PRD_101,2,195.76,0.0
ITM_9048,ORD_14530,PRD_127,1,406.83,0.0
ITM_9049,ORD_14530,PRD_134,1,91.22,0.05
ITM_9050,ORD_14530,PRD_144,1,483.86,0.0
ITM_9051,ORD_14531,PRD_142,2,368.74,0.0
ITM_9052,ORD_14532,PRD_140,2,234.89,0.2
ITM_9053,ORD_14533,PRD_143,1,480.47,0.1
ITM_9054,ORD_14533,PRD_129,2,348.15,0.0
ITM_9055,ORD_14534,PRD_120,2,127.19,0.2
ITM_9056,ORD_14535,PRD_129,2,348.15,0.0
ITM_9057,ORD_14535,PRD_111,1,177.48,0.05
ITM_9058,ORD_14536,PRD_110,1,68.9,0.05
ITM_9059,ORD_14536,PRD_104,2,301.61,0.0
ITM_9060,ORD_14536,PRD_146,1,234.53,0.05
ITM_9061,ORD_14537,PRD_107,2,140.95,0.2
ITM_9062,ORD_14538,PRD_123,1,105.96,0.0
ITM_9063,ORD_14538,PRD_119,2,38.34,0.0
ITM_9064,ORD_14539,PRD_112,1,324.51,0.0
ITM_9065,ORD_14539,PRD_118,1,247.2,0.0
ITM_9066,ORD_14539,PRD_116,1,205.02,0.0
ITM_9067,ORD_14540,PRD_121,2,276.8,0.2
ITM_9068,ORD_14540,PRD_141,1,490.78,0.0
ITM_9069,ORD_14540,PRD_130,1,319.15,0.0
ITM_9070,ORD_14541,PRD_137,2,202.01,0.0
ITM_9071,ORD_14541,PRD_108,1,488.25,0.05
ITM_9072,ORD_14541,PRD_129,1,348.15,0.0
ITM_9073,ORD_14542,PRD_123,1,105.96,0.1
ITM_9074,ORD_14542,PRD_105,2,440.05,0.0
ITM_9075,ORD_14542,PRD_124,2,425.13,0.0
ITM_9076,ORD_14543,PRD_129,2,348.15,0.05
ITM_9077,ORD_14543,PRD_120,2,127.19,0.0
ITM_9078,ORD_14544,PRD_146,1,234.53,0.0
ITM_9079,ORD_14545,PRD_140,2,234.89,0.1
ITM_9080,ORD_14545,PRD_117,1,357.97,0.0
ITM_9081,ORD_14546,PRD_136,1,490.78,0.0
ITM_9082,ORD_14547,PRD_119,2,38.34,0.1
ITM_9083,ORD_14548,PRD_101,1,195.76,0.0
ITM_9084,ORD_14548,PRD_120,1,127.19,0.0
ITM_9085,ORD_14548,PRD_118,1,247.2,0.0
ITM_9086,ORD_14549,PRD_106,2,342.0,0.0
ITM_9087,ORD_14550,PRD_139,1,490.76,0.0
ITM_9088,ORD_14551,PRD_112,1,324.51,0.0
ITM_9089,ORD_14551,PRD_144,1,483.86,0.05
ITM_9090,ORD_14552,PRD_125,1,82.01,0.2
ITM_9091,ORD_14552,PRD_109,2,47.43,0.1
ITM_9092,ORD_14552,PRD_115,2,416.58,0.0
ITM_9093,ORD_14553,PRD_130,1,319.15,0.05
ITM_9094,ORD_14553,PRD_110,2,68.9,0.0
ITM_9095,ORD_14553,PRD_107,2,140.95,0.0
ITM_9096,ORD_14554,PRD_144,1,483.86,0.0
ITM_9097,ORD_14554,PRD_140,2,234.89,0.05
ITM_9098,ORD_14554,PRD_145,2,243.68,0.0
ITM_9099,ORD_14555,PRD_104,2,301.61,0.0
ITM_9100,ORD_14555,PRD_119,1,38.34,0.2
ITM_9101,ORD_14555,PRD_103,1,370.74,0.0
ITM_9102,ORD_14556,PRD_137,2,202.01,0.05
ITM_9103,ORD_14556,PRD_128,2,274.02,0.05
ITM_9104,ORD_14556,PRD_137,2,202.01,0.0
ITM_9105,ORD_14557,PRD_107,1,140.95,0.0
ITM_9106,ORD_14557,PRD_141,2,490.78,0.05
ITM_9107,ORD_14557,PRD_118,2,247.2,0.05
ITM_9108,ORD_14558,PRD_115,1,416.58,0.0
ITM_9109,ORD_14558,PRD_117,1,357.97,0.0
ITM_9110,ORD_14558,PRD_117,2,357.97,0.0
ITM_9111,ORD_14559,PRD_145,2,243.68,0.05
ITM_9112,ORD_14560,PRD_137,1,202.01,0.0
ITM_9113,ORD_14560,PRD_102,2,70.94,0.0
ITM_9114,ORD_14561,PRD_114,2,425.06,0.1
ITM_9115,ORD_14562,PRD_144,2,483.86,0.1
ITM_9116,ORD_14563,PRD_139,1,490.76,0.1
ITM_9117,ORD_14563,PRD_138,2,106.49,0.2
ITM_9118,ORD_14564,PRD_150,1,32.57,0.2
ITM_9119,ORD_14564,PRD_145,2,243.68,0.0
ITM_9120,ORD_14564,PRD_137,1,202.01,0.0
ITM_9121,ORD_14565,PRD_120,1,127.19,0.0
ITM_9122,ORD_14566,PRD_120,2,127.19,0.0
ITM_9123,ORD_14567,PRD_108,1,488.25,0.0
ITM_9124,ORD_14567,PRD_107,2,140.95,0.0
ITM_9125,ORD_14567,PRD_142,1,368.74,0.05
ITM_9126,ORD_14568,PRD_149,1,194.72,0.0
ITM_9127,ORD_14568,PRD_119,2,38.34,0.0
ITM_9128,ORD_14569,PRD_133,2,277.96,0.0
ITM_9129,ORD_14570,PRD_144,1,483.86,0.0
ITM_9130,ORD_14570,PRD_134,2,91.22,0.0
ITM_9131,ORD_14571,PRD_102,1,70.94,0.0
ITM_9132,ORD_14571,PRD_106,2,342.0,0.1
ITM_9133,ORD_14572,PRD_118,1,247.2,0.0
ITM_9134,ORD_14572,PRD_125,2,82.01,0.1
ITM_9135,ORD_14573,PRD_128,1,274.02,0.0
ITM_9136,ORD_14573,PRD_131,2,479.39,0.0
ITM_9137,ORD_14574,PRD_126,2,200.2,0.05
ITM_9138,ORD_14574,PRD_102,2,70.94,0.0
ITM_9139,ORD_14575,PRD_144,2,483.86,0.0
ITM_9140,ORD_14576,PRD_147,1,286.89,0.05
ITM_9141,ORD_14576,PRD_138,2,106.49,0.0
ITM_9142,ORD_14576,PRD_121,1,276.8,0.0
ITM_9143,ORD_14577,PRD_122,2,390.69,0.0
ITM_9144,ORD_14577,PRD_146,1,234.53,0.0
ITM_9145,ORD_14577,PRD_135,2,449.86,0.05
ITM_9146,ORD_14578,PRD_125,2,82.01,0.0
ITM_9147,ORD_14579,PRD_106,1,342.0,0.2
ITM_9148,ORD_14579,PRD_116,2,205.02,0.0
ITM_9149,ORD_14579,PRD_145,2,243.68,0.1
ITM_9150,ORD_14580,PRD_124,2,425.13,0.0
ITM_9151,ORD_14581,PRD_140,1,234.89,0.1
ITM_9152,ORD_14581,PRD_120,1,127.19,0.05
ITM_9153,ORD_14582,PRD_138,2,106.49,0.0
ITM_9154,ORD_14582,PRD_147,1,286.89,0.1
ITM_9155,ORD_14582,PRD_125,2,82.01,0.05
ITM_9156,ORD_14583,PRD_150,1,32.57,0.0
ITM_9157,ORD_14583,PRD_147,2,286.89,0.0
ITM_9158,ORD_14583,PRD_117,2,357.97,0.1
ITM_9159,ORD_14584,PRD_105,2,440.05,0.0
ITM_9160,ORD_14584,PRD_127,1,406.83,0.05
ITM_9161,ORD_14585,PRD_138,2,106.49,0.0
ITM_9162,ORD_14585,PRD_117,1,357.97,0.0
ITM_9163,ORD_14586,PRD_125,2,82.01,0.0
ITM_9164,ORD_14586,PRD_101,1,195.76,0.2
ITM_9165,ORD_14587,PRD_118,1,247.2,0.0
ITM_9166,ORD_14587,PRD_105,2,440.05,0.0
ITM_9167,ORD_14588,PRD_105,1,440.05,0.05
ITM_9168,ORD_14588,PRD_134,1,91.22,0.05
ITM_9169,ORD_14588,PRD_107,1,140.95,0.0
ITM_9170,ORD_14589,PRD_109,1,47.43,0.0
ITM_9171,ORD_14589,PRD_120,1,127.19,0.1
ITM_9172,ORD_14589,PRD_123,2,105.96,0.1
ITM_9173,ORD_14590,PRD_138,1,106.49,0.1
ITM_9174,ORD_14591,PRD_106,1,342.0,0.2
ITM_9175,ORD_14591,PRD_145,1,243.68,0.2
ITM_9176,ORD_14591,PRD_102,1,70.94,0.0
ITM_9177,ORD_14592,PRD_142,2,368.74,0.0
ITM_9178,ORD_14592,PRD_101,1,195.76,0.2
ITM_9179,ORD_14593,PRD_101,1,195.76,0.0
ITM_9180,ORD_14593,PRD_143,1,480.47,0.05
ITM_9181,ORD_14593,PRD_132,1,475.04,0.0
ITM_9182,ORD_14594,PRD_103,2,370.74,0.0
ITM_9183,ORD_14594,PRD_135,1,449.86,0.0
ITM_9184,ORD_14595,PRD_117,1,357.97,0.0
ITM_9185,ORD_14596,PRD_109,2,47.43,0.0
ITM_9186,ORD_14597,PRD_139,2,490.76,0.05
ITM_9187,ORD_14597,PRD_148,2,15.93,0.0
ITM_9188,ORD_14597,PRD_113,1,334.87,0.0
ITM_9189,ORD_14598,PRD_109,2,47.43,0.05
ITM_9190,ORD_14598,PRD_126,1,200.2,0.2
ITM_9191,ORD_14599,PRD_133,1,277.96,0.0
ITM_9192,ORD_14600,PRD_128,1,274.02,0.0
ITM_9193,ORD_14600,PRD_118,1,247.2,0.05
ITM_9194,ORD_14600,PRD_107,1,140.95,0.0
ITM_9195,ORD_14601,PRD_144,1,483.86,0.05
ITM_9196,ORD_14602,PRD_110,2,68.9,0.1
ITM_9197,ORD_14602,PRD_143,2,480.47,0.0
ITM_9198,ORD_14602,PRD_129,1,348.15,0.0
ITM_9199,ORD_14603,PRD_146,2,234.53,0.2
ITM_9200,ORD_14604,PRD_149,2,194.72,0.0
ITM_9201,ORD_14604,PRD_109,2,47.43,0.0
ITM_9202,ORD_14604,PRD_123,2,105.96,0.0
ITM_9203,ORD_14605,PRD_135,1,449.86,0.0
ITM_9204,ORD_14606,PRD_136,2,490.78,0.1
ITM_9205,ORD_14606,PRD_104,2,301.61,0.0
ITM_9206,ORD_14607,PRD_109,2,47.43,0.0
ITM_9207,ORD_14607,PRD_137,2,202.01,0.1
ITM_9208,ORD_14607,PRD_136,2,490.78,0.0
ITM_9209,ORD_14608,PRD_104,2,301.61,0.05
ITM_9210,ORD_14609,PRD_101,2,195.76,0.0
ITM_9211,ORD_14610,PRD_103,2,370.74,0.0
ITM_9212,ORD_14611,PRD_129,2,348.15,0.0
ITM_9213,ORD_14611,PRD_141,1,490.78,0.0
ITM_9214,ORD_14611,PRD_123,1,105.96,0.05
ITM_9215,ORD_14612,PRD_119,2,38.34,0.0
ITM_9216,ORD_14613,PRD_147,2,286.89,0.0
ITM_9217,ORD_14613,PRD_129,1,348.15,0.0
ITM_9218,ORD_14614,PRD_109,1,47.43,0.05
ITM_9219,ORD_14615,PRD_137,2,202.01,0.0
ITM_9220,ORD_14615,PRD_128,2,274.02,0.05
ITM_9221,ORD_14616,PRD_127,2,406.83,0.0
ITM_9222,ORD_14616,PRD_140,2,234.89,0.05
ITM_9223,ORD_14617,PRD_127,2,406.83,0.1
ITM_9224,ORD_14618,PRD_129,1,348.15,0.0
ITM_9225,ORD_14618,PRD_136,1,490.78,0.0
ITM_9226,ORD_14618,PRD_114,1,425.06,0.0
ITM_9227,ORD_14619,PRD_142,2,368.74,0.0
ITM_9228,ORD_14619,PRD_133,1,277.96,0.0
ITM_9229,ORD_14620,PRD_142,1,368.74,0.2
ITM_9230,ORD_14620,PRD_120,2,127.19,0.05
ITM_9231,ORD_14620,PRD_138,2,106.49,0.1
ITM_9232,ORD_14621,PRD_132,2,475.04,0.0
ITM_9233,ORD_14622,PRD_106,2,342.0,0.0
ITM_9234,ORD_14622,PRD_131,1,479.39,0.2
ITM_9235,ORD_14623,PRD_150,2,32.57,0.05
ITM_9236,ORD_14623,PRD_104,1,301.61,0.2
ITM_9237,ORD_14623,PRD_106,1,342.0,0.2
ITM_9238,ORD_14624,PRD_149,1,194.72,0.2
ITM_9239,ORD_14624,PRD_146,2,234.53,0.05
ITM_9240,ORD_14624,PRD_131,2,479.39,0.05
ITM_9241,ORD_14625,PRD_105,1,440.05,0.0
ITM_9242,ORD_14625,PRD_105,2,440.05,0.0
ITM_9243,ORD_14625,PRD_110,2,68.9,0.0
ITM_9244,ORD_14626,PRD_101,2,195.76,0.0
ITM_9245,ORD_14626,PRD_136,1,490.78,0.0
ITM_9246,ORD_14626,PRD_143,2,480.47,0.0
ITM_9247,ORD_14627,PRD_117,1,357.97,0.0
ITM_9248,ORD_14627,PRD_109,1,47.43,0.0
ITM_9249,ORD_14628,PRD_124,2,425.13,0.0
ITM_9250,ORD_14629,PRD_139,2,490.76,0.05
ITM_9251,ORD_14629,PRD_105,1,440.05,0.2
ITM_9252,ORD_14629,PRD_128,2,274.02,0.0
ITM_9253,ORD_14630,PRD_123,1,105.96,0.0
ITM_9254,ORD_14630,PRD_110,2,68.9,0.0
ITM_9255,ORD_14630,PRD_148,1,15.93,0.0
ITM_9256,ORD_14631,PRD_133,1,277.96,0.0
ITM_9257,ORD_14631,PRD_127,2,406.83,0.0
ITM_9258,ORD_14631,PRD_109,1,47.43,0.05
ITM_9259,ORD_14632,PRD_128,1,274.02,0.0
ITM_9260,ORD_14632,PRD_144,1,483.86,0.0
ITM_9261,ORD_14633,PRD_102,1,70.94,0.0
ITM_9262,ORD_14633,PRD_125,1,82.01,0.2
ITM_9263,ORD_14633,PRD_126,2,200.2,0.0
ITM_9264,ORD_14634,PRD_145,2,243.68,0.0
ITM_9265,ORD_14634,PRD_146,1,234.53,0.0
ITM_9266,ORD_14635,PRD_124,1,425.13,0.0
ITM_9267,ORD_14635,PRD_127,2,406.83,0.05
ITM_9268,ORD_14636,PRD_134,1,91.22,0.0
ITM_9269,ORD_14636,PRD_139,1,490.76,0.0
ITM_9270,ORD_14636,PRD_113,2,334.87,0.0
ITM_9271,ORD_14637,PRD_104,2,301.61,0.0
ITM_9272,ORD_14637,PRD_134,2,91.22,0.0
ITM_9273,ORD_14637,PRD_118,1,247.2,0.2
ITM_9274,ORD_14638,PRD_142,1,368.74,0.05
ITM_9275,ORD_14639,PRD_103,1,370.74,0.0
ITM_9276,ORD_14639,PRD_112,1,324.51,0.0
ITM_9277,ORD_14639,PRD_140,1,234.89,0.0
ITM_9278,ORD_14640,PRD_140,1,234.89,0.0
ITM_9279,ORD_14640,PRD_149,1,194.72,0.2
ITM_9280,ORD_14641,PRD_112,1,324.51,0.0
ITM_9281,ORD_14641,PRD_150,1,32.57,0.0
ITM_9282,ORD_14642,PRD_119,2,38.34,0.0
ITM_9283,ORD_14642,PRD_140,1,234.89,0.0
ITM_9284,ORD_14643,PRD_122,2,390.69,0.0
ITM_9285,ORD_14643,PRD_111,1,177.48,0.0
ITM_9286,ORD_14643,PRD_112,1,324.51,0.0
ITM_9287,ORD_14644,PRD_121,1,276.8,0.05
ITM_9288,ORD_14645,PRD_102,2,70.94,0.05
ITM_9289,ORD_14645,PRD_116,1,205.02,0.05
ITM_9290,ORD_14645,PRD_116,2,205.02,0.05
ITM_9291,ORD_14646,PRD_124,1,425.13,0.05
ITM_9292,ORD_14646,PRD_101,1,195.76,0.1
ITM_9293,ORD_14646,PRD_122,1,390.69,0.0
ITM_9294,ORD_14647,PRD_146,2,234.53,0.0
ITM_9295,ORD_14647,PRD_102,1,70.94,0.05
ITM_9296,ORD_14647,PRD_147,2,286.89,0.0
ITM_9297,ORD_14648,PRD_117,2,357.97,0.2
ITM_9298,ORD_14648,PRD_116,1,205.02,0.0
ITM_9299,ORD_14648,PRD_141,2,490.78,0.0
ITM_9300,ORD_14649,PRD_146,2,234.53,0.0
ITM_9301,ORD_14650,PRD_107,1,140.95,0.0
ITM_9302,ORD_14651,PRD_129,1,348.15,0.05
ITM_9303,ORD_14652,PRD_145,1,243.68,0.0
ITM_9304,ORD_14652,PRD_135,1,449.86,0.0
ITM_9305,ORD_14653,PRD_144,2,483.86,0.05
ITM_9306,ORD_14654,PRD_106,2,342.0,0.05
ITM_9307,ORD_14655,PRD_140,1,234.89,0.05
ITM_9308,ORD_14655,PRD_147,2,286.89,0.0
ITM_9309,ORD_14655,PRD_132,1,475.04,0.0
ITM_9310,ORD_14656,PRD_146,1,234.53,0.05
ITM_9311,ORD_14657,PRD_112,2,324.51,0.1
ITM_9312,ORD_14657,PRD_111,2,177.48,0.0
ITM_9313,ORD_14657,PRD_145,1,243.68,0.0
ITM_9314,ORD_14658,PRD_139,1,490.76,0.0
ITM_9315,ORD_14658,PRD_104,2,301.61,0.05
ITM_9316,ORD_14658,PRD_139,2,490.76,0.2
ITM_9317,ORD_14659,PRD_143,1,480.47,0.0
ITM_9318,ORD_14659,PRD_101,2,195.76,0.0
ITM_9319,ORD_14659,PRD_141,2,490.78,0.0
ITM_9320,ORD_14660,PRD_124,2,425.13,0.1
ITM_9321,ORD_14660,PRD_122,2,390.69,0.05
ITM_9322,ORD_14661,PRD_123,1,105.96,0.05
ITM_9323,ORD_14661,PRD_121,2,276.8,0.05
ITM_9324,ORD_14661,PRD_101,1,195.76,0.0
ITM_9325,ORD_14662,PRD_127,1,406.83,0.0
ITM_9326,ORD_14662,PRD_124,2,425.13,0.05
ITM_9327,ORD_14662,PRD_141,1,490.78,0.0
ITM_9328,ORD_14663,PRD_109,2,47.43,0.2
ITM_9329,ORD_14663,PRD_116,2,205.02,0.0
ITM_9330,ORD_14664,PRD_113,1,334.87,0.2
ITM_9331,ORD_14665,PRD_119,2,38.34,0.0
ITM_9332,ORD_14666,PRD_114,2,425.06,0.0
ITM_9333,ORD_14666,PRD_143,1,480.47,0.05
ITM_9334,ORD_14667,PRD_110,1,68.9,0.0
ITM_9335,ORD_14667,PRD_134,2,91.22,0.05
ITM_9336,ORD_14667,PRD_133,2,277.96,0.05
ITM_9337,ORD_14668,PRD_141,2,490.78,0.05
ITM_9338,ORD_14669,PRD_124,2,425.13,0.2
ITM_9339,ORD_14669,PRD_125,2,82.01,0.0
ITM_9340,ORD_14670,PRD_143,1,480.47,0.0
ITM_9341,ORD_14670,PRD_127,2,406.83,0.0
ITM_9342,ORD_14670,PRD_127,2,406.83,0.0
ITM_9343,ORD_14671,PRD_106,1,342.0,0.1
ITM_9344,ORD_14671,PRD_150,1,32.57,0.1
ITM_9345,ORD_14671,PRD_117,2,357.97,0.0
ITM_9346,ORD_14672,PRD_138,1,106.49,0.05
ITM_9347,ORD_14672,PRD_120,2,127.19,0.05
ITM_9348,ORD_14672,PRD_146,1,234.53,0.05
ITM_9349,ORD_14673,PRD_138,1,106.49,0.0
ITM_9350,ORD_14674,PRD_108,1,488.25,0.05
ITM_9351,ORD_14675,PRD_134,1,91.22,0.05
ITM_9352,ORD_14675,PRD_120,1,127.19,0.0
ITM_9353,ORD_14676,PRD_106,1,342.0,0.0
ITM_9354,ORD_14676,PRD_102,1,70.94,0.0
ITM_9355,ORD_14677,PRD_148,2,15.93,0.0
ITM_9356,ORD_14678,PRD_149,2,194.72,0.2
ITM_9357,ORD_14679,PRD_127,1,406.83,0.0
ITM_9358,ORD_14679,PRD_135,1,449.86,0.0
ITM_9359,ORD_14680,PRD_115,2,416.58,0.0
ITM_9360,ORD_14680,PRD_103,1,370.74,0.0
ITM_9361,ORD_14681,PRD_138,1,106.49,0.05
ITM_9362,ORD_14682,PRD_130,1,319.15,0.05
ITM_9363,ORD_14682,PRD_128,2,274.02,0.2
ITM_9364,ORD_14682,PRD_143,2,480.47,0.0
ITM_9365,ORD_14683,PRD_101,2,195.76,0.0
ITM_9366,ORD_14684,PRD_125,2,82.01,0.2
ITM_9367,ORD_14685,PRD_126,1,200.2,0.1
ITM_9368,ORD_14686,PRD_123,2,105.96,0.05
ITM_9369,ORD_14687,PRD_128,1,274.02,0.0
ITM_9370,ORD_14688,PRD_138,1,106.49,0.0
ITM_9371,ORD_14688,PRD_144,2,483.86,0.05
ITM_9372,ORD_14688,PRD_129,1,348.15,0.0
ITM_9373,ORD_14689,PRD_116,2,205.02,0.0
ITM_9374,ORD_14689,PRD_128,1,274.02,0.1
ITM_9375,ORD_14690,PRD_118,2,247.2,0.0
ITM_9376,ORD_14691,PRD_139,2,490.76,0.05
ITM_9377,ORD_14692,PRD_140,1,234.89,0.0
ITM_9378,ORD_14693,PRD_136,1,490.78,0.0
ITM_9379,ORD_14693,PRD_115,2,416.58,0.0
ITM_9380,ORD_14693,PRD_110,2,68.9,0.0
ITM_9381,ORD_14694,PRD_109,1,47.43,0.1
ITM_9382,ORD_14694,PRD_134,1,91.22,0.05
ITM_9383,ORD_14694,PRD_104,2,301.61,0.1
ITM_9384,ORD_14695,PRD_133,1,277.96,0.0
ITM_9385,ORD_14695,PRD_131,2,479.39,0.0
ITM_9386,ORD_14696,PRD_102,1,70.94,0.05
ITM_9387,ORD_14697,PRD_109,2,47.43,0.05
ITM_9388,ORD_14697,PRD_112,1,324.51,0.2
ITM_9389,ORD_14698,PRD_126,1,200.2,0.0
ITM_9390,ORD_14699,PRD_113,2,334.87,0.0
ITM_9391,ORD_14700,PRD_144,1,483.86,0.0
ITM_9392,ORD_14701,PRD_120,1,127.19,0.0
ITM_9393,ORD_14701,PRD_106,1,342.0,0.05
ITM_9394,ORD_14701,PRD_109,2,47.43,0.05
ITM_9395,ORD_14702,PRD_107,2,140.95,0.0
ITM_9396,ORD_14703,PRD_101,2,195.76,0.0
ITM_9397,ORD_14703,PRD_112,2,324.51,0.2
ITM_9398,ORD_14704,PRD_123,1,105.96,0.05
ITM_9399,ORD_14705,PRD_114,2,425.06,0.0
ITM_9400,ORD_14706,PRD_139,2,490.76,0.2
ITM_9401,ORD_14706,PRD_134,2,91.22,0.05
ITM_9402,ORD_14706,PRD_101,1,195.76,0.0
ITM_9403,ORD_14707,PRD_130,1,319.15,0.0
ITM_9404,ORD_14707,PRD_117,2,357.97,0.0
ITM_9405,ORD_14707,PRD_136,2,490.78,0.0
ITM_9406,ORD_14708,PRD_131,2,479.39,0.05
ITM_9407,ORD_14709,PRD_109,2,47.43,0.0
ITM_9408,ORD_14710,PRD_111,2,177.48,0.0
ITM_9409,ORD_14711,PRD_141,1,490.78,0.0
ITM_9410,ORD_14712,PRD_127,2,406.83,0.0
ITM_9411,ORD_14712,PRD_128,1,274.02,0.0
ITM_9412,ORD_14713,PRD_130,1,319.15,0.1
ITM_9413,ORD_14713,PRD_140,1,234.89,0.05
ITM_9414,ORD_14714,PRD_103,1,370.74,0.05
ITM_9415,ORD_14714,PRD_110,2,68.9,0.0
ITM_9416,ORD_14715,PRD_118,1,247.2,0.0
ITM_9417,ORD_14715,PRD_136,1,490.78,0.0
ITM_9418,ORD_14715,PRD_118,1,247.2,0.0
ITM_9419,ORD_14716,PRD_117,1,357.97,0.0
ITM_9420,ORD_14716,PRD_146,1,234.53,0.0
ITM_9421,ORD_14716,PRD_144,2,483.86,0.2
ITM_9422,ORD_14717,PRD_133,1,277.96,0.0
ITM_9423,ORD_14718,PRD_116,1,205.02,0.0
ITM_9424,ORD_14718,PRD_125,2,82.01,0.0
ITM_9425,ORD_14719,PRD_132,1,475.04,0.0
ITM_9426,ORD_14720,PRD_123,2,105.96,0.0
ITM_9427,ORD_14720,PRD_145,1,243.68,0.05
ITM_9428,ORD_14721,PRD_135,2,449.86,0.0
ITM_9429,ORD_14721,PRD_139,1,490.76,0.1
ITM_9430,ORD_14721,PRD_148,1,15.93,0.0
ITM_9431,ORD_14722,PRD_108,2,488.25,0.2
ITM_9432,ORD_14722,PRD_135,2,449.86,0.0
ITM_9433,ORD_14723,PRD_135,1,449.86,0.0
ITM_9434,ORD_14723,PRD_123,1,105.96,0.1
ITM_9435,ORD_14724,PRD_134,2,91.22,0.0
ITM_9436,ORD_14724,PRD_130,2,319.15,0.0
ITM_9437,ORD_14725,PRD_106,1,342.0,0.05
ITM_9438,ORD_14725,PRD_128,1,274.02,0.0
ITM_9439,ORD_14725,PRD_119,1,38.34,0.2
ITM_9440,ORD_14726,PRD_111,2,177.48,0.0
ITM_9441,ORD_14726,PRD_134,1,91.22,0.0
ITM_9442,ORD_14726,PRD_125,2,82.01,0.0
ITM_9443,ORD_14727,PRD_119,2,38.34,0.0
ITM_9444,ORD_14727,PRD_108,2,488.25,0.05
ITM_9445,ORD_14728,PRD_137,1,202.01,0.0
ITM_9446,ORD_14728,PRD_114,2,425.06,0.05
ITM_9447,ORD_14728,PRD_126,2,200.2,0.2
ITM_9448,ORD_14729,PRD_126,2,200.2,0.0
ITM_9449,ORD_14729,PRD_108,2,488.25,0.0
ITM_9450,ORD_14730,PRD_109,1,47.43,0.05
ITM_9451,ORD_14730,PRD_115,1,416.58,0.0
ITM_9452,ORD_14730,PRD_139,2,490.76,0.05
ITM_9453,ORD_14731,PRD_101,2,195.76,0.0
ITM_9454,ORD_14731,PRD_121,2,276.8,0.0
ITM_9455,ORD_14731,PRD_143,2,480.47,0.2
ITM_9456,ORD_14732,PRD_121,2,276.8,0.05
ITM_9457,ORD_14732,PRD_109,1,47.43,0.0
ITM_9458,ORD_14733,PRD_129,1,348.15,0.0
ITM_9459,ORD_14733,PRD_116,1,205.02,0.0
ITM_9460,ORD_14734,PRD_133,1,277.96,0.1
ITM_9461,ORD_14734,PRD_131,1,479.39,0.0
ITM_9462,ORD_14734,PRD_119,2,38.34,0.0
ITM_9463,ORD_14735,PRD_148,2,15.93,0.05
ITM_9464,ORD_14735,PRD_127,2,406.83,0.05
ITM_9465,ORD_14735,PRD_117,2,357.97,0.2
ITM_9466,ORD_14736,PRD_115,2,416.58,0.0
ITM_9467,ORD_14736,PRD_112,1,324.51,0.0
ITM_9468,ORD_14737,PRD_121,1,276.8,0.1
ITM_9469,ORD_14737,PRD_121,1,276.8,0.1
ITM_9470,ORD_14737,PRD_128,2,274.02,0.0
ITM_9471,ORD_14738,PRD_149,1,194.72,0.2
ITM_9472,ORD_14738,PRD_120,2,127.19,0.0
ITM_9473,ORD_14738,PRD_140,2,234.89,0.2
ITM_9474,ORD_14739,PRD_138,2,106.49,0.0
ITM_9475,ORD_14739,PRD_131,1,479.39,0.0
ITM_9476,ORD_14739,PRD_111,1,177.48,0.05
ITM_9477,ORD_14740,PRD_120,2,127.19,0.05
ITM_9478,ORD_14740,PRD_115,2,416.58,0.1
ITM_9479,ORD_14741,PRD_141,1,490.78,0.0
ITM_9480,ORD_14741,PRD_102,2,70.94,0.0
ITM_9481,ORD_14742,PRD_120,2,127.19,0.05
ITM_9482,ORD_14742,PRD_121,1,276.8,0.0
ITM_9483,ORD_14743,PRD_141,1,490.78,0.0
ITM_9484,ORD_14743,PRD_145,2,243.68,0.0
ITM_9485,ORD_14743,PRD_133,1,277.96,0.1
ITM_9486,ORD_14744,PRD_127,2,406.83,0.0
ITM_9487,ORD_14744,PRD_108,2,488.25,0.1
ITM_9488,ORD_14745,PRD_140,1,234.89,0.0
ITM_9489,ORD_14745,PRD_135,1,449.86,0.0
ITM_9490,ORD_14746,PRD_146,1,234.53,0.0
ITM_9491,ORD_14747,PRD_148,1,15.93,0.0
ITM_9492,ORD_14748,PRD_135,2,449.86,0.0
ITM_9493,ORD_14749,PRD_111,1,177.48,0.05
ITM_9494,ORD_14749,PRD_139,1,490.76,0.0
ITM_9495,ORD_14749,PRD_150,1,32.57,0.0
ITM_9496,ORD_14750,PRD_115,1,416.58,0.2
ITM_9497,ORD_14750,PRD_103,1,370.74,0.0
ITM_9498,ORD_14751,PRD_111,1,177.48,0.05
ITM_9499,ORD_14751,PRD_150,1,32.57,0.0
ITM_9500,ORD_14751,PRD_127,1,406.83,0.05
ITM_9501,ORD_14752,PRD_131,1,479.39,0.1
ITM_9502,ORD_14752,PRD_142,2,368.74,0.2
ITM_9503,ORD_14752,PRD_106,2,342.0,0.05
ITM_9504,ORD_14753,PRD_118,2,247.2,0.05
ITM_9505,ORD_14753,PRD_114,1,425.06,0.1
ITM_9506,ORD_14753,PRD_120,1,127.19,0.0
ITM_9507,ORD_14754,PRD_107,1,140.95,0.0
ITM_9508,ORD_14755,PRD_105,1,440.05,0.0
ITM_9509,ORD_14755,PRD_130,1,319.15,0.1
ITM_9510,ORD_14755,PRD_105,2,440.05,0.2
ITM_9511,ORD_14756,PRD_142,1,368.74,0.0
ITM_9512,ORD_14757,PRD_120,1,127.19,0.0
ITM_9513,ORD_14757,PRD_117,1,357.97,0.05
ITM_9514,ORD_14757,PRD_128,1,274.02,0.05
ITM_9515,ORD_14758,PRD_134,1,91.22,0.05
ITM_9516,ORD_14758,PRD_144,2,483.86,0.0
ITM_9517,ORD_14758,PRD_134,1,91.22,0.2
ITM_9518,ORD_14759,PRD_105,2,440.05,0.05
ITM_9519,ORD_14759,PRD_127,2,406.83,0.0
ITM_9520,ORD_14759,PRD_133,2,277.96,0.1
ITM_9521,ORD_14760,PRD_111,1,177.48,0.2
ITM_9522,ORD_14761,PRD_113,1,334.87,0.05
ITM_9523,ORD_14762,PRD_117,1,357.97,0.0
ITM_9524,ORD_14763,PRD_105,2,440.05,0.0
ITM_9525,ORD_14763,PRD_150,2,32.57,0.0
ITM_9526,ORD_14763,PRD_119,2,38.34,0.0
ITM_9527,ORD_14764,PRD_150,2,32.57,0.1
ITM_9528,ORD_14764,PRD_114,1,425.06,0.0
ITM_9529,ORD_14764,PRD_124,1,425.13,0.05
ITM_9530,ORD_14765,PRD_104,2,301.61,0.0
ITM_9531,ORD_14765,PRD_124,2,425.13,0.05
ITM_9532,ORD_14765,PRD_128,2,274.02,0.0
ITM_9533,ORD_14766,PRD_114,1,425.06,0.2
ITM_9534,ORD_14767,PRD_114,2,425.06,0.0
ITM_9535,ORD_14768,PRD_144,2,483.86,0.1
ITM_9536,ORD_14768,PRD_102,2,70.94,0.0
ITM_9537,ORD_14768,PRD_123,1,105.96,0.1
ITM_9538,ORD_14769,PRD_104,2,301.61,0.0
ITM_9539,ORD_14770,PRD_114,2,425.06,0.1
ITM_9540,ORD_14770,PRD_129,1,348.15,0.0
ITM_9541,ORD_14771,PRD_121,2,276.8,0.0
ITM_9542,ORD_14771,PRD_126,2,200.2,0.2
ITM_9543,ORD_14771,PRD_109,2,47.43,0.05
ITM_9544,ORD_14772,PRD_121,1,276.8,0.0
ITM_9545,ORD_14772,PRD_133,2,277.96,0.0
ITM_9546,ORD_14772,PRD_109,2,47.43,0.05
ITM_9547,ORD_14773,PRD_150,1,32.57,0.0
ITM_9548,ORD_14773,PRD_143,1,480.47,0.0
ITM_9549,ORD_14773,PRD_113,1,334.87,0.05
ITM_9550,ORD_14774,PRD_111,1,177.48,0.05
ITM_9551,ORD_14775,PRD_127,1,406.83,0.0
ITM_9552,ORD_14775,PRD_111,1,177.48,0.05
ITM_9553,ORD_14775,PRD_147,1,286.89,0.0
ITM_9554,ORD_14776,PRD_120,2,127.19,0.0
ITM_9555,ORD_14777,PRD_130,2,319.15,0.0
ITM_9556,ORD_14777,PRD_116,1,205.02,0.0
ITM_9557,ORD_14778,PRD_144,1,483.86,0.1
ITM_9558,ORD_14778,PRD_127,1,406.83,0.0
ITM_9559,ORD_14778,PRD_131,1,479.39,0.05
ITM_9560,ORD_14779,PRD_111,2,177.48,0.0
ITM_9561,ORD_14779,PRD_114,1,425.06,0.0
ITM_9562,ORD_14779,PRD_142,2,368.74,0.05
ITM_9563,ORD_14780,PRD_145,1,243.68,0.05
ITM_9564,ORD_14780,PRD_147,1,286.89,0.05
ITM_9565,ORD_14780,PRD_109,2,47.43,0.05
ITM_9566,ORD_14781,PRD_107,1,140.95,0.0
ITM_9567,ORD_14782,PRD_148,1,15.93,0.0
ITM_9568,ORD_14782,PRD_143,1,480.47,0.0
ITM_9569,ORD_14783,PRD_110,2,68.9,0.05
ITM_9570,ORD_14783,PRD_134,1,91.22,0.0
ITM_9571,ORD_14783,PRD_129,1,348.15,0.0
ITM_9572,ORD_14784,PRD_111,1,177.48,0.0
ITM_9573,ORD_14784,PRD_131,2,479.39,0.0
ITM_9574,ORD_14785,PRD_131,2,479.39,0.0
ITM_9575,ORD_14786,PRD_104,1,301.61,0.1
ITM_9576,ORD_14786,PRD_140,2,234.89,0.05
ITM_9577,ORD_14786,PRD_119,2,38.34,0.0
ITM_9578,ORD_14787,PRD_130,1,319.15,0.0
ITM_9579,ORD_14787,PRD_128,2,274.02,0.05
ITM_9580,ORD_14787,PRD_120,2,127.19,0.0
ITM_9581,ORD_14788,PRD_141,1,490.78,0.0
ITM_9582,ORD_14788,PRD_144,1,483.86,0.0
ITM_9583,ORD_14788,PRD_144,2,483.86,0.05
ITM_9584,ORD_14789,PRD_143,1,480.47,0.1
ITM_9585,ORD_14789,PRD_112,2,324.51,0.1
ITM_9586,ORD_14790,PRD_138,1,106.49,0.0
ITM_9587,ORD_14790,PRD_127,2,406.83,0.0
ITM_9588,ORD_14791,PRD_137,2,202.01,0.0
ITM_9589,ORD_14791,PRD_117,1,357.97,0.0
ITM_9590,ORD_14791,PRD_135,2,449.86,0.05
ITM_9591,ORD_14792,PRD_112,2,324.51,0.1
ITM_9592,ORD_14793,PRD_107,1,140.95,0.0
ITM_9593,ORD_14793,PRD_149,1,194.72,0.0
ITM_9594,ORD_14794,PRD_118,2,247.2,0.05
ITM_9595,ORD_14794,PRD_109,2,47.43,0.2
ITM_9596,ORD_14795,PRD_126,1,200.2,0.0
ITM_9597,ORD_14796,PRD_137,2,202.01,0.2
ITM_9598,ORD_14796,PRD_113,2,334.87,0.0
ITM_9599,ORD_14797,PRD_129,2,348.15,0.0
ITM_9600,ORD_14798,PRD_103,1,370.74,0.05
ITM_9601,ORD_14798,PRD_132,2,475.04,0.0
ITM_9602,ORD_14798,PRD_132,1,475.04,0.0
ITM_9603,ORD_14799,PRD_102,2,70.94,0.2
ITM_9604,ORD_14800,PRD_150,2,32.57,0.0
ITM_9605,ORD_14800,PRD_137,2,202.01,0.0
ITM_9606,ORD_14800,PRD_137,1,202.01,0.0
ITM_9607,ORD_14801,PRD_146,1,234.53,0.0
ITM_9608,ORD_14801,PRD_138,1,106.49,0.0
ITM_9609,ORD_14801,PRD_103,2,370.74,0.0
ITM_9610,ORD_14802,PRD_126,2,200.2,0.0
ITM_9611,ORD_14803,PRD_133,2,277.96,0.05
ITM_9612,ORD_14803,PRD_145,2,243.68,0.0
ITM_9613,ORD_14804,PRD_106,2,342.0,0.05
ITM_9614,ORD_14804,PRD_118,2,247.2,0.0
ITM_9615,ORD_14804,PRD_134,1,91.22,0.1
ITM_9616,ORD_14805,PRD_142,1,368.74,0.2
ITM_9617,ORD_14806,PRD_101,2,195.76,0.0
ITM_9618,ORD_14806,PRD_117,2,357.97,0.0
ITM_9619,ORD_14806,PRD_113,2,334.87,0.0
ITM_9620,ORD_14807,PRD_105,1,440.05,0.0
ITM_9621,ORD_14807,PRD_118,1,247.2,0.05
ITM_9622,ORD_14807,PRD_134,2,91.22,0.1
ITM_9623,ORD_14808,PRD_102,2,70.94,0.1
ITM_9624,ORD_14808,PRD_135,1,449.86,0.0
ITM_9625,ORD_14809,PRD_120,2,127.19,0.05
ITM_9626,ORD_14809,PRD_104,2,301.61,0.1
ITM_9627,ORD_14810,PRD_123,1,105.96,0.2
ITM_9628,ORD_14811,PRD_149,2,194.72,0.05
ITM_9629,ORD_14811,PRD_118,2,247.2,0.0
ITM_9630,ORD_14812,PRD_105,1,440.05,0.1
ITM_9631,ORD_14812,PRD_135,2,449.86,0.0
ITM_9632,ORD_14813,PRD_125,1,82.01,0.05
ITM_9633,ORD_14813,PRD_131,1,479.39,0.0
ITM_9634,ORD_14813,PRD_121,2,276.8,0.05
ITM_9635,ORD_14814,PRD_125,2,82.01,0.0
ITM_9636,ORD_14815,PRD_145,1,243.68,0.0
ITM_9637,ORD_14816,PRD_129,2,348.15,0.2
ITM_9638,ORD_14816,PRD_132,2,475.04,0.05
ITM_9639,ORD_14817,PRD_125,1,82.01,0.0
ITM_9640,ORD_14818,PRD_138,1,106.49,0.0
ITM_9641,ORD_14818,PRD_122,2,390.69,0.05
ITM_9642,ORD_14819,PRD_108,1,488.25,0.0
ITM_9643,ORD_14819,PRD_125,2,82.01,0.0
ITM_9644,ORD_14820,PRD_113,2,334.87,0.05
ITM_9645,ORD_14820,PRD_119,2,38.34,0.1
ITM_9646,ORD_14821,PRD_138,1,106.49,0.0
ITM_9647,ORD_14821,PRD_141,1,490.78,0.0
ITM_9648,ORD_14822,PRD_128,1,274.02,0.0
ITM_9649,ORD_14822,PRD_130,2,319.15,0.05
ITM_9650,ORD_14822,PRD_147,1,286.89,0.0
ITM_9651,ORD_14823,PRD_108,2,488.25,0.05
ITM_9652,ORD_14823,PRD_118,1,247.2,0.0
ITM_9653,ORD_14823,PRD_132,2,475.04,0.0
ITM_9654,ORD_14824,PRD_114,1,425.06,0.0
ITM_9655,ORD_14824,PRD_150,2,32.57,0.0
ITM_9656,ORD_14824,PRD_112,1,324.51,0.0
ITM_9657,ORD_14825,PRD_144,2,483.86,0.05
ITM_9658,ORD_14825,PRD_134,1,91.22,0.05
ITM_9659,ORD_14826,PRD_137,1,202.01,0.2
ITM_9660,ORD_14827,PRD_145,1,243.68,0.0
ITM_9661,ORD_14827,PRD_118,1,247.2,0.1
ITM_9662,ORD_14827,PRD_112,2,324.51,0.1
ITM_9663,ORD_14828,PRD_114,2,425.06,0.0
ITM_9664,ORD_14828,PRD_145,2,243.68,0.05
ITM_9665,ORD_14829,PRD_132,2,475.04,0.05
ITM_9666,ORD_14829,PRD_129,2,348.15,0.0
ITM_9667,ORD_14830,PRD_109,2,47.43,0.05
ITM_9668,ORD_14830,PRD_104,2,301.61,0.05
ITM_9669,ORD_14830,PRD_124,1,425.13,0.0
ITM_9670,ORD_14831,PRD_135,1,449.86,0.0
ITM_9671,ORD_14831,PRD_115,2,416.58,0.05
ITM_9672,ORD_14831,PRD_106,2,342.0,0.0
ITM_9673,ORD_14832,PRD_108,1,488.25,0.0
ITM_9674,ORD_14832,PRD_139,2,490.76,0.0
ITM_9675,ORD_14832,PRD_122,2,390.69,0.0
ITM_9676,ORD_14833,PRD_130,1,319.15,0.05
ITM_9677,ORD_14834,PRD_105,2,440.05,0.2
ITM_9678,ORD_14835,PRD_112,1,324.51,0.0
ITM_9679,ORD_14835,PRD_102,1,70.94,0.0
ITM_9680,ORD_14836,PRD_112,1,324.51,0.05
ITM_9681,ORD_14836,PRD_101,2,195.76,0.0
ITM_9682,ORD_14836,PRD_119,2,38.34,0.0
ITM_9683,ORD_14837,PRD_148,1,15.93,0.1
ITM_9684,ORD_14838,PRD_128,1,274.02,0.05
ITM_9685,ORD_14838,PRD_145,1,243.68,0.0
ITM_9686,ORD_14839,PRD_127,2,406.83,0.05
ITM_9687,ORD_14839,PRD_101,1,195.76,0.0
ITM_9688,ORD_14840,PRD_101,2,195.76,0.0
ITM_9689,ORD_14841,PRD_117,2,357.97,0.0
ITM_9690,ORD_14841,PRD_139,1,490.76,0.0
ITM_9691,ORD_14841,PRD_119,2,38.34,0.0
ITM_9692,ORD_14842,PRD_133,1,277.96,0.0
ITM_9693,ORD_14842,PRD_110,2,68.9,0.0
ITM_9694,ORD_14842,PRD_111,2,177.48,0.2
ITM_9695,ORD_14843,PRD_108,1,488.25,0.0
ITM_9696,ORD_14843,PRD_148,2,15.93,0.2
ITM_9697,ORD_14844,PRD_116,2,205.02,0.0
ITM_9698,ORD_14844,PRD_102,1,70.94,0.0
ITM_9699,ORD_14845,PRD_149,2,194.72,0.1
ITM_9700,ORD_14846,PRD_133,1,277.96,0.0
ITM_9701,ORD_14846,PRD_137,2,202.01,0.0
ITM_9702,ORD_14847,PRD_139,2,490.76,0.2
ITM_9703,ORD_14847,PRD_110,2,68.9,0.0
ITM_9704,ORD_14848,PRD_103,2,370.74,0.0
ITM_9705,ORD_14849,PRD_132,1,475.04,0.2
ITM_9706,ORD_14849,PRD_127,1,406.83,0.1
ITM_9707,ORD_14850,PRD_121,2,276.8,0.0
ITM_9708,ORD_14851,PRD_104,2,301.61,0.05
ITM_9709,ORD_14851,PRD_102,2,70.94,0.2
ITM_9710,ORD_14852,PRD_114,2,425.06,0.0
ITM_9711,ORD_14852,PRD_141,1,490.78,0.0
ITM_9712,ORD_14853,PRD_105,1,440.05,0.2
ITM_9713,ORD_14853,PRD_112,2,324.51,0.1
ITM_9714,ORD_14853,PRD_123,1,105.96,0.0
ITM_9715,ORD_14854,PRD_127,1,406.83,0.05
ITM_9716,ORD_14854,PRD_110,1,68.9,0.0
ITM_9717,ORD_14855,PRD_119,2,38.34,0.05
ITM_9718,ORD_14856,PRD_101,1,195.76,0.05
ITM_9719,ORD_14856,PRD_143,1,480.47,0.0
ITM_9720,ORD_14857,PRD_110,2,68.9,0.2
ITM_9721,ORD_14857,PRD_141,1,490.78,0.05
ITM_9722,ORD_14857,PRD_102,2,70.94,0.0
ITM_9723,ORD_14858,PRD_114,2,425.06,0.0
ITM_9724,ORD_14859,PRD_147,2,286.89,0.0
ITM_9725,ORD_14860,PRD_129,2,348.15,0.1
ITM_9726,ORD_14860,PRD_111,2,177.48,0.0
ITM_9727,ORD_14860,PRD_150,2,32.57,0.05
ITM_9728,ORD_14861,PRD_115,1,416.58,0.0
ITM_9729,ORD_14861,PRD_105,1,440.05,0.0
ITM_9730,ORD_14862,PRD_126,1,200.2,0.05
ITM_9731,ORD_14862,PRD_130,1,319.15,0.0
ITM_9732,ORD_14862,PRD_145,1,243.68,0.0
ITM_9733,ORD_14863,PRD_132,1,475.04,0.1
ITM_9734,ORD_14863,PRD_121,1,276.8,0.0
ITM_9735,ORD_14864,PRD_117,1,357.97,0.1
ITM_9736,ORD_14864,PRD_146,1,234.53,0.0
ITM_9737,ORD_14864,PRD_132,1,475.04,0.0
ITM_9738,ORD_14865,PRD_134,1,91.22,0.0
ITM_9739,ORD_14865,PRD_133,1,277.96,0.05
ITM_9740,ORD_14866,PRD_128,2,274.02,0.0
ITM_9741,ORD_14867,PRD_111,1,177.48,0.0
ITM_9742,ORD_14868,PRD_134,1,91.22,0.0
ITM_9743,ORD_14868,PRD_149,1,194.72,0.0
ITM_9744,ORD_14869,PRD_132,1,475.04,0.2
ITM_9745,ORD_14869,PRD_131,2,479.39,0.05
ITM_9746,ORD_14869,PRD_112,2,324.51,0.0
ITM_9747,ORD_14870,PRD_145,2,243.68,0.0
ITM_9748,ORD_14870,PRD_124,1,425.13,0.1
ITM_9749,ORD_14871,PRD_110,1,68.9,0.0
ITM_9750,ORD_14871,PRD_140,2,234.89,0.1
ITM_9751,ORD_14871,PRD_148,2,15.93,0.2
ITM_9752,ORD_14872,PRD_145,1,243.68,0.1
ITM_9753,ORD_14872,PRD_132,1,475.04,0.1
ITM_9754,ORD_14873,PRD_142,2,368.74,0.0
ITM_9755,ORD_14873,PRD_110,1,68.9,0.05
ITM_9756,ORD_14874,PRD_129,2,348.15,0.05
ITM_9757,ORD_14875,PRD_138,1,106.49,0.0
ITM_9758,ORD_14876,PRD_114,1,425.06,0.05
ITM_9759,ORD_14877,PRD_111,2,177.48,0.0
ITM_9760,ORD_14877,PRD_103,1,370.74,0.0
ITM_9761,ORD_14877,PRD_133,1,277.96,0.0
ITM_9762,ORD_14878,PRD_143,2,480.47,0.05
ITM_9763,ORD_14878,PRD_119,2,38.34,0.05
ITM_9764,ORD_14879,PRD_134,2,91.22,0.2
ITM_9765,ORD_14879,PRD_140,1,234.89,0.1
ITM_9766,ORD_14879,PRD_107,1,140.95,0.2
ITM_9767,ORD_14880,PRD_116,2,205.02,0.0
ITM_9768,ORD_14880,PRD_140,1,234.89,0.0
ITM_9769,ORD_14880,PRD_115,1,416.58,0.05
ITM_9770,ORD_14881,PRD_108,1,488.25,0.0
ITM_9771,ORD_14882,PRD_141,2,490.78,0.0
ITM_9772,ORD_14883,PRD_141,2,490.78,0.0
ITM_9773,ORD_14884,PRD_103,2,370.74,0.1
ITM_9774,ORD_14884,PRD_138,1,106.49,0.05
ITM_9775,ORD_14885,PRD_139,1,490.76,0.1
ITM_9776,ORD_14885,PRD_120,2,127.19,0.0
ITM_9777,ORD_14885,PRD_131,1,479.39,0.0
ITM_9778,ORD_14886,PRD_145,1,243.68,0.05
ITM_9779,ORD_14886,PRD_149,1,194.72,0.0
ITM_9780,ORD_14886,PRD_126,2,200.2,0.0
ITM_9781,ORD_14887,PRD_131,1,479.39,0.05
ITM_9782,ORD_14888,PRD_146,1,234.53,0.0
ITM_9783,ORD_14888,PRD_136,1,490.78,0.05
ITM_9784,ORD_14889,PRD_106,2,342.0,0.0
ITM_9785,ORD_14890,PRD_140,2,234.89,0.0
ITM_9786,ORD_14890,PRD_114,1,425.06,0.0
ITM_9787,ORD_14891,PRD_124,2,425.13,0.0
ITM_9788,ORD_14891,PRD_138,2,106.49,0.05
ITM_9789,ORD_14891,PRD_142,2,368.74,0.05
ITM_9790,ORD_14892,PRD_111,2,177.48,0.05
ITM_9791,ORD_14893,PRD_144,2,483.86,0.1
ITM_9792,ORD_14893,PRD_142,2,368.74,0.0
ITM_9793,ORD_14893,PRD_130,2,319.15,0.0
ITM_9794,ORD_14894,PRD_147,1,286.89,0.0
ITM_9795,ORD_14894,PRD_135,1,449.86,0.0
ITM_9796,ORD_14894,PRD_139,1,490.76,0.05
ITM_9797,ORD_14895,PRD_138,1,106.49,0.1
ITM_9798,ORD_14895,PRD_106,1,342.0,0.2
ITM_9799,ORD_14896,PRD_110,1,68.9,0.0
ITM_9800,ORD_14896,PRD_124,1,425.13,0.0
ITM_9801,ORD_14896,PRD_136,1,490.78,0.1
ITM_9802,ORD_14897,PRD_107,1,140.95,0.0
ITM_9803,ORD_14897,PRD_120,1,127.19,0.0
ITM_9804,ORD_14897,PRD_103,1,370.74,0.05
ITM_9805,ORD_14898,PRD_118,1,247.2,0.05
ITM_9806,ORD_14898,PRD_121,2,276.8,0.0
ITM_9807,ORD_14899,PRD_131,1,479.39,0.0
ITM_9808,ORD_14899,PRD_132,1,475.04,0.2
ITM_9809,ORD_14900,PRD_102,2,70.94,0.2
ITM_9810,ORD_14900,PRD_134,1,91.22,0.0
ITM_9811,ORD_14900,PRD_108,2,488.25,0.2
ITM_9812,ORD_14901,PRD_142,2,368.74,0.2
ITM_9813,ORD_14902,PRD_117,2,357.97,0.1
ITM_9814,ORD_14902,PRD_102,2,70.94,0.05
ITM_9815,ORD_14902,PRD_102,1,70.94,0.0
ITM_9816,ORD_14903,PRD_102,2,70.94,0.1
ITM_9817,ORD_14903,PRD_134,1,91.22,0.0
ITM_9818,ORD_14903,PRD_124,2,425.13,0.0
ITM_9819,ORD_14904,PRD_121,1,276.8,0.0
ITM_9820,ORD_14905,PRD_128,1,274.02,0.0
ITM_9821,ORD_14905,PRD_108,2,488.25,0.05
ITM_9822,ORD_14905,PRD_143,2,480.47,0.05
ITM_9823,ORD_14906,PRD_125,2,82.01,0.05
ITM_9824,ORD_14907,PRD_103,2,370.74,0.0
ITM_9825,ORD_14907,PRD_149,2,194.72,0.05
ITM_9826,ORD_14907,PRD_122,2,390.69,0.0
ITM_9827,ORD_14908,PRD_118,2,247.2,0.05
ITM_9828,ORD_14908,PRD_113,1,334.87,0.0
ITM_9829,ORD_14909,PRD_128,2,274.02,0.05
ITM_9830,ORD_14909,PRD_101,2,195.76,0.0
ITM_9831,ORD_14909,PRD_116,1,205.02,0.0
ITM_9832,ORD_14910,PRD_142,1,368.74,0.1
ITM_9833,ORD_14910,PRD_120,2,127.19,0.1
ITM_9834,ORD_14911,PRD_125,1,82.01,0.0
ITM_9835,ORD_14911,PRD_127,1,406.83,0.0
ITM_9836,ORD_14912,PRD_140,2,234.89,0.0
ITM_9837,ORD_14912,PRD_139,2,490.76,0.0
ITM_9838,ORD_14912,PRD_116,1,205.02,0.0
ITM_9839,ORD_14913,PRD_119,2,38.34,0.2
ITM_9840,ORD_14913,PRD_141,1,490.78,0.0
ITM_9841,ORD_14913,PRD_148,1,15.93,0.2
ITM_9842,ORD_14914,PRD_132,2,475.04,0.05
ITM_9843,ORD_14914,PRD_129,1,348.15,0.1
ITM_9844,ORD_14915,PRD_134,1,91.22,0.0
ITM_9845,ORD_14915,PRD_146,2,234.53,0.05
ITM_9846,ORD_14916,PRD_128,2,274.02,0.0
ITM_9847,ORD_14916,PRD_144,2,483.86,0.05
ITM_9848,ORD_14917,PRD_146,1,234.53,0.1
ITM_9849,ORD_14918,PRD_144,2,483.86,0.0
ITM_9850,ORD_14918,PRD_139,1,490.76,0.0
ITM_9851,ORD_14918,PRD_140,2,234.89,0.0
ITM_9852,ORD_14919,PRD_117,1,357.97,0.0
ITM_9853,ORD_14919,PRD_142,2,368.74,0.1
ITM_9854,ORD_14919,PRD_147,1,286.89,0.0
ITM_9855,ORD_14920,PRD_118,2,247.2,0.1
ITM_9856,ORD_14920,PRD_103,2,370.74,0.0
ITM_9857,ORD_14921,PRD_126,2,200.2,0.0
ITM_9858,ORD_14921,PRD_105,1,440.05,0.0
ITM_9859,ORD_14921,PRD_139,1,490.76,0.1
ITM_9860,ORD_14922,PRD_130,2,319.15,0.0
ITM_9861,ORD_14923,PRD_148,2,15.93,0.0
ITM_9862,ORD_14924,PRD_130,1,319.15,0.0
ITM_9863,ORD_14925,PRD_139,1,490.76,0.0
ITM_9864,ORD_14926,PRD_148,1,15.93,0.0
ITM_9865,ORD_14927,PRD_136,2,490.78,0.05
ITM_9866,ORD_14927,PRD_118,2,247.2,0.0
ITM_9867,ORD_14928,PRD_114,1,425.06,0.1
ITM_9868,ORD_14928,PRD_127,1,406.83,0.2
ITM_9869,ORD_14928,PRD_142,2,368.74,0.0
ITM_9870,ORD_14929,PRD_121,1,276.8,0.1
ITM_9871,ORD_14930,PRD_148,1,15.93,0.0
ITM_9872,ORD_14930,PRD_135,2,449.86,0.0
ITM_9873,ORD_14931,PRD_106,2,342.0,0.2
ITM_9874,ORD_14932,PRD_132,1,475.04,0.0
ITM_9875,ORD_14932,PRD_114,2,425.06,0.0
ITM_9876,ORD_14933,PRD_105,1,440.05,0.0
ITM_9877,ORD_14933,PRD_150,1,32.57,0.2
ITM_9878,ORD_14934,PRD_130,2,319.15,0.0
ITM_9879,ORD_14934,PRD_118,2,247.2,0.0
ITM_9880,ORD_14935,PRD_130,1,319.15,0.0
ITM_9881,ORD_14935,PRD_104,2,301.61,0.1
ITM_9882,ORD_14935,PRD_118,2,247.2,0.1
ITM_9883,ORD_14936,PRD_115,2,416.58,0.0
ITM_9884,ORD_14937,PRD_133,1,277.96,0.2
ITM_9885,ORD_14937,PRD_125,1,82.01,0.0
ITM_9886,ORD_14937,PRD_102,2,70.94,0.05
ITM_9887,ORD_14938,PRD_128,2,274.02,0.0
ITM_9888,ORD_14939,PRD_136,1,490.78,0.2
ITM_9889,ORD_14940,PRD_119,2,38.34,0.0
ITM_9890,ORD_14940,PRD_108,2,488.25,0.2
ITM_9891,ORD_14941,PRD_145,1,243.68,0.0
ITM_9892,ORD_14942,PRD_102,1,70.94,0.0
ITM_9893,ORD_14943,PRD_144,2,483.86,0.0
ITM_9894,ORD_14944,PRD_132,2,475.04,0.0
ITM_9895,ORD_14945,PRD_119,1,38.34,0.05
ITM_9896,ORD_14945,PRD_149,1,194.72,0.0
ITM_9897,ORD_14945,PRD_146,2,234.53,0.05
ITM_9898,ORD_14946,PRD_148,2,15.93,0.0
ITM_9899,ORD_14946,PRD_132,1,475.04,0.0
ITM_9900,ORD_14946,PRD_125,1,82.01,0.0
ITM_9901,ORD_14947,PRD_110,1,68.9,0.0
ITM_9902,ORD_14948,PRD_120,2,127.19,0.05
ITM_9903,ORD_14948,PRD_142,2,368.74,0.1
ITM_9904,ORD_14948,PRD_139,2,490.76,0.0
ITM_9905,ORD_14949,PRD_101,2,195.76,0.0
ITM_9906,ORD_14949,PRD_117,2,357.97,0.0
ITM_9907,ORD_14949,PRD_141,1,490.78,0.05
ITM_9908,ORD_14950,PRD_108,1,488.25,0.05
ITM_9909,ORD_14951,PRD_119,1,38.34,0.0
ITM_9910,ORD_14951,PRD_122,2,390.69,0.0
ITM_9911,ORD_14952,PRD_136,2,490.78,0.0
ITM_9912,ORD_14952,PRD_124,2,425.13,0.1
ITM_9913,ORD_14953,PRD_133,2,277.96,0.1
ITM_9914,ORD_14953,PRD_115,1,416.58,0.0
ITM_9915,ORD_14953,PRD_128,2,274.02,0.1
ITM_9916,ORD_14954,PRD_129,2,348.15,0.05
ITM_9917,ORD_14954,PRD_111,2,177.48,0.0
ITM_9918,ORD_14955,PRD_123,1,105.96,0.05
ITM_9919,ORD_14955,PRD_135,2,449.86,0.05
ITM_9920,ORD_14955,PRD_117,2,357.97,0.0
ITM_9921,ORD_14956,PRD_133,1,277.96,0.0
ITM_9922,ORD_14956,PRD_150,2,32.57,0.05
ITM_9923,ORD_14957,PRD_104,1,301.61,0.0
ITM_9924,ORD_14957,PRD_134,1,91.22,0.05
ITM_9925,ORD_14958,PRD_106,1,342.0,0.05
ITM_9926,ORD_14958,PRD_148,1,15.93,0.0
ITM_9927,ORD_14959,PRD_134,2,91.22,0.05
ITM_9928,ORD_14960,PRD_116,1,205.02,0.0
ITM_9929,ORD_14961,PRD_142,1,368.74,0.0
ITM_9930,ORD_14961,PRD_123,2,105.96,0.0
ITM_9931,ORD_14962,PRD_128,1,274.02,0.0
ITM_9932,ORD_14962,PRD_133,1,277.96,0.0
ITM_9933,ORD_14962,PRD_143,1,480.47,0.05
ITM_9934,ORD_14963,PRD_128,2,274.02,0.0
ITM_9935,ORD_14964,PRD_125,2,82.01,0.05
ITM_9936,ORD_14965,PRD_101,2,195.76,0.05
ITM_9937,ORD_14966,PRD_136,1,490.78,0.0
ITM_9938,ORD_14966,PRD_114,1,425.06,0.05
ITM_9939,ORD_14967,PRD_105,1,440.05,0.0
ITM_9940,ORD_14968,PRD_111,1,177.48,0.0
ITM_9941,ORD_14969,PRD_125,2,82.01,0.05
ITM_9942,ORD_14969,PRD_137,1,202.01,0.05
ITM_9943,ORD_14969,PRD_128,1,274.02,0.0
ITM_9944,ORD_14970,PRD_131,1,479.39,0.05
ITM_9945,ORD_14970,PRD_144,2,483.86,0.0
ITM_9946,ORD_14970,PRD_113,2,334.87,0.0
ITM_9947,ORD_14971,PRD_118,1,247.2,0.1
ITM_9948,ORD_14971,PRD_122,2,390.69,0.05
ITM_9949,ORD_14971,PRD_137,2,202.01,0.0
ITM_9950,ORD_14972,PRD_148,2,15.93,0.0
ITM_9951,ORD_14972,PRD_124,2,425.13,0.05
ITM_9952,ORD_14973,PRD_126,1,200.2,0.1
ITM_9953,ORD_14973,PRD_124,1,425.13,0.1
ITM_9954,ORD_14974,PRD_137,2,202.01,0.0
ITM_9955,ORD_14974,PRD_137,1,202.01,0.0
ITM_9956,ORD_14975,PRD_133,2,277.96,0.0
ITM_9957,ORD_14975,PRD_142,2,368.74,0.05
ITM_9958,ORD_14975,PRD_130,2,319.15,0.0
ITM_9959,ORD_14976,PRD_148,1,15.93,0.0
ITM_9960,ORD_14977,PRD_147,2,286.89,0.05
ITM_9961,ORD_14977,PRD_134,1,91.22,0.05
ITM_9962,ORD_14977,PRD_130,1,319.15,0.0
ITM_9963,ORD_14978,PRD_106,1,342.0,0.0
ITM_9964,ORD_14979,PRD_117,1,357.97,0.0
ITM_9965,ORD_14979,PRD_110,1,68.9,0.0
ITM_9966,ORD_14979,PRD_121,1,276.8,0.1
ITM_9967,ORD_14980,PRD_133,1,277.96,0.05
ITM_9968,ORD_14980,PRD_110,2,68.9,0.1
ITM_9969,ORD_14980,PRD_126,2,200.2,0.0
ITM_9970,ORD_14981,PRD_139,2,490.76,0.05
ITM_9971,ORD_14982,PRD_124,1,425.13,0.0
ITM_9972,ORD_14982,PRD_107,2,140.95,0.2
ITM_9973,ORD_14982,PRD_120,1,127.19,0.05
ITM_9974,ORD_14983,PRD_108,1,488.25,0.05
ITM_9975,ORD_14983,PRD_134,2,91.22,0.0
ITM_9976,ORD_14984,PRD_126,2,200.2,0.0
ITM_9977,ORD_14984,PRD_117,1,357.97,0.0
ITM_9978,ORD_14985,PRD_141,1,490.78,0.0
ITM_9979,ORD_14985,PRD_126,2,200.2,0.0
ITM_9980,ORD_14986,PRD_134,2,91.22,0.2
ITM_9981,ORD_14986,PRD_103,2,370.74,0.0
ITM_9982,ORD_14986,PRD_130,2,319.15,0.1
ITM_9983,ORD_14987,PRD_109,1,47.43,0.2
ITM_9984,ORD_14988,PRD_129,1,348.15,0.1
ITM_9985,ORD_14988,PRD_130,2,319.15,0.2
ITM_9986,ORD_14988,PRD_135,2,449.86,0.1
ITM_9987,ORD_14989,PRD_117,1,357.97,0.0
ITM_9988,ORD_14989,PRD_121,1,276.8,0.05
ITM_9989,ORD_14990,PRD_133,1,277.96,0.1
ITM_9990,ORD_14990,PRD_134,1,91.22,0.0
ITM_9991,ORD_14990,PRD_107,1,140.95,0.0
ITM_9992,ORD_14991,PRD_131,2,479.39,0.2
ITM_9993,ORD_14991,PRD_115,2,416.58,0.05
ITM_9994,ORD_14992,PRD_148,1,15.93,0.2
ITM_9995,ORD_14993,PRD_142,2,368.74,0.05
ITM_9996,ORD_14993,PRD_123,2,105.96,0.1
ITM_9997,ORD_14994,PRD_121,2,276.8,0.0
ITM_9998,ORD_14994,PRD_122,1,390.69,0.0
ITM_9999,ORD_14994,PRD_112,2,324.51,0.0
ITM_10000,ORD_14995,PRD_125,1,82.01,0.05
ITM_10001,ORD_14996,PRD_116,2,205.02,0.05
ITM_10002,ORD_14996,PRD_146,2,234.53,0.0
ITM_10003,ORD_14996,PRD_150,2,32.57,0.05
ITM_10004,ORD_14997,PRD_131,2,479.39,0.0
ITM_10005,ORD_14997,PRD_149,1,194.72,0.0
ITM_10006,ORD_14998,PRD_139,2,490.76,0.0
ITM_10007,ORD_14999,PRD_103,1,370.74,0.0
ITM_10008,ORD_14999,PRD_103,1,370.74,0.0
