order_id,user_id,order_date,status
ORD_10000,USR_1871,2024-02-01 00:00:00.000000,completed
ORD_10001,USR_1321,2024-02-01 04:13:29.441888,completed
ORD_10002,USR_1566,2024-02-01 08:26:58.883776,completed
ORD_10003,USR_1455,2024-02-01 12:40:28.325665,completed
ORD_10004,USR_1943,2024-02-01 16:53:57.767553,completed
ORD_10005,USR_1602,2024-02-01 21:07:27.209441,completed
ORD_10006,USR_1789,2024-02-02 01:20:56.651330,completed
ORD_10007,USR_1612,2024-02-02 05:34:26.093218,completed
ORD_10008,USR_1154,2024-02-02 09:47:55.535107,completed
ORD_10009,USR_1888,2024-02-02 14:01:24.976995,completed
ORD_10010,USR_1348,2024-02-02 18:14:54.418883,completed
ORD_10011,USR_1450,2024-02-02 22:28:23.860772,completed
ORD_10012,USR_1875,2024-02-03 02:41:53.302660,returned
ORD_10013,USR_1652,2024-02-03 06:55:22.744548,completed
ORD_10014,USR_1172,2024-02-03 11:08:52.186437,completed
ORD_10015,USR_1009,2024-02-03 15:22:21.628325,completed
ORD_10016,USR_1739,2024-02-03 19:35:51.070214,returned
ORD_10017,USR_1264,2024-02-03 23:49:20.512102,completed
ORD_10018,USR_1437,2024-02-04 04:02:49.953990,completed
ORD_10019,USR_1759,2024-02-04 08:16:19.395879,returned
ORD_10020,USR_1246,2024-02-04 12:29:48.837767,completed
ORD_10021,USR_1666,2024-02-04 16:43:18.279655,completed
ORD_10022,USR_1545,2024-02-04 20:56:47.721544,completed
ORD_10023,USR_1498,2024-02-05 01:10:17.163432,completed
ORD_10024,USR_1128,2024-02-05 05:23:46.605321,completed
ORD_10025,USR_1671,2024-02-05 09:37:16.047209,completed
ORD_10026,USR_1600,2024-02-05 13:50:45.489097,completed
ORD_10027,USR_1604,2024-02-05 18:04:14.930986,completed
ORD_10028,USR_1326,2024-02-05 22:17:44.372874,completed
ORD_10029,USR_1752,2024-02-06 02:31:13.814762,completed
ORD_10030,USR_1834,2024-02-06 06:44:43.256651,completed
ORD_10031,USR_1979,2024-02-06 10:58:12.698539,returned
ORD_10032,USR_1403,2024-02-06 15:11:42.140428,completed
ORD_10033,USR_1628,2024-02-06 19:25:11.582316,returned
ORD_10034,USR_1605,2024-02-06 23:38:41.024204,completed
ORD_10035,USR_1674,2024-02-07 03:52:10.466093,completed
ORD_10036,USR_1610,2024-02-07 08:05:39.907981,completed
ORD_10037,USR_1624,2024-02-07 12:19:09.349869,completed
ORD_10038,USR_1358,2024-02-07 16:32:38.791758,completed
ORD_10039,USR_1602,2024-02-07 20:46:08.233646,completed
ORD_10040,USR_1857,2024-02-08 00:59:37.675535,returned
ORD_10041,USR_1717,2024-02-08 05:13:07.117423,completed
ORD_10042,USR_1016,2024-02-08 09:26:36.559311,completed
ORD_10043,USR_1273,2024-02-08 13:40:06.001200,completed
ORD_10044,USR_1684,2024-02-08 17:53:35.443088,cancelled
ORD_10045,USR_1115,2024-02-08 22:07:04.884976,completed
ORD_10046,USR_1860,2024-02-09 02:20:34.326865,completed
ORD_10047,USR_1979,2024-02-09 06:34:03.768753,completed
ORD_10048,USR_1692,2024-02-09 10:47:33.210642,completed
ORD_10049,USR_1090,2024-02-09 15:01:02.652530,completed
ORD_10050,USR_1081,2024-02-09 19:14:32.094418,completed
ORD_10051,USR_1323,2024-02-09 23:28:01.536307,completed
ORD_10052,USR_1960,2024-02-10 03:41:30.978195,completed
ORD_10053,USR_1113,2024-02-10 07:55:00.420084,completed
ORD_10054,USR_1768,2024-02-10 12:08:29.861972,completed
ORD_10055,USR_1057,2024-02-10 16:21:59.303860,returned
ORD_10056,USR_1153,2024-02-10 20:35:28.745749,completed
ORD_10057,USR_1876,2024-02-11 00:48:58.187637,completed
ORD_10058,USR_1403,2024-02-11 05:02:27.629525,completed
ORD_10059,USR_1627,2024-02-11 09:15:57.071414,completed
ORD_10060,USR_1854,2024-02-11 13:29:26.513302,cancelled
ORD_10061,USR_1265,2024-02-11 17:42:55.955191,completed
ORD_10062,USR_1314,2024-02-11 21:56:25.397079,completed
ORD_10063,USR_1714,2024-02-12 02:09:54.838967,completed
ORD_10064,USR_1040,2024-02-12 06:23:24.280856,completed
ORD_10065,USR_1104,2024-02-12 10:36:53.722744,completed
ORD_10066,USR_1900,2024-02-12 14:50:23.164632,completed
ORD_10067,USR_1889,2024-02-12 19:03:52.606521,returned
ORD_10068,USR_1192,2024-02-12 23:17:22.048409,completed
ORD_10069,USR_1400,2024-02-13 03:30:51.490298,completed
ORD_10070,USR_1277,2024-02-13 07:44:20.932186,completed
ORD_10071,USR_1353,2024-02-13 11:57:50.374074,completed
ORD_10072,USR_1748,2024-02-13 16:11:19.815963,completed
ORD_10073,USR_1936,2024-02-13 20:24:49.257851,completed
ORD_10074,USR_1732,2024-02-14 00:38:18.699739,returned
ORD_10075,USR_1579,2024-02-14 04:51:48.141628,completed
ORD_10076,USR_1708,2024-02-14 09:05:17.583516,completed
ORD_10077,USR_1255,2024-02-14 13:18:47.025405,completed
ORD_10078,USR_1650,2024-02-14 17:32:16.467293,completed
ORD_10079,USR_1823,2024-02-14 21:45:45.909181,completed
ORD_10080,USR_1946,2024-02-15 01:59:15.351070,completed
ORD_10081,USR_1660,2024-02-15 06:12:44.792958,completed
ORD_10082,USR_1098,2024-02-15 10:26:14.234846,completed
ORD_10083,USR_1587,2024-02-15 14:39:43.676735,returned
ORD_10084,USR_1281,2024-02-15 18:53:13.118623,returned
ORD_10085,USR_1882,2024-02-15 23:06:42.560512,completed
ORD_10086,USR_1402,2024-02-16 03:20:12.002400,completed
ORD_10087,USR_1108,2024-02-16 07:33:41.444288,completed
ORD_10088,USR_1699,2024-02-16 11:47:10.886177,completed
ORD_10089,USR_1198,2024-02-16 16:00:40.328065,completed
ORD_10090,USR_1302,2024-02-16 20:14:09.769953,completed
ORD_10091,USR_1326,2024-02-17 00:27:39.211842,completed
ORD_10092,USR_1153,2024-02-17 04:41:08.653730,completed
ORD_10093,USR_1551,2024-02-17 08:54:38.095619,completed
ORD_10094,USR_1644,2024-02-17 13:08:07.537507,completed
ORD_10095,USR_1404,2024-02-17 17:21:36.979395,completed
ORD_10096,USR_1461,2024-02-17 21:35:06.421284,completed
ORD_10097,USR_1131,2024-02-18 01:48:35.863172,completed
ORD_10098,USR_1790,2024-02-18 06:02:05.305061,completed
ORD_10099,USR_1873,2024-02-18 10:15:34.746949,cancelled
ORD_10100,USR_1083,2024-02-18 14:29:04.188837,completed
ORD_10101,USR_1398,2024-02-18 18:42:33.630726,completed
ORD_10102,USR_1753,2024-02-18 22:56:03.072614,completed
ORD_10103,USR_1627,2024-02-19 03:09:32.514502,returned
ORD_10104,USR_1108,2024-02-19 07:23:01.956391,completed
ORD_10105,USR_1220,2024-02-19 11:36:31.398279,completed
ORD_10106,USR_1903,2024-02-19 15:50:00.840168,returned
ORD_10107,USR_1552,2024-02-19 20:03:30.282056,completed
ORD_10108,USR_1367,2024-02-20 00:16:59.723944,cancelled
ORD_10109,USR_1146,2024-02-20 04:30:29.165833,returned
ORD_10110,USR_1111,2024-02-20 08:43:58.607721,returned
ORD_10111,USR_1614,2024-02-20 12:57:28.049609,completed
ORD_10112,USR_1557,2024-02-20 17:10:57.491498,completed
ORD_10113,USR_1923,2024-02-20 21:24:26.933386,completed
ORD_10114,USR_1493,2024-02-21 01:37:56.375275,completed
ORD_10115,USR_1504,2024-02-21 05:51:25.817163,completed
ORD_10116,USR_1474,2024-02-21 10:04:55.259051,completed
ORD_10117,USR_1835,2024-02-21 14:18:24.700940,completed
ORD_10118,USR_1889,2024-02-21 18:31:54.142828,completed
ORD_10119,USR_1270,2024-02-21 22:45:23.584716,completed
ORD_10120,USR_1994,2024-02-22 02:58:53.026605,completed
ORD_10121,USR_1420,2024-02-22 07:12:22.468493,completed
ORD_10122,USR_1896,2024-02-22 11:25:51.910382,completed
ORD_10123,USR_1706,2024-02-22 15:39:21.352270,completed
ORD_10124,USR_1366,2024-02-22 19:52:50.794158,completed
ORD_10125,USR_1279,2024-02-23 00:06:20.236047,completed
ORD_10126,USR_1282,2024-02-23 04:19:49.677935,completed
ORD_10127,USR_1039,2024-02-23 08:33:19.119823,completed
ORD_10128,USR_1958,2024-02-23 12:46:48.561712,completed
ORD_10129,USR_1188,2024-02-23 17:00:18.003600,completed
ORD_10130,USR_1163,2024-02-23 21:13:47.445489,returned
ORD_10131,USR_1993,2024-02-24 01:27:16.887377,completed
ORD_10132,USR_1988,2024-02-24 05:40:46.329265,completed
ORD_10133,USR_1535,2024-02-24 09:54:15.771154,completed
ORD_10134,USR_1535,2024-02-24 14:07:45.213042,completed
ORD_10135,USR_1003,2024-02-24 18:21:14.654930,completed
ORD_10136,USR_1834,2024-02-24 22:34:44.096819,completed
ORD_10137,USR_1289,2024-02-25 02:48:13.538707,completed
ORD_10138,USR_1952,2024-02-25 07:01:42.980596,completed
ORD_10139,USR_1432,2024-02-25 11:15:12.422484,completed
ORD_10140,USR_1470,2024-02-25 15:28:41.864372,completed
ORD_10141,USR_1180,2024-02-25 19:42:11.306261,completed
ORD_10142,USR_1247,2024-02-25 23:55:40.748149,returned
ORD_10143,USR_1627,2024-02-26 04:09:10.190038,completed
ORD_10144,USR_1278,2024-02-26 08:22:39.631926,completed
ORD_10145,USR_1876,2024-02-26 12:36:09.073814,completed
ORD_10146,USR_1580,2024-02-26 16:49:38.515703,completed
ORD_10147,USR_1862,2024-02-26 21:03:07.957591,completed
ORD_10148,USR_1253,2024-02-27 01:16:37.399479,completed
ORD_10149,USR_1180,2024-02-27 05:30:06.841368,completed
ORD_10150,USR_1829,2024-02-27 09:43:36.283256,completed
ORD_10151,USR_1680,2024-02-27 13:57:05.725145,returned
ORD_10152,USR_1824,2024-02-27 18:10:35.167033,completed
ORD_10153,USR_1508,2024-02-27 22:24:04.608921,returned
ORD_10154,USR_1760,2024-02-28 02:37:34.050810,completed
ORD_10155,USR_1699,2024-02-28 06:51:03.492698,completed
ORD_10156,USR_1565,2024-02-28 11:04:32.934586,completed
ORD_10157,USR_1325,2024-02-28 15:18:02.376475,completed
ORD_10158,USR_1356,2024-02-28 19:31:31.818363,cancelled
ORD_10159,USR_1824,2024-02-28 23:45:01.260252,completed
ORD_10160,USR_1649,2024-02-29 03:58:30.702140,completed
ORD_10161,USR_1679,2024-02-29 08:12:00.144028,completed
ORD_10162,USR_1390,2024-02-29 12:25:29.585917,completed
ORD_10163,USR_1614,2024-02-29 16:38:59.027805,completed
ORD_10164,USR_1933,2024-02-29 20:52:28.469693,completed
ORD_10165,USR_1084,2024-03-01 01:05:57.911582,completed
ORD_10166,USR_1316,2024-03-01 05:19:27.353470,returned
ORD_10167,USR_1211,2024-03-01 09:32:56.795359,completed
ORD_10168,USR_1514,2024-03-01 13:46:26.237247,completed
ORD_10169,USR_1383,2024-03-01 17:59:55.679135,completed
ORD_10170,USR_1690,2024-03-01 22:13:25.121024,completed
ORD_10171,USR_1341,2024-03-02 02:26:54.562912,completed
ORD_10172,USR_1814,2024-03-02 06:40:24.004800,completed
ORD_10173,USR_1963,2024-03-02 10:53:53.446689,completed
ORD_10174,USR_1987,2024-03-02 15:07:22.888577,completed
ORD_10175,USR_1843,2024-03-02 19:20:52.330466,returned
ORD_10176,USR_1037,2024-03-02 23:34:21.772354,completed
ORD_10177,USR_1510,2024-03-03 03:47:51.214242,completed
ORD_10178,USR_1419,2024-03-03 08:01:20.656131,returned
ORD_10179,USR_1750,2024-03-03 12:14:50.098019,cancelled
ORD_10180,USR_1168,2024-03-03 16:28:19.539907,completed
ORD_10181,USR_1964,2024-03-03 20:41:48.981796,completed
ORD_10182,USR_1908,2024-03-04 00:55:18.423684,completed
ORD_10183,USR_1342,2024-03-04 05:08:47.865573,returned
ORD_10184,USR_1825,2024-03-04 09:22:17.307461,returned
ORD_10185,USR_1305,2024-03-04 13:35:46.749349,completed
ORD_10186,USR_1541,2024-03-04 17:49:16.191238,completed
ORD_10187,USR_1701,2024-03-04 22:02:45.633126,completed
ORD_10188,USR_1868,2024-03-05 02:16:15.075015,completed
ORD_10189,USR_1536,2024-03-05 06:29:44.516903,completed
ORD_10190,USR_1111,2024-03-05 10:43:13.958791,completed
ORD_10191,USR_1410,2024-03-05 14:56:43.400680,cancelled
ORD_10192,USR_1946,2024-03-05 19:10:12.842568,completed
ORD_10193,USR_1205,2024-03-05 23:23:42.284456,completed
ORD_10194,USR_1184,2024-03-06 03:37:11.726345,completed
ORD_10195,USR_1381,2024-03-06 07:50:41.168233,completed
ORD_10196,USR_1495,2024-03-06 12:04:10.610122,completed
ORD_10197,USR_1378,2024-03-06 16:17:40.052010,completed
ORD_10198,USR_1046,2024-03-06 20:31:09.493898,completed
ORD_10199,USR_1885,2024-03-07 00:44:38.935787,returned
ORD_10200,USR_1739,2024-03-07 04:58:08.377675,completed
ORD_10201,USR_1550,2024-03-07 09:11:37.819563,completed
ORD_10202,USR_1527,2024-03-07 13:25:07.261452,completed
ORD_10203,USR_1503,2024-03-07 17:38:36.703340,completed
ORD_10204,USR_1021,2024-03-07 21:52:06.145229,completed
ORD_10205,USR_1212,2024-03-08 02:05:35.587117,completed
ORD_10206,USR_1309,2024-03-08 06:19:05.029005,completed
ORD_10207,USR_1660,2024-03-08 10:32:34.470894,completed
ORD_10208,USR_1967,2024-03-08 14:46:03.912782,completed
ORD_10209,USR_1752,2024-03-08 18:59:33.354670,completed
ORD_10210,USR_1271,2024-03-08 23:13:02.796559,returned
ORD_10211,USR_1570,2024-03-09 03:26:32.238447,returned
ORD_10212,USR_1798,2024-03-09 07:40:01.680336,completed
ORD_10213,USR_1937,2024-03-09 11:53:31.122224,completed
ORD_10214,USR_1201,2024-03-09 16:07:00.564112,cancelled
ORD_10215,USR_1031,2024-03-09 20:20:30.006001,completed
ORD_10216,USR_1442,2024-03-10 00:33:59.447889,completed
ORD_10217,USR_1161,2024-03-10 04:47:28.889777,returned
ORD_10218,USR_1766,2024-03-10 09:00:58.331666,completed
ORD_10219,USR_1253,2024-03-10 13:14:27.773554,returned
ORD_10220,USR_1520,2024-03-10 17:27:57.215443,cancelled
ORD_10221,USR_1976,2024-03-10 21:41:26.657331,completed
ORD_10222,USR_1650,2024-03-11 01:54:56.099219,completed
ORD_10223,USR_1479,2024-03-11 06:08:25.541108,completed
ORD_10224,USR_1009,2024-03-11 10:21:54.982996,completed
ORD_10225,USR_1725,2024-03-11 14:35:24.424884,completed
ORD_10226,USR_1504,2024-03-11 18:48:53.866773,completed
ORD_10227,USR_1784,2024-03-11 23:02:23.308661,completed
ORD_10228,USR_1835,2024-03-12 03:15:52.750550,completed
ORD_10229,USR_1559,2024-03-12 07:29:22.192438,completed
ORD_10230,USR_1435,2024-03-12 11:42:51.634326,completed
ORD_10231,USR_1110,2024-03-12 15:56:21.076215,completed
ORD_10232,USR_1152,2024-03-12 20:09:50.518103,completed
ORD_10233,USR_1634,2024-03-13 00:23:19.959991,cancelled
ORD_10234,USR_1916,2024-03-13 04:36:49.401880,cancelled
ORD_10235,USR_1868,2024-03-13 08:50:18.843768,completed
ORD_10236,USR_1101,2024-03-13 13:03:48.285657,returned
ORD_10237,USR_1752,2024-03-13 17:17:17.727545,completed
ORD_10238,USR_1832,2024-03-13 21:30:47.169433,completed
ORD_10239,USR_1190,2024-03-14 01:44:16.611322,completed
ORD_10240,USR_1728,2024-03-14 05:57:46.053210,completed
ORD_10241,USR_1562,2024-03-14 10:11:15.495099,returned
ORD_10242,USR_1803,2024-03-14 14:24:44.936987,completed
ORD_10243,USR_1080,2024-03-14 18:38:14.378875,completed
ORD_10244,USR_1488,2024-03-14 22:51:43.820764,completed
ORD_10245,USR_1894,2024-03-15 03:05:13.262652,completed
ORD_10246,USR_1087,2024-03-15 07:18:42.704540,completed
ORD_10247,USR_1193,2024-03-15 11:32:12.146429,completed
ORD_10248,USR_1103,2024-03-15 15:45:41.588317,completed
ORD_10249,USR_1782,2024-03-15 19:59:11.030206,completed
ORD_10250,USR_1095,2024-03-16 00:12:40.472094,completed
ORD_10251,USR_1422,2024-03-16 04:26:09.913982,completed
ORD_10252,USR_1890,2024-03-16 08:39:39.355871,completed
ORD_10253,USR_1197,2024-03-16 12:53:08.797759,completed
ORD_10254,USR_1000,2024-03-16 17:06:38.239647,completed
ORD_10255,USR_1406,2024-03-16 21:20:07.681536,completed
ORD_10256,USR_1377,2024-03-17 01:33:37.123424,completed
ORD_10257,USR_1166,2024-03-17 05:47:06.565313,completed
ORD_10258,USR_1508,2024-03-17 10:00:36.007201,returned
ORD_10259,USR_1637,2024-03-17 14:14:05.449089,completed
ORD_10260,USR_1312,2024-03-17 18:27:34.890978,completed
ORD_10261,USR_1592,2024-03-17 22:41:04.332866,cancelled
ORD_10262,USR_1417,2024-03-18 02:54:33.774754,completed
ORD_10263,USR_1762,2024-03-18 07:08:03.216643,completed
ORD_10264,USR_1680,2024-03-18 11:21:32.658531,completed
ORD_10265,USR_1476,2024-03-18 15:35:02.100420,completed
ORD_10266,USR_1072,2024-03-18 19:48:31.542308,completed
ORD_10267,USR_1140,2024-03-19 00:02:00.984196,cancelled
ORD_10268,USR_1581,2024-03-19 04:15:30.426085,completed
ORD_10269,USR_1261,2024-03-19 08:28:59.867973,completed
ORD_10270,USR_1339,2024-03-19 12:42:29.309861,cancelled
ORD_10271,USR_1307,2024-03-19 16:55:58.751750,cancelled
ORD_10272,USR_1244,2024-03-19 21:09:28.193638,completed
ORD_10273,USR_1514,2024-03-20 01:22:57.635527,completed
ORD_10274,USR_1336,2024-03-20 05:36:27.077415,returned
ORD_10275,USR_1574,2024-03-20 09:49:56.519303,completed
ORD_10276,USR_1560,2024-03-20 14:03:25.961192,completed
ORD_10277,USR_1075,2024-03-20 18:16:55.403080,returned
ORD_10278,USR_1879,2024-03-20 22:30:24.844968,completed
ORD_10279,USR_1174,2024-03-21 02:43:54.286857,completed
ORD_10280,USR_1108,2024-03-21 06:57:23.728745,completed
ORD_10281,USR_1182,2024-03-21 11:10:53.170634,completed
ORD_10282,USR_1191,2024-03-21 15:24:22.612522,completed
ORD_10283,USR_1064,2024-03-21 19:37:52.054410,completed
ORD_10284,USR_1848,2024-03-21 23:51:21.496299,completed
ORD_10285,USR_1962,2024-03-22 04:04:50.938187,completed
ORD_10286,USR_1473,2024-03-22 08:18:20.380076,completed
ORD_10287,USR_1782,2024-03-22 12:31:49.821964,completed
ORD_10288,USR_1099,2024-03-22 16:45:19.263852,completed
ORD_10289,USR_1543,2024-03-22 20:58:48.705741,completed
ORD_10290,USR_1863,2024-03-23 01:12:18.147629,completed
ORD_10291,USR_1127,2024-03-23 05:25:47.589517,completed
ORD_10292,USR_1451,2024-03-23 09:39:17.031406,completed
ORD_10293,USR_1913,2024-03-23 13:52:46.473294,completed
ORD_10294,USR_1368,2024-03-23 18:06:15.915183,completed
ORD_10295,USR_1850,2024-03-23 22:19:45.357071,completed
ORD_10296,USR_1042,2024-03-24 02:33:14.798959,cancelled
ORD_10297,USR_1883,2024-03-24 06:46:44.240848,completed
ORD_10298,USR_1418,2024-03-24 11:00:13.682736,completed
ORD_10299,USR_1487,2024-03-24 15:13:43.124624,completed
ORD_10300,USR_1077,2024-03-24 19:27:12.566513,completed
ORD_10301,USR_1825,2024-03-24 23:40:42.008401,cancelled
ORD_10302,USR_1800,2024-03-25 03:54:11.450290,completed
ORD_10303,USR_1269,2024-03-25 08:07:40.892178,completed
ORD_10304,USR_1673,2024-03-25 12:21:10.334066,completed
ORD_10305,USR_1700,2024-03-25 16:34:39.775955,completed
ORD_10306,USR_1758,2024-03-25 20:48:09.217843,completed
ORD_10307,USR_1899,2024-03-26 01:01:38.659731,completed
ORD_10308,USR_1727,2024-03-26 05:15:08.101620,completed
ORD_10309,USR_1314,2024-03-26 09:28:37.543508,completed
ORD_10310,USR_1924,2024-03-26 13:42:06.985397,returned
ORD_10311,USR_1850,2024-03-26 17:55:36.427285,cancelled
ORD_10312,USR_1901,2024-03-26 22:09:05.869173,completed
ORD_10313,USR_1888,2024-03-27 02:22:35.311062,completed
ORD_10314,USR_1992,2024-03-27 06:36:04.752950,completed
ORD_10315,USR_1944,2024-03-27 10:49:34.194838,completed
ORD_10316,USR_1167,2024-03-27 15:03:03.636727,returned
ORD_10317,USR_1338,2024-03-27 19:16:33.078615,completed
ORD_10318,USR_1192,2024-03-27 23:30:02.520504,completed
ORD_10319,USR_1452,2024-03-28 03:43:31.962392,returned
ORD_10320,USR_1282,2024-03-28 07:57:01.404280,completed
ORD_10321,USR_1335,2024-03-28 12:10:30.846169,returned
ORD_10322,USR_1389,2024-03-28 16:24:00.288057,returned
ORD_10323,USR_1999,2024-03-28 20:37:29.729945,completed
ORD_10324,USR_1524,2024-03-29 00:50:59.171834,completed
ORD_10325,USR_1239,2024-03-29 05:04:28.613722,cancelled
ORD_10326,USR_1831,2024-03-29 09:17:58.055611,returned
ORD_10327,USR_1957,2024-03-29 13:31:27.497499,completed
ORD_10328,USR_1482,2024-03-29 17:44:56.939387,returned
ORD_10329,USR_1658,2024-03-29 21:58:26.381276,completed
ORD_10330,USR_1715,2024-03-30 02:11:55.823164,completed
ORD_10331,USR_1591,2024-03-30 06:25:25.265053,returned
ORD_10332,USR_1890,2024-03-30 10:38:54.706941,completed
ORD_10333,USR_1554,2024-03-30 14:52:24.148829,cancelled
ORD_10334,USR_1457,2024-03-30 19:05:53.590718,completed
ORD_10335,USR_1088,2024-03-30 23:19:23.032606,completed
ORD_10336,USR_1659,2024-03-31 03:32:52.474494,completed
ORD_10337,USR_1094,2024-03-31 07:46:21.916383,completed
ORD_10338,USR_1451,2024-03-31 11:59:51.358271,completed
ORD_10339,USR_1427,2024-03-31 16:13:20.800160,completed
ORD_10340,USR_1150,2024-03-31 20:26:50.242048,completed
ORD_10341,USR_1513,2024-04-01 00:40:19.683936,completed
ORD_10342,USR_1375,2024-04-01 04:53:49.125825,completed
ORD_10343,USR_1021,2024-04-01 09:07:18.567713,completed
ORD_10344,USR_1882,2024-04-01 13:20:48.009601,completed
ORD_10345,USR_1312,2024-04-01 17:34:17.451490,completed
ORD_10346,USR_1996,2024-04-01 21:47:46.893378,completed
ORD_10347,USR_1839,2024-04-02 02:01:16.335267,completed
ORD_10348,USR_1518,2024-04-02 06:14:45.777155,completed
ORD_10349,USR_1205,2024-04-02 10:28:15.219043,completed
ORD_10350,USR_1951,2024-04-02 14:41:44.660932,completed
ORD_10351,USR_1374,2024-04-02 18:55:14.102820,completed
ORD_10352,USR_1450,2024-04-02 23:08:43.544708,returned
ORD_10353,USR_1625,2024-04-03 03:22:12.986597,completed
ORD_10354,USR_1783,2024-04-03 07:35:42.428485,completed
ORD_10355,USR_1594,2024-04-03 11:49:11.870374,completed
ORD_10356,USR_1178,2024-04-03 16:02:41.312262,completed
ORD_10357,USR_1209,2024-04-03 20:16:10.754150,completed
ORD_10358,USR_1499,2024-04-04 00:29:40.196039,completed
ORD_10359,USR_1463,2024-04-04 04:43:09.637927,completed
ORD_10360,USR_1839,2024-04-04 08:56:39.079815,completed
ORD_10361,USR_1123,2024-04-04 13:10:08.521704,completed
ORD_10362,USR_1992,2024-04-04 17:23:37.963592,completed
ORD_10363,USR_1112,2024-04-04 21:37:07.405481,completed
ORD_10364,USR_1011,2024-04-05 01:50:36.847369,completed
ORD_10365,USR_1125,2024-04-05 06:04:06.289257,completed
ORD_10366,USR_1564,2024-04-05 10:17:35.731146,completed
ORD_10367,USR_1330,2024-04-05 14:31:05.173034,completed
ORD_10368,USR_1900,2024-04-05 18:44:34.614922,completed
ORD_10369,USR_1282,2024-04-05 22:58:04.056811,completed
ORD_10370,USR_1139,2024-04-06 03:11:33.498699,completed
ORD_10371,USR_1400,2024-04-06 07:25:02.940588,completed
ORD_10372,USR_1901,2024-04-06 11:38:32.382476,completed
ORD_10373,USR_1096,2024-04-06 15:52:01.824364,completed
ORD_10374,USR_1516,2024-04-06 20:05:31.266253,completed
ORD_10375,USR_1568,2024-04-07 00:19:00.708141,completed
ORD_10376,USR_1923,2024-04-07 04:32:30.150030,returned
ORD_10377,USR_1845,2024-04-07 08:45:59.591918,completed
ORD_10378,USR_1068,2024-04-07 12:59:29.033806,completed
ORD_10379,USR_1117,2024-04-07 17:12:58.475695,returned
ORD_10380,USR_1887,2024-04-07 21:26:27.917583,completed
ORD_10381,USR_1058,2024-04-08 01:39:57.359471,completed
ORD_10382,USR_1032,2024-04-08 05:53:26.801360,completed
ORD_10383,USR_1317,2024-04-08 10:06:56.243248,completed
ORD_10384,USR_1049,2024-04-08 14:20:25.685137,completed
ORD_10385,USR_1879,2024-04-08 18:33:55.127025,completed
ORD_10386,USR_1488,2024-04-08 22:47:24.568913,completed
ORD_10387,USR_1018,2024-04-09 03:00:54.010802,completed
ORD_10388,USR_1725,2024-04-09 07:14:23.452690,cancelled
ORD_10389,USR_1196,2024-04-09 11:27:52.894578,cancelled
ORD_10390,USR_1890,2024-04-09 15:41:22.336467,completed
ORD_10391,USR_1449,2024-04-09 19:54:51.778355,completed
ORD_10392,USR_1989,2024-04-10 00:08:21.220244,completed
ORD_10393,USR_1558,2024-04-10 04:21:50.662132,returned
ORD_10394,USR_1678,2024-04-10 08:35:20.104020,completed
ORD_10395,USR_1451,2024-04-10 12:48:49.545909,completed
ORD_10396,USR_1288,2024-04-10 17:02:18.987797,completed
ORD_10397,USR_1140,2024-04-10 21:15:48.429685,completed
ORD_10398,USR_1083,2024-04-11 01:29:17.871574,completed
ORD_10399,USR_1693,2024-04-11 05:42:47.313462,completed
ORD_10400,USR_1390,2024-04-11 09:56:16.755351,completed
ORD_10401,USR_1590,2024-04-11 14:09:46.197239,completed
ORD_10402,USR_1214,2024-04-11 18:23:15.639127,completed
ORD_10403,USR_1525,2024-04-11 22:36:45.081016,completed
ORD_10404,USR_1214,2024-04-12 02:50:14.522904,returned
ORD_10405,USR_1402,2024-04-12 07:03:43.964792,returned
ORD_10406,USR_1127,2024-04-12 11:17:13.406681,cancelled
ORD_10407,USR_1821,2024-04-12 15:30:42.848569,returned
ORD_10408,USR_1476,2024-04-12 19:44:12.290458,completed
ORD_10409,USR_1759,2024-04-12 23:57:41.732346,completed
ORD_10410,USR_1403,2024-04-13 04:11:11.174234,completed
ORD_10411,USR_1028,2024-04-13 08:24:40.616123,returned
ORD_10412,USR_1791,2024-04-13 12:38:10.058011,completed
ORD_10413,USR_1337,2024-04-13 16:51:39.499899,completed
ORD_10414,USR_1830,2024-04-13 21:05:08.941788,completed
ORD_10415,USR_1713,2024-04-14 01:18:38.383676,completed
ORD_10416,USR_1360,2024-04-14 05:32:07.825565,completed
ORD_10417,USR_1568,2024-04-14 09:45:37.267453,completed
ORD_10418,USR_1391,2024-04-14 13:59:06.709341,completed
ORD_10419,USR_1217,2024-04-14 18:12:36.151230,completed
ORD_10420,USR_1573,2024-04-14 22:26:05.593118,completed
ORD_10421,USR_1668,2024-04-15 02:39:35.035007,completed
ORD_10422,USR_1201,2024-04-15 06:53:04.476895,cancelled
ORD_10423,USR_1016,2024-04-15 11:06:33.918783,completed
ORD_10424,USR_1321,2024-04-15 15:20:03.360672,completed
ORD_10425,USR_1517,2024-04-15 19:33:32.802560,completed
ORD_10426,USR_1569,2024-04-15 23:47:02.244448,completed
ORD_10427,USR_1324,2024-04-16 04:00:31.686337,completed
ORD_10428,USR_1411,2024-04-16 08:14:01.128225,completed
ORD_10429,USR_1317,2024-04-16 12:27:30.570114,completed
ORD_10430,USR_1680,2024-04-16 16:41:00.012002,completed
ORD_10431,USR_1964,2024-04-16 20:54:29.453890,completed
ORD_10432,USR_1081,2024-04-17 01:07:58.895779,completed
ORD_10433,USR_1473,2024-04-17 05:21:28.337667,completed
ORD_10434,USR_1467,2024-04-17 09:34:57.779555,completed
ORD_10435,USR_1424,2024-04-17 13:48:27.221444,completed
ORD_10436,USR_1944,2024-04-17 18:01:56.663332,returned
ORD_10437,USR_1730,2024-04-17 22:15:26.105221,completed
ORD_10438,USR_1688,2024-04-18 02:28:55.547109,completed
ORD_10439,USR_1203,2024-04-18 06:42:24.988997,completed
ORD_10440,USR_1582,2024-04-18 10:55:54.430886,completed
ORD_10441,USR_1386,2024-04-18 15:09:23.872774,completed
ORD_10442,USR_1777,2024-04-18 19:22:53.314662,completed
ORD_10443,USR_1097,2024-04-18 23:36:22.756551,completed
ORD_10444,USR_1344,2024-04-19 03:49:52.198439,completed
ORD_10445,USR_1802,2024-04-19 08:03:21.640328,completed
ORD_10446,USR_1207,2024-04-19 12:16:51.082216,completed
ORD_10447,USR_1513,2024-04-19 16:30:20.524104,completed
ORD_10448,USR_1635,2024-04-19 20:43:49.965993,completed
ORD_10449,USR_1791,2024-04-20 00:57:19.407881,cancelled
ORD_10450,USR_1585,2024-04-20 05:10:48.849769,completed
ORD_10451,USR_1165,2024-04-20 09:24:18.291658,completed
ORD_10452,USR_1021,2024-04-20 13:37:47.733546,completed
ORD_10453,USR_1153,2024-04-20 17:51:17.175435,completed
ORD_10454,USR_1938,2024-04-20 22:04:46.617323,completed
ORD_10455,USR_1438,2024-04-21 02:18:16.059211,completed
ORD_10456,USR_1294,2024-04-21 06:31:45.501100,completed
ORD_10457,USR_1218,2024-04-21 10:45:14.942988,completed
ORD_10458,USR_1668,2024-04-21 14:58:44.384876,returned
ORD_10459,USR_1494,2024-04-21 19:12:13.826765,completed
ORD_10460,USR_1229,2024-04-21 23:25:43.268653,completed
ORD_10461,USR_1019,2024-04-22 03:39:12.710542,returned
ORD_10462,USR_1986,2024-04-22 07:52:42.152430,completed
ORD_10463,USR_1552,2024-04-22 12:06:11.594318,completed
ORD_10464,USR_1949,2024-04-22 16:19:41.036207,completed
ORD_10465,USR_1147,2024-04-22 20:33:10.478095,returned
ORD_10466,USR_1107,2024-04-23 00:46:39.919983,completed
ORD_10467,USR_1402,2024-04-23 05:00:09.361872,completed
ORD_10468,USR_1595,2024-04-23 09:13:38.803760,completed
ORD_10469,USR_1482,2024-04-23 13:27:08.245649,completed
ORD_10470,USR_1366,2024-04-23 17:40:37.687537,completed
ORD_10471,USR_1833,2024-04-23 21:54:07.129425,completed
ORD_10472,USR_1413,2024-04-24 02:07:36.571314,completed
ORD_10473,USR_1308,2024-04-24 06:21:06.013202,completed
ORD_10474,USR_1801,2024-04-24 10:34:35.455091,completed
ORD_10475,USR_1917,2024-04-24 14:48:04.896979,returned
ORD_10476,USR_1834,2024-04-24 19:01:34.338867,cancelled
ORD_10477,USR_1133,2024-04-24 23:15:03.780756,completed
ORD_10478,USR_1718,2024-04-25 03:28:33.222644,completed
ORD_10479,USR_1282,2024-04-25 07:42:02.664532,completed
ORD_10480,USR_1777,2024-04-25 11:55:32.106421,completed
ORD_10481,USR_1072,2024-04-25 16:09:01.548309,completed
ORD_10482,USR_1480,2024-04-25 20:22:30.990198,completed
ORD_10483,USR_1351,2024-04-26 00:36:00.432086,cancelled
ORD_10484,USR_1559,2024-04-26 04:49:29.873974,completed
ORD_10485,USR_1325,2024-04-26 09:02:59.315863,completed
ORD_10486,USR_1744,2024-04-26 13:16:28.757751,completed
ORD_10487,USR_1442,2024-04-26 17:29:58.199639,completed
ORD_10488,USR_1099,2024-04-26 21:43:27.641528,completed
ORD_10489,USR_1058,2024-04-27 01:56:57.083416,completed
ORD_10490,USR_1507,2024-04-27 06:10:26.525305,completed
ORD_10491,USR_1257,2024-04-27 10:23:55.967193,returned
ORD_10492,USR_1412,2024-04-27 14:37:25.409081,completed
ORD_10493,USR_1451,2024-04-27 18:50:54.850970,cancelled
ORD_10494,USR_1064,2024-04-27 23:04:24.292858,completed
ORD_10495,USR_1594,2024-04-28 03:17:53.734746,completed
ORD_10496,USR_1153,2024-04-28 07:31:23.176635,completed
ORD_10497,USR_1984,2024-04-28 11:44:52.618523,completed
ORD_10498,USR_1265,2024-04-28 15:58:22.060412,completed
ORD_10499,USR_1820,2024-04-28 20:11:51.502300,completed
ORD_10500,USR_1078,2024-04-29 00:25:20.944188,completed
ORD_10501,USR_1314,2024-04-29 04:38:50.386077,completed
ORD_10502,USR_1661,2024-04-29 08:52:19.827965,completed
ORD_10503,USR_1946,2024-04-29 13:05:49.269853,completed
ORD_10504,USR_1559,2024-04-29 17:19:18.711742,completed
ORD_10505,USR_1916,2024-04-29 21:32:48.153630,completed
ORD_10506,USR_1890,2024-04-30 01:46:17.595519,completed
ORD_10507,USR_1247,2024-04-30 05:59:47.037407,returned
ORD_10508,USR_1789,2024-04-30 10:13:16.479295,completed
ORD_10509,USR_1867,2024-04-30 14:26:45.921184,completed
ORD_10510,USR_1609,2024-04-30 18:40:15.363072,completed
ORD_10511,USR_1413,2024-04-30 22:53:44.804960,completed
ORD_10512,USR_1024,2024-05-01 03:07:14.246849,completed
ORD_10513,USR_1283,2024-05-01 07:20:43.688737,returned
ORD_10514,USR_1448,2024-05-01 11:34:13.130626,returned
ORD_10515,USR_1880,2024-05-01 15:47:42.572514,completed
ORD_10516,USR_1300,2024-05-01 20:01:12.014402,completed
ORD_10517,USR_1067,2024-05-02 00:14:41.456291,completed
ORD_10518,USR_1006,2024-05-02 04:28:10.898179,completed
ORD_10519,USR_1816,2024-05-02 08:41:40.340068,completed
ORD_10520,USR_1136,2024-05-02 12:55:09.781956,completed
ORD_10521,USR_1163,2024-05-02 17:08:39.223844,completed
ORD_10522,USR_1082,2024-05-02 21:22:08.665733,returned
ORD_10523,USR_1896,2024-05-03 01:35:38.107621,completed
ORD_10524,USR_1649,2024-05-03 05:49:07.549509,completed
ORD_10525,USR_1419,2024-05-03 10:02:36.991398,returned
ORD_10526,USR_1072,2024-05-03 14:16:06.433286,completed
ORD_10527,USR_1236,2024-05-03 18:29:35.875175,returned
ORD_10528,USR_1045,2024-05-03 22:43:05.317063,completed
ORD_10529,USR_1617,2024-05-04 02:56:34.758951,completed
ORD_10530,USR_1927,2024-05-04 07:10:04.200840,returned
ORD_10531,USR_1799,2024-05-04 11:23:33.642728,completed
ORD_10532,USR_1261,2024-05-04 15:37:03.084616,completed
ORD_10533,USR_1175,2024-05-04 19:50:32.526505,completed
ORD_10534,USR_1165,2024-05-05 00:04:01.968393,completed
ORD_10535,USR_1656,2024-05-05 04:17:31.410282,completed
ORD_10536,USR_1841,2024-05-05 08:31:00.852170,returned
ORD_10537,USR_1369,2024-05-05 12:44:30.294058,returned
ORD_10538,USR_1794,2024-05-05 16:57:59.735947,returned
ORD_10539,USR_1053,2024-05-05 21:11:29.177835,completed
ORD_10540,USR_1689,2024-05-06 01:24:58.619723,completed
ORD_10541,USR_1418,2024-05-06 05:38:28.061612,completed
ORD_10542,USR_1755,2024-05-06 09:51:57.503500,returned
ORD_10543,USR_1506,2024-05-06 14:05:26.945389,completed
ORD_10544,USR_1340,2024-05-06 18:18:56.387277,completed
ORD_10545,USR_1126,2024-05-06 22:32:25.829165,completed
ORD_10546,USR_1408,2024-05-07 02:45:55.271054,completed
ORD_10547,USR_1923,2024-05-07 06:59:24.712942,completed
ORD_10548,USR_1366,2024-05-07 11:12:54.154830,cancelled
ORD_10549,USR_1270,2024-05-07 15:26:23.596719,cancelled
ORD_10550,USR_1643,2024-05-07 19:39:53.038607,completed
ORD_10551,USR_1604,2024-05-07 23:53:22.480496,completed
ORD_10552,USR_1378,2024-05-08 04:06:51.922384,cancelled
ORD_10553,USR_1072,2024-05-08 08:20:21.364272,completed
ORD_10554,USR_1922,2024-05-08 12:33:50.806161,completed
ORD_10555,USR_1921,2024-05-08 16:47:20.248049,completed
ORD_10556,USR_1914,2024-05-08 21:00:49.689937,completed
ORD_10557,USR_1247,2024-05-09 01:14:19.131826,completed
ORD_10558,USR_1859,2024-05-09 05:27:48.573714,completed
ORD_10559,USR_1784,2024-05-09 09:41:18.015603,completed
ORD_10560,USR_1042,2024-05-09 13:54:47.457491,completed
ORD_10561,USR_1376,2024-05-09 18:08:16.899379,cancelled
ORD_10562,USR_1040,2024-05-09 22:21:46.341268,completed
ORD_10563,USR_1169,2024-05-10 02:35:15.783156,returned
ORD_10564,USR_1945,2024-05-10 06:48:45.225045,completed
ORD_10565,USR_1211,2024-05-10 11:02:14.666933,completed
ORD_10566,USR_1492,2024-05-10 15:15:44.108821,completed
ORD_10567,USR_1679,2024-05-10 19:29:13.550710,returned
ORD_10568,USR_1038,2024-05-10 23:42:42.992598,completed
ORD_10569,USR_1368,2024-05-11 03:56:12.434486,completed
ORD_10570,USR_1756,2024-05-11 08:09:41.876375,completed
ORD_10571,USR_1150,2024-05-11 12:23:11.318263,completed
ORD_10572,USR_1110,2024-05-11 16:36:40.760152,completed
ORD_10573,USR_1479,2024-05-11 20:50:10.202040,cancelled
ORD_10574,USR_1435,2024-05-12 01:03:39.643928,returned
ORD_10575,USR_1046,2024-05-12 05:17:09.085817,completed
ORD_10576,USR_1574,2024-05-12 09:30:38.527705,cancelled
ORD_10577,USR_1736,2024-05-12 13:44:07.969593,completed
ORD_10578,USR_1365,2024-05-12 17:57:37.411482,completed
ORD_10579,USR_1068,2024-05-12 22:11:06.853370,completed
ORD_10580,USR_1298,2024-05-13 02:24:36.295259,completed
ORD_10581,USR_1943,2024-05-13 06:38:05.737147,completed
ORD_10582,USR_1801,2024-05-13 10:51:35.179035,returned
ORD_10583,USR_1295,2024-05-13 15:05:04.620924,completed
ORD_10584,USR_1202,2024-05-13 19:18:34.062812,completed
ORD_10585,USR_1060,2024-05-13 23:32:03.504700,completed
ORD_10586,USR_1945,2024-05-14 03:45:32.946589,returned
ORD_10587,USR_1962,2024-05-14 07:59:02.388477,completed
ORD_10588,USR_1829,2024-05-14 12:12:31.830366,completed
ORD_10589,USR_1313,2024-05-14 16:26:01.272254,completed
ORD_10590,USR_1160,2024-05-14 20:39:30.714142,completed
ORD_10591,USR_1330,2024-05-15 00:53:00.156031,completed
ORD_10592,USR_1527,2024-05-15 05:06:29.597919,completed
ORD_10593,USR_1337,2024-05-15 09:19:59.039807,completed
ORD_10594,USR_1605,2024-05-15 13:33:28.481696,completed
ORD_10595,USR_1303,2024-05-15 17:46:57.923584,completed
ORD_10596,USR_1502,2024-05-15 22:00:27.365473,completed
ORD_10597,USR_1649,2024-05-16 02:13:56.807361,completed
ORD_10598,USR_1337,2024-05-16 06:27:26.249249,cancelled
ORD_10599,USR_1549,2024-05-16 10:40:55.691138,completed
ORD_10600,USR_1638,2024-05-16 14:54:25.133026,cancelled
ORD_10601,USR_1274,2024-05-16 19:07:54.574914,completed
ORD_10602,USR_1163,2024-05-16 23:21:24.016803,completed
ORD_10603,USR_1442,2024-05-17 03:34:53.458691,completed
ORD_10604,USR_1318,2024-05-17 07:48:22.900580,cancelled
ORD_10605,USR_1588,2024-05-17 12:01:52.342468,completed
ORD_10606,USR_1503,2024-05-17 16:15:21.784356,completed
ORD_10607,USR_1685,2024-05-17 20:28:51.226245,cancelled
ORD_10608,USR_1386,2024-05-18 00:42:20.668133,completed
ORD_10609,USR_1969,2024-05-18 04:55:50.110022,completed
ORD_10610,USR_1869,2024-05-18 09:09:19.551910,completed
ORD_10611,USR_1832,2024-05-18 13:22:48.993798,completed
ORD_10612,USR_1887,2024-05-18 17:36:18.435687,completed
ORD_10613,USR_1602,2024-05-18 21:49:47.877575,completed
ORD_10614,USR_1749,2024-05-19 02:03:17.319463,completed
ORD_10615,USR_1775,2024-05-19 06:16:46.761352,completed
ORD_10616,USR_1690,2024-05-19 10:30:16.203240,cancelled
ORD_10617,USR_1493,2024-05-19 14:43:45.645129,returned
ORD_10618,USR_1489,2024-05-19 18:57:15.087017,completed
ORD_10619,USR_1720,2024-05-19 23:10:44.528905,completed
ORD_10620,USR_1072,2024-05-20 03:24:13.970794,completed
ORD_10621,USR_1508,2024-05-20 07:37:43.412682,completed
ORD_10622,USR_1389,2024-05-20 11:51:12.854570,completed
ORD_10623,USR_1618,2024-05-20 16:04:42.296459,completed
ORD_10624,USR_1856,2024-05-20 20:18:11.738347,completed
ORD_10625,USR_1294,2024-05-21 00:31:41.180236,completed
ORD_10626,USR_1368,2024-05-21 04:45:10.622124,completed
ORD_10627,USR_1955,2024-05-21 08:58:40.064012,returned
ORD_10628,USR_1795,2024-05-21 13:12:09.505901,completed
ORD_10629,USR_1864,2024-05-21 17:25:38.947789,completed
ORD_10630,USR_1693,2024-05-21 21:39:08.389677,completed
ORD_10631,USR_1548,2024-05-22 01:52:37.831566,completed
ORD_10632,USR_1648,2024-05-22 06:06:07.273454,completed
ORD_10633,USR_1849,2024-05-22 10:19:36.715343,completed
ORD_10634,USR_1567,2024-05-22 14:33:06.157231,completed
ORD_10635,USR_1186,2024-05-22 18:46:35.599119,completed
ORD_10636,USR_1852,2024-05-22 23:00:05.041008,completed
ORD_10637,USR_1769,2024-05-23 03:13:34.482896,completed
ORD_10638,USR_1444,2024-05-23 07:27:03.924784,returned
ORD_10639,USR_1569,2024-05-23 11:40:33.366673,completed
ORD_10640,USR_1362,2024-05-23 15:54:02.808561,completed
ORD_10641,USR_1122,2024-05-23 20:07:32.250450,returned
ORD_10642,USR_1187,2024-05-24 00:21:01.692338,completed
ORD_10643,USR_1741,2024-05-24 04:34:31.134226,completed
ORD_10644,USR_1679,2024-05-24 08:48:00.576115,completed
ORD_10645,USR_1419,2024-05-24 13:01:30.018003,completed
ORD_10646,USR_1625,2024-05-24 17:14:59.459891,completed
ORD_10647,USR_1251,2024-05-24 21:28:28.901780,completed
ORD_10648,USR_1618,2024-05-25 01:41:58.343668,cancelled
ORD_10649,USR_1548,2024-05-25 05:55:27.785557,returned
ORD_10650,USR_1334,2024-05-25 10:08:57.227445,completed
ORD_10651,USR_1091,2024-05-25 14:22:26.669333,completed
ORD_10652,USR_1529,2024-05-25 18:35:56.111222,completed
ORD_10653,USR_1865,2024-05-25 22:49:25.553110,completed
ORD_10654,USR_1062,2024-05-26 03:02:54.994999,completed
ORD_10655,USR_1661,2024-05-26 07:16:24.436887,completed
ORD_10656,USR_1511,2024-05-26 11:29:53.878775,cancelled
ORD_10657,USR_1138,2024-05-26 15:43:23.320664,returned
ORD_10658,USR_1697,2024-05-26 19:56:52.762552,completed
ORD_10659,USR_1184,2024-05-27 00:10:22.204440,completed
ORD_10660,USR_1204,2024-05-27 04:23:51.646329,completed
ORD_10661,USR_1771,2024-05-27 08:37:21.088217,completed
ORD_10662,USR_1213,2024-05-27 12:50:50.530106,completed
ORD_10663,USR_1255,2024-05-27 17:04:19.971994,completed
ORD_10664,USR_1134,2024-05-27 21:17:49.413882,completed
ORD_10665,USR_1572,2024-05-28 01:31:18.855771,completed
ORD_10666,USR_1874,2024-05-28 05:44:48.297659,completed
ORD_10667,USR_1821,2024-05-28 09:58:17.739547,completed
ORD_10668,USR_1087,2024-05-28 14:11:47.181436,completed
ORD_10669,USR_1835,2024-05-28 18:25:16.623324,completed
ORD_10670,USR_1987,2024-05-28 22:38:46.065213,completed
ORD_10671,USR_1206,2024-05-29 02:52:15.507101,returned
ORD_10672,USR_1128,2024-05-29 07:05:44.948989,completed
ORD_10673,USR_1822,2024-05-29 11:19:14.390878,completed
ORD_10674,USR_1002,2024-05-29 15:32:43.832766,completed
ORD_10675,USR_1973,2024-05-29 19:46:13.274654,completed
ORD_10676,USR_1933,2024-05-29 23:59:42.716543,completed
ORD_10677,USR_1753,2024-05-30 04:13:12.158431,completed
ORD_10678,USR_1120,2024-05-30 08:26:41.600320,completed
ORD_10679,USR_1384,2024-05-30 12:40:11.042208,completed
ORD_10680,USR_1613,2024-05-30 16:53:40.484096,completed
ORD_10681,USR_1037,2024-05-30 21:07:09.925985,completed
ORD_10682,USR_1340,2024-05-31 01:20:39.367873,completed
ORD_10683,USR_1924,2024-05-31 05:34:08.809761,completed
ORD_10684,USR_1644,2024-05-31 09:47:38.251650,completed
ORD_10685,USR_1713,2024-05-31 14:01:07.693538,completed
ORD_10686,USR_1859,2024-05-31 18:14:37.135427,completed
ORD_10687,USR_1020,2024-05-31 22:28:06.577315,returned
ORD_10688,USR_1241,2024-06-01 02:41:36.019203,completed
ORD_10689,USR_1454,2024-06-01 06:55:05.461092,returned
ORD_10690,USR_1962,2024-06-01 11:08:34.902980,returned
ORD_10691,USR_1620,2024-06-01 15:22:04.344868,completed
ORD_10692,USR_1302,2024-06-01 19:35:33.786757,completed
ORD_10693,USR_1595,2024-06-01 23:49:03.228645,completed
ORD_10694,USR_1594,2024-06-02 04:02:32.670534,cancelled
ORD_10695,USR_1802,2024-06-02 08:16:02.112422,completed
ORD_10696,USR_1963,2024-06-02 12:29:31.554310,completed
ORD_10697,USR_1068,2024-06-02 16:43:00.996199,completed
ORD_10698,USR_1128,2024-06-02 20:56:30.438087,completed
ORD_10699,USR_1195,2024-06-03 01:09:59.879975,completed
ORD_10700,USR_1139,2024-06-03 05:23:29.321864,completed
ORD_10701,USR_1443,2024-06-03 09:36:58.763752,completed
ORD_10702,USR_1282,2024-06-03 13:50:28.205641,returned
ORD_10703,USR_1311,2024-06-03 18:03:57.647529,completed
ORD_10704,USR_1745,2024-06-03 22:17:27.089417,completed
ORD_10705,USR_1534,2024-06-04 02:30:56.531306,completed
ORD_10706,USR_1664,2024-06-04 06:44:25.973194,completed
ORD_10707,USR_1276,2024-06-04 10:57:55.415083,completed
ORD_10708,USR_1060,2024-06-04 15:11:24.856971,completed
ORD_10709,USR_1318,2024-06-04 19:24:54.298859,completed
ORD_10710,USR_1889,2024-06-04 23:38:23.740748,completed
ORD_10711,USR_1051,2024-06-05 03:51:53.182636,completed
ORD_10712,USR_1855,2024-06-05 08:05:22.624524,completed
ORD_10713,USR_1152,2024-06-05 12:18:52.066413,completed
ORD_10714,USR_1748,2024-06-05 16:32:21.508301,completed
ORD_10715,USR_1310,2024-06-05 20:45:50.950190,completed
ORD_10716,USR_1813,2024-06-06 00:59:20.392078,completed
ORD_10717,USR_1543,2024-06-06 05:12:49.833966,completed
ORD_10718,USR_1566,2024-06-06 09:26:19.275855,completed
ORD_10719,USR_1863,2024-06-06 13:39:48.717743,cancelled
ORD_10720,USR_1388,2024-06-06 17:53:18.159631,returned
ORD_10721,USR_1547,2024-06-06 22:06:47.601520,completed
ORD_10722,USR_1621,2024-06-07 02:20:17.043408,completed
ORD_10723,USR_1176,2024-06-07 06:33:46.485297,completed
ORD_10724,USR_1361,2024-06-07 10:47:15.927185,completed
ORD_10725,USR_1313,2024-06-07 15:00:45.369073,completed
ORD_10726,USR_1806,2024-06-07 19:14:14.810962,returned
ORD_10727,USR_1847,2024-06-07 23:27:44.252850,completed
ORD_10728,USR_1096,2024-06-08 03:41:13.694738,completed
ORD_10729,USR_1880,2024-06-08 07:54:43.136627,completed
ORD_10730,USR_1212,2024-06-08 12:08:12.578515,completed
ORD_10731,USR_1828,2024-06-08 16:21:42.020404,completed
ORD_10732,USR_1136,2024-06-08 20:35:11.462292,completed
ORD_10733,USR_1005,2024-06-09 00:48:40.904180,completed
ORD_10734,USR_1108,2024-06-09 05:02:10.346069,completed
ORD_10735,USR_1546,2024-06-09 09:15:39.787957,completed
ORD_10736,USR_1038,2024-06-09 13:29:09.229845,completed
ORD_10737,USR_1661,2024-06-09 17:42:38.671734,completed
ORD_10738,USR_1424,2024-06-09 21:56:08.113622,completed
ORD_10739,USR_1629,2024-06-10 02:09:37.555511,completed
ORD_10740,USR_1260,2024-06-10 06:23:06.997399,returned
ORD_10741,USR_1425,2024-06-10 10:36:36.439287,completed
ORD_10742,USR_1086,2024-06-10 14:50:05.881176,completed
ORD_10743,USR_1464,2024-06-10 19:03:35.323064,completed
ORD_10744,USR_1075,2024-06-10 23:17:04.764952,completed
ORD_10745,USR_1470,2024-06-11 03:30:34.206841,completed
ORD_10746,USR_1975,2024-06-11 07:44:03.648729,completed
ORD_10747,USR_1962,2024-06-11 11:57:33.090618,completed
ORD_10748,USR_1413,2024-06-11 16:11:02.532506,completed
ORD_10749,USR_1824,2024-06-11 20:24:31.974394,returned
ORD_10750,USR_1894,2024-06-12 00:38:01.416283,returned
ORD_10751,USR_1725,2024-06-12 04:51:30.858171,completed
ORD_10752,USR_1456,2024-06-12 09:05:00.300060,completed
ORD_10753,USR_1284,2024-06-12 13:18:29.741948,completed
ORD_10754,USR_1238,2024-06-12 17:31:59.183836,completed
ORD_10755,USR_1676,2024-06-12 21:45:28.625725,completed
ORD_10756,USR_1598,2024-06-13 01:58:58.067613,completed
ORD_10757,USR_1652,2024-06-13 06:12:27.509501,returned
ORD_10758,USR_1671,2024-06-13 10:25:56.951390,completed
ORD_10759,USR_1557,2024-06-13 14:39:26.393278,completed
ORD_10760,USR_1371,2024-06-13 18:52:55.835167,completed
ORD_10761,USR_1494,2024-06-13 23:06:25.277055,completed
ORD_10762,USR_1623,2024-06-14 03:19:54.718943,completed
ORD_10763,USR_1918,2024-06-14 07:33:24.160832,completed
ORD_10764,USR_1044,2024-06-14 11:46:53.602720,returned
ORD_10765,USR_1400,2024-06-14 16:00:23.044608,completed
ORD_10766,USR_1246,2024-06-14 20:13:52.486497,completed
ORD_10767,USR_1615,2024-06-15 00:27:21.928385,cancelled
ORD_10768,USR_1596,2024-06-15 04:40:51.370274,completed
ORD_10769,USR_1449,2024-06-15 08:54:20.812162,completed
ORD_10770,USR_1484,2024-06-15 13:07:50.254050,completed
ORD_10771,USR_1645,2024-06-15 17:21:19.695939,completed
ORD_10772,USR_1619,2024-06-15 21:34:49.137827,completed
ORD_10773,USR_1017,2024-06-16 01:48:18.579715,completed
ORD_10774,USR_1605,2024-06-16 06:01:48.021604,cancelled
ORD_10775,USR_1661,2024-06-16 10:15:17.463492,completed
ORD_10776,USR_1757,2024-06-16 14:28:46.905381,completed
ORD_10777,USR_1288,2024-06-16 18:42:16.347269,completed
ORD_10778,USR_1413,2024-06-16 22:55:45.789157,completed
ORD_10779,USR_1720,2024-06-17 03:09:15.231046,completed
ORD_10780,USR_1637,2024-06-17 07:22:44.672934,completed
ORD_10781,USR_1234,2024-06-17 11:36:14.114822,completed
ORD_10782,USR_1415,2024-06-17 15:49:43.556711,completed
ORD_10783,USR_1937,2024-06-17 20:03:12.998599,cancelled
ORD_10784,USR_1498,2024-06-18 00:16:42.440488,completed
ORD_10785,USR_1973,2024-06-18 04:30:11.882376,completed
ORD_10786,USR_1633,2024-06-18 08:43:41.324264,returned
ORD_10787,USR_1649,2024-06-18 12:57:10.766153,completed
ORD_10788,USR_1114,2024-06-18 17:10:40.208041,completed
ORD_10789,USR_1931,2024-06-18 21:24:09.649929,returned
ORD_10790,USR_1673,2024-06-19 01:37:39.091818,completed
ORD_10791,USR_1712,2024-06-19 05:51:08.533706,completed
ORD_10792,USR_1233,2024-06-19 10:04:37.975595,completed
ORD_10793,USR_1539,2024-06-19 14:18:07.417483,completed
ORD_10794,USR_1010,2024-06-19 18:31:36.859371,completed
ORD_10795,USR_1205,2024-06-19 22:45:06.301260,completed
ORD_10796,USR_1678,2024-06-20 02:58:35.743148,completed
ORD_10797,USR_1246,2024-06-20 07:12:05.185037,completed
ORD_10798,USR_1558,2024-06-20 11:25:34.626925,completed
ORD_10799,USR_1757,2024-06-20 15:39:04.068813,completed
ORD_10800,USR_1126,2024-06-20 19:52:33.510702,returned
ORD_10801,USR_1146,2024-06-21 00:06:02.952590,completed
ORD_10802,USR_1117,2024-06-21 04:19:32.394478,returned
ORD_10803,USR_1910,2024-06-21 08:33:01.836367,completed
ORD_10804,USR_1381,2024-06-21 12:46:31.278255,completed
ORD_10805,USR_1411,2024-06-21 17:00:00.720144,completed
ORD_10806,USR_1663,2024-06-21 21:13:30.162032,completed
ORD_10807,USR_1583,2024-06-22 01:26:59.603920,completed
ORD_10808,USR_1362,2024-06-22 05:40:29.045809,completed
ORD_10809,USR_1508,2024-06-22 09:53:58.487697,completed
ORD_10810,USR_1136,2024-06-22 14:07:27.929585,completed
ORD_10811,USR_1174,2024-06-22 18:20:57.371474,completed
ORD_10812,USR_1288,2024-06-22 22:34:26.813362,completed
ORD_10813,USR_1957,2024-06-23 02:47:56.255251,completed
ORD_10814,USR_1480,2024-06-23 07:01:25.697139,completed
ORD_10815,USR_1018,2024-06-23 11:14:55.139027,completed
ORD_10816,USR_1194,2024-06-23 15:28:24.580916,completed
ORD_10817,USR_1329,2024-06-23 19:41:54.022804,completed
ORD_10818,USR_1935,2024-06-23 23:55:23.464692,cancelled
ORD_10819,USR_1174,2024-06-24 04:08:52.906581,completed
ORD_10820,USR_1448,2024-06-24 08:22:22.348469,completed
ORD_10821,USR_1924,2024-06-24 12:35:51.790358,completed
ORD_10822,USR_1945,2024-06-24 16:49:21.232246,returned
ORD_10823,USR_1353,2024-06-24 21:02:50.674134,completed
ORD_10824,USR_1498,2024-06-25 01:16:20.116023,cancelled
ORD_10825,USR_1140,2024-06-25 05:29:49.557911,completed
ORD_10826,USR_1757,2024-06-25 09:43:18.999799,completed
ORD_10827,USR_1896,2024-06-25 13:56:48.441688,returned
ORD_10828,USR_1929,2024-06-25 18:10:17.883576,completed
ORD_10829,USR_1092,2024-06-25 22:23:47.325465,completed
ORD_10830,USR_1943,2024-06-26 02:37:16.767353,completed
ORD_10831,USR_1238,2024-06-26 06:50:46.209241,returned
ORD_10832,USR_1204,2024-06-26 11:04:15.651130,completed
ORD_10833,USR_1559,2024-06-26 15:17:45.093018,completed
ORD_10834,USR_1432,2024-06-26 19:31:14.534906,completed
ORD_10835,USR_1244,2024-06-26 23:44:43.976795,completed
ORD_10836,USR_1831,2024-06-27 03:58:13.418683,returned
ORD_10837,USR_1316,2024-06-27 08:11:42.860572,completed
ORD_10838,USR_1924,2024-06-27 12:25:12.302460,completed
ORD_10839,USR_1294,2024-06-27 16:38:41.744348,returned
ORD_10840,USR_1639,2024-06-27 20:52:11.186237,completed
ORD_10841,USR_1855,2024-06-28 01:05:40.628125,completed
ORD_10842,USR_1281,2024-06-28 05:19:10.070014,completed
ORD_10843,USR_1016,2024-06-28 09:32:39.511902,completed
ORD_10844,USR_1070,2024-06-28 13:46:08.953790,completed
ORD_10845,USR_1268,2024-06-28 17:59:38.395679,completed
ORD_10846,USR_1324,2024-06-28 22:13:07.837567,completed
ORD_10847,USR_1793,2024-06-29 02:26:37.279455,completed
ORD_10848,USR_1304,2024-06-29 06:40:06.721344,completed
ORD_10849,USR_1450,2024-06-29 10:53:36.163232,completed
ORD_10850,USR_1006,2024-06-29 15:07:05.605121,completed
ORD_10851,USR_1313,2024-06-29 19:20:35.047009,completed
ORD_10852,USR_1816,2024-06-29 23:34:04.488897,cancelled
ORD_10853,USR_1102,2024-06-30 03:47:33.930786,completed
ORD_10854,USR_1820,2024-06-30 08:01:03.372674,completed
ORD_10855,USR_1192,2024-06-30 12:14:32.814562,completed
ORD_10856,USR_1752,2024-06-30 16:28:02.256451,completed
ORD_10857,USR_1573,2024-06-30 20:41:31.698339,completed
ORD_10858,USR_1528,2024-07-01 00:55:01.140228,completed
ORD_10859,USR_1170,2024-07-01 05:08:30.582116,completed
ORD_10860,USR_1536,2024-07-01 09:22:00.024004,cancelled
ORD_10861,USR_1250,2024-07-01 13:35:29.465893,completed
ORD_10862,USR_1764,2024-07-01 17:48:58.907781,completed
ORD_10863,USR_1386,2024-07-01 22:02:28.349669,completed
ORD_10864,USR_1206,2024-07-02 02:15:57.791558,completed
ORD_10865,USR_1540,2024-07-02 06:29:27.233446,completed
ORD_10866,USR_1628,2024-07-02 10:42:56.675335,completed
ORD_10867,USR_1415,2024-07-02 14:56:26.117223,completed
ORD_10868,USR_1793,2024-07-02 19:09:55.559111,completed
ORD_10869,USR_1379,2024-07-02 23:23:25.001000,completed
ORD_10870,USR_1143,2024-07-03 03:36:54.442888,completed
ORD_10871,USR_1024,2024-07-03 07:50:23.884776,completed
ORD_10872,USR_1821,2024-07-03 12:03:53.326665,completed
ORD_10873,USR_1667,2024-07-03 16:17:22.768553,completed
ORD_10874,USR_1072,2024-07-03 20:30:52.210442,completed
ORD_10875,USR_1631,2024-07-04 00:44:21.652330,completed
ORD_10876,USR_1823,2024-07-04 04:57:51.094218,returned
ORD_10877,USR_1832,2024-07-04 09:11:20.536107,completed
ORD_10878,USR_1092,2024-07-04 13:24:49.977995,completed
ORD_10879,USR_1504,2024-07-04 17:38:19.419883,completed
ORD_10880,USR_1597,2024-07-04 21:51:48.861772,completed
ORD_10881,USR_1335,2024-07-05 02:05:18.303660,completed
ORD_10882,USR_1424,2024-07-05 06:18:47.745549,returned
ORD_10883,USR_1498,2024-07-05 10:32:17.187437,completed
ORD_10884,USR_1363,2024-07-05 14:45:46.629325,cancelled
ORD_10885,USR_1946,2024-07-05 18:59:16.071214,returned
ORD_10886,USR_1629,2024-07-05 23:12:45.513102,completed
ORD_10887,USR_1744,2024-07-06 03:26:14.954990,completed
ORD_10888,USR_1198,2024-07-06 07:39:44.396879,completed
ORD_10889,USR_1717,2024-07-06 11:53:13.838767,completed
ORD_10890,USR_1412,2024-07-06 16:06:43.280656,returned
ORD_10891,USR_1338,2024-07-06 20:20:12.722544,completed
ORD_10892,USR_1658,2024-07-07 00:33:42.164432,returned
ORD_10893,USR_1961,2024-07-07 04:47:11.606321,completed
ORD_10894,USR_1936,2024-07-07 09:00:41.048209,returned
ORD_10895,USR_1428,2024-07-07 13:14:10.490098,cancelled
ORD_10896,USR_1782,2024-07-07 17:27:39.931986,completed
ORD_10897,USR_1898,2024-07-07 21:41:09.373874,completed
ORD_10898,USR_1138,2024-07-08 01:54:38.815763,completed
ORD_10899,USR_1692,2024-07-08 06:08:08.257651,returned
ORD_10900,USR_1941,2024-07-08 10:21:37.699539,cancelled
ORD_10901,USR_1541,2024-07-08 14:35:07.141428,completed
ORD_10902,USR_1056,2024-07-08 18:48:36.583316,completed
ORD_10903,USR_1231,2024-07-08 23:02:06.025205,completed
ORD_10904,USR_1657,2024-07-09 03:15:35.467093,returned
ORD_10905,USR_1434,2024-07-09 07:29:04.908981,completed
ORD_10906,USR_1383,2024-07-09 11:42:34.350870,completed
ORD_10907,USR_1559,2024-07-09 15:56:03.792758,completed
ORD_10908,USR_1193,2024-07-09 20:09:33.234646,completed
ORD_10909,USR_1735,2024-07-10 00:23:02.676535,completed
ORD_10910,USR_1647,2024-07-10 04:36:32.118423,completed
ORD_10911,USR_1533,2024-07-10 08:50:01.560312,completed
ORD_10912,USR_1517,2024-07-10 13:03:31.002200,completed
ORD_10913,USR_1715,2024-07-10 17:17:00.444088,completed
ORD_10914,USR_1750,2024-07-10 21:30:29.885977,completed
ORD_10915,USR_1184,2024-07-11 01:43:59.327865,completed
ORD_10916,USR_1871,2024-07-11 05:57:28.769753,completed
ORD_10917,USR_1291,2024-07-11 10:10:58.211642,cancelled
ORD_10918,USR_1334,2024-07-11 14:24:27.653530,completed
ORD_10919,USR_1731,2024-07-11 18:37:57.095419,cancelled
ORD_10920,USR_1115,2024-07-11 22:51:26.537307,completed
ORD_10921,USR_1824,2024-07-12 03:04:55.979195,completed
ORD_10922,USR_1048,2024-07-12 07:18:25.421084,completed
ORD_10923,USR_1684,2024-07-12 11:31:54.862972,completed
ORD_10924,USR_1081,2024-07-12 15:45:24.304860,completed
ORD_10925,USR_1833,2024-07-12 19:58:53.746749,completed
ORD_10926,USR_1332,2024-07-13 00:12:23.188637,completed
ORD_10927,USR_1556,2024-07-13 04:25:52.630526,completed
ORD_10928,USR_1334,2024-07-13 08:39:22.072414,completed
ORD_10929,USR_1531,2024-07-13 12:52:51.514302,completed
ORD_10930,USR_1959,2024-07-13 17:06:20.956191,completed
ORD_10931,USR_1220,2024-07-13 21:19:50.398079,completed
ORD_10932,USR_1634,2024-07-14 01:33:19.839967,completed
ORD_10933,USR_1745,2024-07-14 05:46:49.281856,completed
ORD_10934,USR_1732,2024-07-14 10:00:18.723744,completed
ORD_10935,USR_1322,2024-07-14 14:13:48.165633,returned
ORD_10936,USR_1850,2024-07-14 18:27:17.607521,returned
ORD_10937,USR_1002,2024-07-14 22:40:47.049409,completed
ORD_10938,USR_1693,2024-07-15 02:54:16.491298,completed
ORD_10939,USR_1205,2024-07-15 07:07:45.933186,completed
ORD_10940,USR_1831,2024-07-15 11:21:15.375075,completed
ORD_10941,USR_1039,2024-07-15 15:34:44.816963,completed
ORD_10942,USR_1058,2024-07-15 19:48:14.258851,completed
ORD_10943,USR_1950,2024-07-16 00:01:43.700740,completed
ORD_10944,USR_1573,2024-07-16 04:15:13.142628,completed
ORD_10945,USR_1643,2024-07-16 08:28:42.584516,completed
ORD_10946,USR_1506,2024-07-16 12:42:12.026405,completed
ORD_10947,USR_1571,2024-07-16 16:55:41.468293,completed
ORD_10948,USR_1883,2024-07-16 21:09:10.910182,completed
ORD_10949,USR_1842,2024-07-17 01:22:40.352070,completed
ORD_10950,USR_1121,2024-07-17 05:36:09.793958,completed
ORD_10951,USR_1478,2024-07-17 09:49:39.235847,completed
ORD_10952,USR_1618,2024-07-17 14:03:08.677735,completed
ORD_10953,USR_1095,2024-07-17 18:16:38.119623,completed
ORD_10954,USR_1858,2024-07-17 22:30:07.561512,returned
ORD_10955,USR_1413,2024-07-18 02:43:37.003400,completed
ORD_10956,USR_1234,2024-07-18 06:57:06.445289,cancelled
ORD_10957,USR_1897,2024-07-18 11:10:35.887177,completed
ORD_10958,USR_1061,2024-07-18 15:24:05.329065,completed
ORD_10959,USR_1255,2024-07-18 19:37:34.770954,completed
ORD_10960,USR_1560,2024-07-18 23:51:04.212842,completed
ORD_10961,USR_1904,2024-07-19 04:04:33.654730,completed
ORD_10962,USR_1347,2024-07-19 08:18:03.096619,completed
ORD_10963,USR_1670,2024-07-19 12:31:32.538507,completed
ORD_10964,USR_1123,2024-07-19 16:45:01.980396,returned
ORD_10965,USR_1481,2024-07-19 20:58:31.422284,completed
ORD_10966,USR_1316,2024-07-20 01:12:00.864172,completed
ORD_10967,USR_1503,2024-07-20 05:25:30.306061,completed
ORD_10968,USR_1718,2024-07-20 09:38:59.747949,completed
ORD_10969,USR_1047,2024-07-20 13:52:29.189837,completed
ORD_10970,USR_1408,2024-07-20 18:05:58.631726,returned
ORD_10971,USR_1931,2024-07-20 22:19:28.073614,returned
ORD_10972,USR_1135,2024-07-21 02:32:57.515503,completed
ORD_10973,USR_1200,2024-07-21 06:46:26.957391,completed
ORD_10974,USR_1249,2024-07-21 10:59:56.399279,completed
ORD_10975,USR_1313,2024-07-21 15:13:25.841168,cancelled
ORD_10976,USR_1868,2024-07-21 19:26:55.283056,completed
ORD_10977,USR_1367,2024-07-21 23:40:24.724944,completed
ORD_10978,USR_1428,2024-07-22 03:53:54.166833,completed
ORD_10979,USR_1829,2024-07-22 08:07:23.608721,completed
ORD_10980,USR_1806,2024-07-22 12:20:53.050610,completed
ORD_10981,USR_1479,2024-07-22 16:34:22.492498,completed
ORD_10982,USR_1313,2024-07-22 20:47:51.934386,cancelled
ORD_10983,USR_1499,2024-07-23 01:01:21.376275,returned
ORD_10984,USR_1720,2024-07-23 05:14:50.818163,completed
ORD_10985,USR_1354,2024-07-23 09:28:20.260052,completed
ORD_10986,USR_1484,2024-07-23 13:41:49.701940,returned
ORD_10987,USR_1210,2024-07-23 17:55:19.143828,returned
ORD_10988,USR_1703,2024-07-23 22:08:48.585717,completed
ORD_10989,USR_1043,2024-07-24 02:22:18.027605,completed
ORD_10990,USR_1540,2024-07-24 06:35:47.469493,completed
ORD_10991,USR_1570,2024-07-24 10:49:16.911382,completed
ORD_10992,USR_1582,2024-07-24 15:02:46.353270,completed
ORD_10993,USR_1091,2024-07-24 19:16:15.795159,completed
ORD_10994,USR_1264,2024-07-24 23:29:45.237047,completed
ORD_10995,USR_1894,2024-07-25 03:43:14.678935,returned
ORD_10996,USR_1219,2024-07-25 07:56:44.120824,completed
ORD_10997,USR_1901,2024-07-25 12:10:13.562712,completed
ORD_10998,USR_1924,2024-07-25 16:23:43.004600,completed
ORD_10999,USR_1441,2024-07-25 20:37:12.446489,completed
ORD_11000,USR_1400,2024-07-26 00:50:41.888377,completed
ORD_11001,USR_1399,2024-07-26 05:04:11.330266,completed
ORD_11002,USR_1726,2024-07-26 09:17:40.772154,completed
ORD_11003,USR_1990,2024-07-26 13:31:10.214042,cancelled
ORD_11004,USR_1898,2024-07-26 17:44:39.655931,completed
ORD_11005,USR_1788,2024-07-26 21:58:09.097819,completed
ORD_11006,USR_1575,2024-07-27 02:11:38.539707,completed
ORD_11007,USR_1857,2024-07-27 06:25:07.981596,completed
ORD_11008,USR_1803,2024-07-27 10:38:37.423484,completed
ORD_11009,USR_1489,2024-07-27 14:52:06.865373,returned
ORD_11010,USR_1484,2024-07-27 19:05:36.307261,completed
ORD_11011,USR_1756,2024-07-27 23:19:05.749149,completed
ORD_11012,USR_1469,2024-07-28 03:32:35.191038,cancelled
ORD_11013,USR_1573,2024-07-28 07:46:04.632926,completed
ORD_11014,USR_1937,2024-07-28 11:59:34.074814,returned
ORD_11015,USR_1843,2024-07-28 16:13:03.516703,completed
ORD_11016,USR_1681,2024-07-28 20:26:32.958591,completed
ORD_11017,USR_1444,2024-07-29 00:40:02.400480,completed
ORD_11018,USR_1268,2024-07-29 04:53:31.842368,completed
ORD_11019,USR_1266,2024-07-29 09:07:01.284256,completed
ORD_11020,USR_1053,2024-07-29 13:20:30.726145,completed
ORD_11021,USR_1527,2024-07-29 17:34:00.168033,completed
ORD_11022,USR_1519,2024-07-29 21:47:29.609921,returned
ORD_11023,USR_1615,2024-07-30 02:00:59.051810,completed
ORD_11024,USR_1058,2024-07-30 06:14:28.493698,returned
ORD_11025,USR_1824,2024-07-30 10:27:57.935587,completed
ORD_11026,USR_1039,2024-07-30 14:41:27.377475,completed
ORD_11027,USR_1236,2024-07-30 18:54:56.819363,completed
ORD_11028,USR_1954,2024-07-30 23:08:26.261252,completed
ORD_11029,USR_1385,2024-07-31 03:21:55.703140,cancelled
ORD_11030,USR_1605,2024-07-31 07:35:25.145029,completed
ORD_11031,USR_1733,2024-07-31 11:48:54.586917,completed
ORD_11032,USR_1715,2024-07-31 16:02:24.028805,completed
ORD_11033,USR_1649,2024-07-31 20:15:53.470694,completed
ORD_11034,USR_1299,2024-08-01 00:29:22.912582,completed
ORD_11035,USR_1394,2024-08-01 04:42:52.354470,completed
ORD_11036,USR_1206,2024-08-01 08:56:21.796359,completed
ORD_11037,USR_1335,2024-08-01 13:09:51.238247,completed
ORD_11038,USR_1592,2024-08-01 17:23:20.680136,completed
ORD_11039,USR_1729,2024-08-01 21:36:50.122024,completed
ORD_11040,USR_1513,2024-08-02 01:50:19.563912,completed
ORD_11041,USR_1177,2024-08-02 06:03:49.005801,returned
ORD_11042,USR_1395,2024-08-02 10:17:18.447689,completed
ORD_11043,USR_1370,2024-08-02 14:30:47.889577,completed
ORD_11044,USR_1857,2024-08-02 18:44:17.331466,completed
ORD_11045,USR_1790,2024-08-02 22:57:46.773354,completed
ORD_11046,USR_1657,2024-08-03 03:11:16.215243,returned
ORD_11047,USR_1317,2024-08-03 07:24:45.657131,completed
ORD_11048,USR_1735,2024-08-03 11:38:15.099019,completed
ORD_11049,USR_1368,2024-08-03 15:51:44.540908,completed
ORD_11050,USR_1383,2024-08-03 20:05:13.982796,completed
ORD_11051,USR_1061,2024-08-04 00:18:43.424684,completed
ORD_11052,USR_1805,2024-08-04 04:32:12.866573,completed
ORD_11053,USR_1504,2024-08-04 08:45:42.308461,completed
ORD_11054,USR_1238,2024-08-04 12:59:11.750350,completed
ORD_11055,USR_1194,2024-08-04 17:12:41.192238,completed
ORD_11056,USR_1677,2024-08-04 21:26:10.634126,completed
ORD_11057,USR_1962,2024-08-05 01:39:40.076015,completed
ORD_11058,USR_1221,2024-08-05 05:53:09.517903,completed
ORD_11059,USR_1060,2024-08-05 10:06:38.959791,completed
ORD_11060,USR_1128,2024-08-05 14:20:08.401680,completed
ORD_11061,USR_1989,2024-08-05 18:33:37.843568,completed
ORD_11062,USR_1684,2024-08-05 22:47:07.285457,completed
ORD_11063,USR_1991,2024-08-06 03:00:36.727345,cancelled
ORD_11064,USR_1155,2024-08-06 07:14:06.169233,returned
ORD_11065,USR_1916,2024-08-06 11:27:35.611122,completed
ORD_11066,USR_1377,2024-08-06 15:41:05.053010,completed
ORD_11067,USR_1621,2024-08-06 19:54:34.494898,completed
ORD_11068,USR_1780,2024-08-07 00:08:03.936787,completed
ORD_11069,USR_1922,2024-08-07 04:21:33.378675,completed
ORD_11070,USR_1867,2024-08-07 08:35:02.820564,completed
ORD_11071,USR_1902,2024-08-07 12:48:32.262452,cancelled
ORD_11072,USR_1789,2024-08-07 17:02:01.704340,completed
ORD_11073,USR_1585,2024-08-07 21:15:31.146229,completed
ORD_11074,USR_1998,2024-08-08 01:29:00.588117,completed
ORD_11075,USR_1436,2024-08-08 05:42:30.030006,completed
ORD_11076,USR_1974,2024-08-08 09:55:59.471894,completed
ORD_11077,USR_1206,2024-08-08 14:09:28.913782,completed
ORD_11078,USR_1387,2024-08-08 18:22:58.355671,completed
ORD_11079,USR_1479,2024-08-08 22:36:27.797559,completed
ORD_11080,USR_1790,2024-08-09 02:49:57.239447,completed
ORD_11081,USR_1886,2024-08-09 07:03:26.681336,completed
ORD_11082,USR_1837,2024-08-09 11:16:56.123224,completed
ORD_11083,USR_1983,2024-08-09 15:30:25.565113,completed
ORD_11084,USR_1339,2024-08-09 19:43:55.007001,completed
ORD_11085,USR_1868,2024-08-09 23:57:24.448889,cancelled
ORD_11086,USR_1339,2024-08-10 04:10:53.890778,completed
ORD_11087,USR_1203,2024-08-10 08:24:23.332666,returned
ORD_11088,USR_1160,2024-08-10 12:37:52.774554,cancelled
ORD_11089,USR_1539,2024-08-10 16:51:22.216443,completed
ORD_11090,USR_1391,2024-08-10 21:04:51.658331,completed
ORD_11091,USR_1768,2024-08-11 01:18:21.100220,returned
ORD_11092,USR_1676,2024-08-11 05:31:50.542108,completed
ORD_11093,USR_1574,2024-08-11 09:45:19.983996,completed
ORD_11094,USR_1533,2024-08-11 13:58:49.425885,cancelled
ORD_11095,USR_1069,2024-08-11 18:12:18.867773,completed
ORD_11096,USR_1892,2024-08-11 22:25:48.309661,completed
ORD_11097,USR_1404,2024-08-12 02:39:17.751550,completed
ORD_11098,USR_1607,2024-08-12 06:52:47.193438,completed
ORD_11099,USR_1674,2024-08-12 11:06:16.635327,completed
ORD_11100,USR_1590,2024-08-12 15:19:46.077215,completed
ORD_11101,USR_1516,2024-08-12 19:33:15.519103,completed
ORD_11102,USR_1827,2024-08-12 23:46:44.960992,completed
ORD_11103,USR_1119,2024-08-13 04:00:14.402880,completed
ORD_11104,USR_1813,2024-08-13 08:13:43.844768,completed
ORD_11105,USR_1689,2024-08-13 12:27:13.286657,completed
ORD_11106,USR_1687,2024-08-13 16:40:42.728545,completed
ORD_11107,USR_1901,2024-08-13 20:54:12.170434,completed
ORD_11108,USR_1216,2024-08-14 01:07:41.612322,completed
ORD_11109,USR_1055,2024-08-14 05:21:11.054210,cancelled
ORD_11110,USR_1365,2024-08-14 09:34:40.496099,completed
ORD_11111,USR_1698,2024-08-14 13:48:09.937987,completed
ORD_11112,USR_1503,2024-08-14 18:01:39.379875,completed
ORD_11113,USR_1743,2024-08-14 22:15:08.821764,returned
ORD_11114,USR_1766,2024-08-15 02:28:38.263652,completed
ORD_11115,USR_1924,2024-08-15 06:42:07.705541,completed
ORD_11116,USR_1454,2024-08-15 10:55:37.147429,completed
ORD_11117,USR_1103,2024-08-15 15:09:06.589317,completed
ORD_11118,USR_1076,2024-08-15 19:22:36.031206,completed
ORD_11119,USR_1229,2024-08-15 23:36:05.473094,completed
ORD_11120,USR_1913,2024-08-16 03:49:34.914982,completed
ORD_11121,USR_1257,2024-08-16 08:03:04.356871,returned
ORD_11122,USR_1263,2024-08-16 12:16:33.798759,completed
ORD_11123,USR_1330,2024-08-16 16:30:03.240648,completed
ORD_11124,USR_1992,2024-08-16 20:43:32.682536,completed
ORD_11125,USR_1181,2024-08-17 00:57:02.124424,cancelled
ORD_11126,USR_1892,2024-08-17 05:10:31.566313,completed
ORD_11127,USR_1767,2024-08-17 09:24:01.008201,cancelled
ORD_11128,USR_1549,2024-08-17 13:37:30.450090,returned
ORD_11129,USR_1687,2024-08-17 17:50:59.891978,completed
ORD_11130,USR_1026,2024-08-17 22:04:29.333866,completed
ORD_11131,USR_1275,2024-08-18 02:17:58.775755,completed
ORD_11132,USR_1651,2024-08-18 06:31:28.217643,completed
ORD_11133,USR_1298,2024-08-18 10:44:57.659531,completed
ORD_11134,USR_1956,2024-08-18 14:58:27.101420,completed
ORD_11135,USR_1798,2024-08-18 19:11:56.543308,returned
ORD_11136,USR_1090,2024-08-18 23:25:25.985197,completed
ORD_11137,USR_1479,2024-08-19 03:38:55.427085,returned
ORD_11138,USR_1572,2024-08-19 07:52:24.868973,completed
ORD_11139,USR_1457,2024-08-19 12:05:54.310862,completed
ORD_11140,USR_1450,2024-08-19 16:19:23.752750,returned
ORD_11141,USR_1364,2024-08-19 20:32:53.194638,completed
ORD_11142,USR_1858,2024-08-20 00:46:22.636527,completed
ORD_11143,USR_1674,2024-08-20 04:59:52.078415,completed
ORD_11144,USR_1350,2024-08-20 09:13:21.520304,completed
ORD_11145,USR_1654,2024-08-20 13:26:50.962192,completed
ORD_11146,USR_1399,2024-08-20 17:40:20.404080,completed
ORD_11147,USR_1252,2024-08-20 21:53:49.845969,completed
ORD_11148,USR_1780,2024-08-21 02:07:19.287857,cancelled
ORD_11149,USR_1880,2024-08-21 06:20:48.729745,completed
ORD_11150,USR_1802,2024-08-21 10:34:18.171634,returned
ORD_11151,USR_1458,2024-08-21 14:47:47.613522,completed
ORD_11152,USR_1698,2024-08-21 19:01:17.055411,completed
ORD_11153,USR_1916,2024-08-21 23:14:46.497299,completed
ORD_11154,USR_1498,2024-08-22 03:28:15.939187,completed
ORD_11155,USR_1949,2024-08-22 07:41:45.381076,returned
ORD_11156,USR_1970,2024-08-22 11:55:14.822964,completed
ORD_11157,USR_1925,2024-08-22 16:08:44.264852,completed
ORD_11158,USR_1507,2024-08-22 20:22:13.706741,completed
ORD_11159,USR_1303,2024-08-23 00:35:43.148629,completed
ORD_11160,USR_1500,2024-08-23 04:49:12.590518,returned
ORD_11161,USR_1802,2024-08-23 09:02:42.032406,returned
ORD_11162,USR_1597,2024-08-23 13:16:11.474294,completed
ORD_11163,USR_1165,2024-08-23 17:29:40.916183,completed
ORD_11164,USR_1414,2024-08-23 21:43:10.358071,completed
ORD_11165,USR_1461,2024-08-24 01:56:39.799959,completed
ORD_11166,USR_1919,2024-08-24 06:10:09.241848,cancelled
ORD_11167,USR_1113,2024-08-24 10:23:38.683736,completed
ORD_11168,USR_1432,2024-08-24 14:37:08.125625,completed
ORD_11169,USR_1991,2024-08-24 18:50:37.567513,completed
ORD_11170,USR_1355,2024-08-24 23:04:07.009401,cancelled
ORD_11171,USR_1927,2024-08-25 03:17:36.451290,completed
ORD_11172,USR_1694,2024-08-25 07:31:05.893178,completed
ORD_11173,USR_1206,2024-08-25 11:44:35.335067,completed
ORD_11174,USR_1767,2024-08-25 15:58:04.776955,completed
ORD_11175,USR_1234,2024-08-25 20:11:34.218843,completed
ORD_11176,USR_1441,2024-08-26 00:25:03.660732,completed
ORD_11177,USR_1354,2024-08-26 04:38:33.102620,completed
ORD_11178,USR_1514,2024-08-26 08:52:02.544508,completed
ORD_11179,USR_1207,2024-08-26 13:05:31.986397,completed
ORD_11180,USR_1708,2024-08-26 17:19:01.428285,completed
ORD_11181,USR_1852,2024-08-26 21:32:30.870174,completed
ORD_11182,USR_1124,2024-08-27 01:46:00.312062,completed
ORD_11183,USR_1137,2024-08-27 05:59:29.753950,completed
ORD_11184,USR_1338,2024-08-27 10:12:59.195839,completed
ORD_11185,USR_1536,2024-08-27 14:26:28.637727,returned
ORD_11186,USR_1067,2024-08-27 18:39:58.079615,completed
ORD_11187,USR_1572,2024-08-27 22:53:27.521504,completed
ORD_11188,USR_1540,2024-08-28 03:06:56.963392,completed
ORD_11189,USR_1382,2024-08-28 07:20:26.405281,completed
ORD_11190,USR_1018,2024-08-28 11:33:55.847169,completed
ORD_11191,USR_1682,2024-08-28 15:47:25.289057,completed
ORD_11192,USR_1449,2024-08-28 20:00:54.730946,completed
ORD_11193,USR_1073,2024-08-29 00:14:24.172834,completed
ORD_11194,USR_1572,2024-08-29 04:27:53.614722,completed
ORD_11195,USR_1938,2024-08-29 08:41:23.056611,completed
ORD_11196,USR_1664,2024-08-29 12:54:52.498499,completed
ORD_11197,USR_1275,2024-08-29 17:08:21.940388,completed
ORD_11198,USR_1047,2024-08-29 21:21:51.382276,completed
ORD_11199,USR_1210,2024-08-30 01:35:20.824164,completed
ORD_11200,USR_1854,2024-08-30 05:48:50.266053,cancelled
ORD_11201,USR_1919,2024-08-30 10:02:19.707941,returned
ORD_11202,USR_1650,2024-08-30 14:15:49.149829,completed
ORD_11203,USR_1621,2024-08-30 18:29:18.591718,completed
ORD_11204,USR_1993,2024-08-30 22:42:48.033606,returned
ORD_11205,USR_1694,2024-08-31 02:56:17.475495,completed
ORD_11206,USR_1539,2024-08-31 07:09:46.917383,completed
ORD_11207,USR_1708,2024-08-31 11:23:16.359271,returned
ORD_11208,USR_1190,2024-08-31 15:36:45.801160,returned
ORD_11209,USR_1314,2024-08-31 19:50:15.243048,completed
ORD_11210,USR_1900,2024-09-01 00:03:44.684936,completed
ORD_11211,USR_1562,2024-09-01 04:17:14.126825,completed
ORD_11212,USR_1660,2024-09-01 08:30:43.568713,completed
ORD_11213,USR_1779,2024-09-01 12:44:13.010602,completed
ORD_11214,USR_1561,2024-09-01 16:57:42.452490,completed
ORD_11215,USR_1899,2024-09-01 21:11:11.894378,completed
ORD_11216,USR_1757,2024-09-02 01:24:41.336267,completed
ORD_11217,USR_1112,2024-09-02 05:38:10.778155,completed
ORD_11218,USR_1169,2024-09-02 09:51:40.220044,completed
ORD_11219,USR_1467,2024-09-02 14:05:09.661932,completed
ORD_11220,USR_1677,2024-09-02 18:18:39.103820,completed
ORD_11221,USR_1920,2024-09-02 22:32:08.545709,returned
ORD_11222,USR_1013,2024-09-03 02:45:37.987597,completed
ORD_11223,USR_1714,2024-09-03 06:59:07.429485,completed
ORD_11224,USR_1287,2024-09-03 11:12:36.871374,returned
ORD_11225,USR_1906,2024-09-03 15:26:06.313262,completed
ORD_11226,USR_1188,2024-09-03 19:39:35.755151,completed
ORD_11227,USR_1913,2024-09-03 23:53:05.197039,cancelled
ORD_11228,USR_1154,2024-09-04 04:06:34.638927,completed
ORD_11229,USR_1566,2024-09-04 08:20:04.080816,completed
ORD_11230,USR_1693,2024-09-04 12:33:33.522704,completed
ORD_11231,USR_1721,2024-09-04 16:47:02.964592,completed
ORD_11232,USR_1887,2024-09-04 21:00:32.406481,completed
ORD_11233,USR_1470,2024-09-05 01:14:01.848369,returned
ORD_11234,USR_1074,2024-09-05 05:27:31.290258,completed
ORD_11235,USR_1276,2024-09-05 09:41:00.732146,completed
ORD_11236,USR_1939,2024-09-05 13:54:30.174034,completed
ORD_11237,USR_1644,2024-09-05 18:07:59.615923,completed
ORD_11238,USR_1342,2024-09-05 22:21:29.057811,completed
ORD_11239,USR_1424,2024-09-06 02:34:58.499699,completed
ORD_11240,USR_1570,2024-09-06 06:48:27.941588,completed
ORD_11241,USR_1510,2024-09-06 11:01:57.383476,completed
ORD_11242,USR_1856,2024-09-06 15:15:26.825365,completed
ORD_11243,USR_1181,2024-09-06 19:28:56.267253,completed
ORD_11244,USR_1457,2024-09-06 23:42:25.709141,completed
ORD_11245,USR_1917,2024-09-07 03:55:55.151030,completed
ORD_11246,USR_1850,2024-09-07 08:09:24.592918,completed
ORD_11247,USR_1832,2024-09-07 12:22:54.034806,completed
ORD_11248,USR_1063,2024-09-07 16:36:23.476695,completed
ORD_11249,USR_1838,2024-09-07 20:49:52.918583,completed
ORD_11250,USR_1259,2024-09-08 01:03:22.360472,cancelled
ORD_11251,USR_1192,2024-09-08 05:16:51.802360,completed
ORD_11252,USR_1654,2024-09-08 09:30:21.244248,completed
ORD_11253,USR_1615,2024-09-08 13:43:50.686137,completed
ORD_11254,USR_1971,2024-09-08 17:57:20.128025,completed
ORD_11255,USR_1405,2024-09-08 22:10:49.569913,completed
ORD_11256,USR_1725,2024-09-09 02:24:19.011802,completed
ORD_11257,USR_1753,2024-09-09 06:37:48.453690,completed
ORD_11258,USR_1942,2024-09-09 10:51:17.895579,returned
ORD_11259,USR_1720,2024-09-09 15:04:47.337467,cancelled
ORD_11260,USR_1092,2024-09-09 19:18:16.779355,completed
ORD_11261,USR_1429,2024-09-09 23:31:46.221244,completed
ORD_11262,USR_1653,2024-09-10 03:45:15.663132,completed
ORD_11263,USR_1433,2024-09-10 07:58:45.105021,completed
ORD_11264,USR_1403,2024-09-10 12:12:14.546909,completed
ORD_11265,USR_1433,2024-09-10 16:25:43.988797,completed
ORD_11266,USR_1111,2024-09-10 20:39:13.430686,completed
ORD_11267,USR_1928,2024-09-11 00:52:42.872574,completed
ORD_11268,USR_1374,2024-09-11 05:06:12.314462,completed
ORD_11269,USR_1058,2024-09-11 09:19:41.756351,completed
ORD_11270,USR_1042,2024-09-11 13:33:11.198239,completed
ORD_11271,USR_1206,2024-09-11 17:46:40.640128,completed
ORD_11272,USR_1779,2024-09-11 22:00:10.082016,completed
ORD_11273,USR_1295,2024-09-12 02:13:39.523904,completed
ORD_11274,USR_1117,2024-09-12 06:27:08.965793,returned
ORD_11275,USR_1531,2024-09-12 10:40:38.407681,completed
ORD_11276,USR_1221,2024-09-12 14:54:07.849569,completed
ORD_11277,USR_1165,2024-09-12 19:07:37.291458,completed
ORD_11278,USR_1642,2024-09-12 23:21:06.733346,completed
ORD_11279,USR_1155,2024-09-13 03:34:36.175235,completed
ORD_11280,USR_1183,2024-09-13 07:48:05.617123,completed
ORD_11281,USR_1089,2024-09-13 12:01:35.059011,completed
ORD_11282,USR_1093,2024-09-13 16:15:04.500900,completed
ORD_11283,USR_1012,2024-09-13 20:28:33.942788,completed
ORD_11284,USR_1972,2024-09-14 00:42:03.384676,completed
ORD_11285,USR_1833,2024-09-14 04:55:32.826565,completed
ORD_11286,USR_1804,2024-09-14 09:09:02.268453,completed
ORD_11287,USR_1944,2024-09-14 13:22:31.710342,completed
ORD_11288,USR_1741,2024-09-14 17:36:01.152230,completed
ORD_11289,USR_1833,2024-09-14 21:49:30.594118,completed
ORD_11290,USR_1803,2024-09-15 02:03:00.036007,completed
ORD_11291,USR_1437,2024-09-15 06:16:29.477895,completed
ORD_11292,USR_1537,2024-09-15 10:29:58.919783,returned
ORD_11293,USR_1586,2024-09-15 14:43:28.361672,completed
ORD_11294,USR_1967,2024-09-15 18:56:57.803560,completed
ORD_11295,USR_1875,2024-09-15 23:10:27.245449,completed
ORD_11296,USR_1935,2024-09-16 03:23:56.687337,completed
ORD_11297,USR_1810,2024-09-16 07:37:26.129225,returned
ORD_11298,USR_1149,2024-09-16 11:50:55.571114,completed
ORD_11299,USR_1659,2024-09-16 16:04:25.013002,returned
ORD_11300,USR_1007,2024-09-16 20:17:54.454890,completed
ORD_11301,USR_1028,2024-09-17 00:31:23.896779,completed
ORD_11302,USR_1295,2024-09-17 04:44:53.338667,completed
ORD_11303,USR_1985,2024-09-17 08:58:22.780556,returned
ORD_11304,USR_1925,2024-09-17 13:11:52.222444,completed
ORD_11305,USR_1720,2024-09-17 17:25:21.664332,completed
ORD_11306,USR_1639,2024-09-17 21:38:51.106221,returned
ORD_11307,USR_1339,2024-09-18 01:52:20.548109,completed
ORD_11308,USR_1627,2024-09-18 06:05:49.989998,completed
ORD_11309,USR_1438,2024-09-18 10:19:19.431886,completed
ORD_11310,USR_1143,2024-09-18 14:32:48.873774,completed
ORD_11311,USR_1941,2024-09-18 18:46:18.315663,completed
ORD_11312,USR_1829,2024-09-18 22:59:47.757551,completed
ORD_11313,USR_1746,2024-09-19 03:13:17.199439,completed
ORD_11314,USR_1518,2024-09-19 07:26:46.641328,completed
ORD_11315,USR_1975,2024-09-19 11:40:16.083216,completed
ORD_11316,USR_1044,2024-09-19 15:53:45.525105,completed
ORD_11317,USR_1954,2024-09-19 20:07:14.966993,completed
ORD_11318,USR_1238,2024-09-20 00:20:44.408881,completed
ORD_11319,USR_1951,2024-09-20 04:34:13.850770,completed
ORD_11320,USR_1943,2024-09-20 08:47:43.292658,completed
ORD_11321,USR_1154,2024-09-20 13:01:12.734546,completed
ORD_11322,USR_1180,2024-09-20 17:14:42.176435,completed
ORD_11323,USR_1214,2024-09-20 21:28:11.618323,completed
ORD_11324,USR_1087,2024-09-21 01:41:41.060212,completed
ORD_11325,USR_1255,2024-09-21 05:55:10.502100,completed
ORD_11326,USR_1510,2024-09-21 10:08:39.943988,completed
ORD_11327,USR_1072,2024-09-21 14:22:09.385877,completed
ORD_11328,USR_1930,2024-09-21 18:35:38.827765,completed
ORD_11329,USR_1178,2024-09-21 22:49:08.269653,completed
ORD_11330,USR_1211,2024-09-22 03:02:37.711542,returned
ORD_11331,USR_1804,2024-09-22 07:16:07.153430,completed
ORD_11332,USR_1233,2024-09-22 11:29:36.595319,completed
ORD_11333,USR_1464,2024-09-22 15:43:06.037207,completed
ORD_11334,USR_1750,2024-09-22 19:56:35.479095,completed
ORD_11335,USR_1222,2024-09-23 00:10:04.920984,completed
ORD_11336,USR_1630,2024-09-23 04:23:34.362872,completed
ORD_11337,USR_1824,2024-09-23 08:37:03.804760,completed
ORD_11338,USR_1263,2024-09-23 12:50:33.246649,completed
ORD_11339,USR_1206,2024-09-23 17:04:02.688537,completed
ORD_11340,USR_1606,2024-09-23 21:17:32.130426,completed
ORD_11341,USR_1884,2024-09-24 01:31:01.572314,completed
ORD_11342,USR_1733,2024-09-24 05:44:31.014202,completed
ORD_11343,USR_1365,2024-09-24 09:58:00.456091,completed
ORD_11344,USR_1275,2024-09-24 14:11:29.897979,completed
ORD_11345,USR_1379,2024-09-24 18:24:59.339867,completed
ORD_11346,USR_1742,2024-09-24 22:38:28.781756,returned
ORD_11347,USR_1308,2024-09-25 02:51:58.223644,returned
ORD_11348,USR_1630,2024-09-25 07:05:27.665533,completed
ORD_11349,USR_1267,2024-09-25 11:18:57.107421,completed
ORD_11350,USR_1944,2024-09-25 15:32:26.549309,completed
ORD_11351,USR_1784,2024-09-25 19:45:55.991198,completed
ORD_11352,USR_1063,2024-09-25 23:59:25.433086,completed
ORD_11353,USR_1809,2024-09-26 04:12:54.874974,completed
ORD_11354,USR_1349,2024-09-26 08:26:24.316863,returned
ORD_11355,USR_1924,2024-09-26 12:39:53.758751,completed
ORD_11356,USR_1914,2024-09-26 16:53:23.200640,completed
ORD_11357,USR_1493,2024-09-26 21:06:52.642528,completed
ORD_11358,USR_1522,2024-09-27 01:20:22.084416,completed
ORD_11359,USR_1097,2024-09-27 05:33:51.526305,completed
ORD_11360,USR_1945,2024-09-27 09:47:20.968193,completed
ORD_11361,USR_1070,2024-09-27 14:00:50.410082,completed
ORD_11362,USR_1363,2024-09-27 18:14:19.851970,completed
ORD_11363,USR_1569,2024-09-27 22:27:49.293858,returned
ORD_11364,USR_1801,2024-09-28 02:41:18.735747,completed
ORD_11365,USR_1762,2024-09-28 06:54:48.177635,completed
ORD_11366,USR_1275,2024-09-28 11:08:17.619523,completed
ORD_11367,USR_1049,2024-09-28 15:21:47.061412,completed
ORD_11368,USR_1357,2024-09-28 19:35:16.503300,completed
ORD_11369,USR_1727,2024-09-28 23:48:45.945189,returned
ORD_11370,USR_1905,2024-09-29 04:02:15.387077,completed
ORD_11371,USR_1927,2024-09-29 08:15:44.828965,returned
ORD_11372,USR_1563,2024-09-29 12:29:14.270854,completed
ORD_11373,USR_1782,2024-09-29 16:42:43.712742,completed
ORD_11374,USR_1484,2024-09-29 20:56:13.154630,cancelled
ORD_11375,USR_1083,2024-09-30 01:09:42.596519,completed
ORD_11376,USR_1898,2024-09-30 05:23:12.038407,completed
ORD_11377,USR_1804,2024-09-30 09:36:41.480296,completed
ORD_11378,USR_1637,2024-09-30 13:50:10.922184,completed
ORD_11379,USR_1807,2024-09-30 18:03:40.364072,completed
ORD_11380,USR_1583,2024-09-30 22:17:09.805961,cancelled
ORD_11381,USR_1295,2024-10-01 02:30:39.247849,completed
ORD_11382,USR_1235,2024-10-01 06:44:08.689737,completed
ORD_11383,USR_1055,2024-10-01 10:57:38.131626,returned
ORD_11384,USR_1918,2024-10-01 15:11:07.573514,completed
ORD_11385,USR_1359,2024-10-01 19:24:37.015403,completed
ORD_11386,USR_1906,2024-10-01 23:38:06.457291,completed
ORD_11387,USR_1109,2024-10-02 03:51:35.899179,completed
ORD_11388,USR_1191,2024-10-02 08:05:05.341068,completed
ORD_11389,USR_1903,2024-10-02 12:18:34.782956,cancelled
ORD_11390,USR_1092,2024-10-02 16:32:04.224844,completed
ORD_11391,USR_1861,2024-10-02 20:45:33.666733,completed
ORD_11392,USR_1567,2024-10-03 00:59:03.108621,completed
ORD_11393,USR_1059,2024-10-03 05:12:32.550510,completed
ORD_11394,USR_1649,2024-10-03 09:26:01.992398,completed
ORD_11395,USR_1038,2024-10-03 13:39:31.434286,completed
ORD_11396,USR_1539,2024-10-03 17:53:00.876175,completed
ORD_11397,USR_1048,2024-10-03 22:06:30.318063,completed
ORD_11398,USR_1419,2024-10-04 02:19:59.759951,completed
ORD_11399,USR_1636,2024-10-04 06:33:29.201840,completed
ORD_11400,USR_1012,2024-10-04 10:46:58.643728,completed
ORD_11401,USR_1991,2024-10-04 15:00:28.085617,completed
ORD_11402,USR_1035,2024-10-04 19:13:57.527505,completed
ORD_11403,USR_1100,2024-10-04 23:27:26.969393,completed
ORD_11404,USR_1793,2024-10-05 03:40:56.411282,completed
ORD_11405,USR_1085,2024-10-05 07:54:25.853170,completed
ORD_11406,USR_1515,2024-10-05 12:07:55.295059,completed
ORD_11407,USR_1222,2024-10-05 16:21:24.736947,completed
ORD_11408,USR_1337,2024-10-05 20:34:54.178835,completed
ORD_11409,USR_1959,2024-10-06 00:48:23.620724,completed
ORD_11410,USR_1165,2024-10-06 05:01:53.062612,completed
ORD_11411,USR_1382,2024-10-06 09:15:22.504500,completed
ORD_11412,USR_1855,2024-10-06 13:28:51.946389,cancelled
ORD_11413,USR_1894,2024-10-06 17:42:21.388277,returned
ORD_11414,USR_1375,2024-10-06 21:55:50.830166,completed
ORD_11415,USR_1470,2024-10-07 02:09:20.272054,completed
ORD_11416,USR_1789,2024-10-07 06:22:49.713942,completed
ORD_11417,USR_1641,2024-10-07 10:36:19.155831,completed
ORD_11418,USR_1030,2024-10-07 14:49:48.597719,completed
ORD_11419,USR_1374,2024-10-07 19:03:18.039607,completed
ORD_11420,USR_1010,2024-10-07 23:16:47.481496,completed
ORD_11421,USR_1987,2024-10-08 03:30:16.923384,completed
ORD_11422,USR_1301,2024-10-08 07:43:46.365273,cancelled
ORD_11423,USR_1095,2024-10-08 11:57:15.807161,completed
ORD_11424,USR_1189,2024-10-08 16:10:45.249049,completed
ORD_11425,USR_1452,2024-10-08 20:24:14.690938,completed
ORD_11426,USR_1191,2024-10-09 00:37:44.132826,completed
ORD_11427,USR_1485,2024-10-09 04:51:13.574714,completed
ORD_11428,USR_1265,2024-10-09 09:04:43.016603,completed
ORD_11429,USR_1423,2024-10-09 13:18:12.458491,completed
ORD_11430,USR_1127,2024-10-09 17:31:41.900380,completed
ORD_11431,USR_1237,2024-10-09 21:45:11.342268,completed
ORD_11432,USR_1919,2024-10-10 01:58:40.784156,cancelled
ORD_11433,USR_1354,2024-10-10 06:12:10.226045,returned
ORD_11434,USR_1939,2024-10-10 10:25:39.667933,completed
ORD_11435,USR_1111,2024-10-10 14:39:09.109821,completed
ORD_11436,USR_1827,2024-10-10 18:52:38.551710,completed
ORD_11437,USR_1445,2024-10-10 23:06:07.993598,completed
ORD_11438,USR_1342,2024-10-11 03:19:37.435487,completed
ORD_11439,USR_1144,2024-10-11 07:33:06.877375,completed
ORD_11440,USR_1064,2024-10-11 11:46:36.319263,completed
ORD_11441,USR_1246,2024-10-11 16:00:05.761152,completed
ORD_11442,USR_1734,2024-10-11 20:13:35.203040,completed
ORD_11443,USR_1990,2024-10-12 00:27:04.644928,returned
ORD_11444,USR_1489,2024-10-12 04:40:34.086817,completed
ORD_11445,USR_1824,2024-10-12 08:54:03.528705,completed
ORD_11446,USR_1438,2024-10-12 13:07:32.970594,completed
ORD_11447,USR_1105,2024-10-12 17:21:02.412482,returned
ORD_11448,USR_1180,2024-10-12 21:34:31.854370,completed
ORD_11449,USR_1183,2024-10-13 01:48:01.296259,completed
ORD_11450,USR_1225,2024-10-13 06:01:30.738147,completed
ORD_11451,USR_1776,2024-10-13 10:15:00.180036,completed
ORD_11452,USR_1789,2024-10-13 14:28:29.621924,completed
ORD_11453,USR_1908,2024-10-13 18:41:59.063812,completed
ORD_11454,USR_1088,2024-10-13 22:55:28.505701,cancelled
ORD_11455,USR_1687,2024-10-14 03:08:57.947589,completed
ORD_11456,USR_1529,2024-10-14 07:22:27.389477,returned
ORD_11457,USR_1370,2024-10-14 11:35:56.831366,completed
ORD_11458,USR_1971,2024-10-14 15:49:26.273254,completed
ORD_11459,USR_1935,2024-10-14 20:02:55.715143,returned
ORD_11460,USR_1912,2024-10-15 00:16:25.157031,completed
ORD_11461,USR_1398,2024-10-15 04:29:54.598919,completed
ORD_11462,USR_1105,2024-10-15 08:43:24.040808,completed
ORD_11463,USR_1270,2024-10-15 12:56:53.482696,completed
ORD_11464,USR_1974,2024-10-15 17:10:22.924584,completed
ORD_11465,USR_1830,2024-10-15 21:23:52.366473,completed
ORD_11466,USR_1502,2024-10-16 01:37:21.808361,completed
ORD_11467,USR_1678,2024-10-16 05:50:51.250250,completed
ORD_11468,USR_1524,2024-10-16 10:04:20.692138,completed
ORD_11469,USR_1848,2024-10-16 14:17:50.134026,completed
ORD_11470,USR_1031,2024-10-16 18:31:19.575915,completed
ORD_11471,USR_1392,2024-10-16 22:44:49.017803,returned
ORD_11472,USR_1039,2024-10-17 02:58:18.459691,completed
ORD_11473,USR_1659,2024-10-17 07:11:47.901580,completed
ORD_11474,USR_1217,2024-10-17 11:25:17.343468,completed
ORD_11475,USR_1730,2024-10-17 15:38:46.785357,returned
ORD_11476,USR_1980,2024-10-17 19:52:16.227245,completed
ORD_11477,USR_1081,2024-10-18 00:05:45.669133,completed
ORD_11478,USR_1844,2024-10-18 04:19:15.111022,completed
ORD_11479,USR_1719,2024-10-18 08:32:44.552910,completed
ORD_11480,USR_1200,2024-10-18 12:46:13.994798,completed
ORD_11481,USR_1446,2024-10-18 16:59:43.436687,completed
ORD_11482,USR_1843,2024-10-18 21:13:12.878575,completed
ORD_11483,USR_1427,2024-10-19 01:26:42.320464,cancelled
ORD_11484,USR_1037,2024-10-19 05:40:11.762352,completed
ORD_11485,USR_1210,2024-10-19 09:53:41.204240,completed
ORD_11486,USR_1443,2024-10-19 14:07:10.646129,completed
ORD_11487,USR_1326,2024-10-19 18:20:40.088017,returned
ORD_11488,USR_1760,2024-10-19 22:34:09.529905,completed
ORD_11489,USR_1226,2024-10-20 02:47:38.971794,completed
ORD_11490,USR_1047,2024-10-20 07:01:08.413682,completed
ORD_11491,USR_1017,2024-10-20 11:14:37.855571,completed
ORD_11492,USR_1911,2024-10-20 15:28:07.297459,completed
ORD_11493,USR_1438,2024-10-20 19:41:36.739347,completed
ORD_11494,USR_1806,2024-10-20 23:55:06.181236,completed
ORD_11495,USR_1707,2024-10-21 04:08:35.623124,completed
ORD_11496,USR_1186,2024-10-21 08:22:05.065013,completed
ORD_11497,USR_1344,2024-10-21 12:35:34.506901,completed
ORD_11498,USR_1223,2024-10-21 16:49:03.948789,completed
ORD_11499,USR_1829,2024-10-21 21:02:33.390678,completed
ORD_11500,USR_1487,2024-10-22 01:16:02.832566,completed
ORD_11501,USR_1908,2024-10-22 05:29:32.274454,completed
ORD_11502,USR_1876,2024-10-22 09:43:01.716343,completed
ORD_11503,USR_1848,2024-10-22 13:56:31.158231,completed
ORD_11504,USR_1228,2024-10-22 18:10:00.600120,completed
ORD_11505,USR_1389,2024-10-22 22:23:30.042008,completed
ORD_11506,USR_1978,2024-10-23 02:36:59.483896,completed
ORD_11507,USR_1588,2024-10-23 06:50:28.925785,completed
ORD_11508,USR_1187,2024-10-23 11:03:58.367673,completed
ORD_11509,USR_1857,2024-10-23 15:17:27.809561,returned
ORD_11510,USR_1269,2024-10-23 19:30:57.251450,completed
ORD_11511,USR_1606,2024-10-23 23:44:26.693338,returned
ORD_11512,USR_1309,2024-10-24 03:57:56.135227,completed
ORD_11513,USR_1131,2024-10-24 08:11:25.577115,returned
ORD_11514,USR_1550,2024-10-24 12:24:55.019003,completed
ORD_11515,USR_1071,2024-10-24 16:38:24.460892,completed
ORD_11516,USR_1792,2024-10-24 20:51:53.902780,completed
ORD_11517,USR_1844,2024-10-25 01:05:23.344668,completed
ORD_11518,USR_1671,2024-10-25 05:18:52.786557,returned
ORD_11519,USR_1186,2024-10-25 09:32:22.228445,completed
ORD_11520,USR_1485,2024-10-25 13:45:51.670334,completed
ORD_11521,USR_1190,2024-10-25 17:59:21.112222,completed
ORD_11522,USR_1421,2024-10-25 22:12:50.554110,completed
ORD_11523,USR_1119,2024-10-26 02:26:19.995999,completed
ORD_11524,USR_1219,2024-10-26 06:39:49.437887,completed
ORD_11525,USR_1052,2024-10-26 10:53:18.879775,completed
ORD_11526,USR_1733,2024-10-26 15:06:48.321664,completed
ORD_11527,USR_1450,2024-10-26 19:20:17.763552,returned
ORD_11528,USR_1411,2024-10-26 23:33:47.205441,completed
ORD_11529,USR_1642,2024-10-27 03:47:16.647329,completed
ORD_11530,USR_1236,2024-10-27 08:00:46.089217,completed
ORD_11531,USR_1757,2024-10-27 12:14:15.531106,completed
ORD_11532,USR_1737,2024-10-27 16:27:44.972994,completed
ORD_11533,USR_1719,2024-10-27 20:41:14.414882,completed
ORD_11534,USR_1405,2024-10-28 00:54:43.856771,completed
ORD_11535,USR_1607,2024-10-28 05:08:13.298659,returned
ORD_11536,USR_1421,2024-10-28 09:21:42.740548,completed
ORD_11537,USR_1711,2024-10-28 13:35:12.182436,completed
ORD_11538,USR_1246,2024-10-28 17:48:41.624324,returned
ORD_11539,USR_1071,2024-10-28 22:02:11.066213,completed
ORD_11540,USR_1829,2024-10-29 02:15:40.508101,completed
ORD_11541,USR_1184,2024-10-29 06:29:09.949990,completed
ORD_11542,USR_1005,2024-10-29 10:42:39.391878,completed
ORD_11543,USR_1205,2024-10-29 14:56:08.833766,completed
ORD_11544,USR_1543,2024-10-29 19:09:38.275655,completed
ORD_11545,USR_1610,2024-10-29 23:23:07.717543,completed
ORD_11546,USR_1905,2024-10-30 03:36:37.159431,returned
ORD_11547,USR_1386,2024-10-30 07:50:06.601320,completed
ORD_11548,USR_1767,2024-10-30 12:03:36.043208,returned
ORD_11549,USR_1698,2024-10-30 16:17:05.485097,returned
ORD_11550,USR_1075,2024-10-30 20:30:34.926985,completed
ORD_11551,USR_1176,2024-10-31 00:44:04.368873,completed
ORD_11552,USR_1826,2024-10-31 04:57:33.810762,completed
ORD_11553,USR_1798,2024-10-31 09:11:03.252650,completed
ORD_11554,USR_1348,2024-10-31 13:24:32.694538,completed
ORD_11555,USR_1254,2024-10-31 17:38:02.136427,returned
ORD_11556,USR_1836,2024-10-31 21:51:31.578315,completed
ORD_11557,USR_1701,2024-11-01 02:05:01.020204,completed
ORD_11558,USR_1307,2024-11-01 06:18:30.462092,completed
ORD_11559,USR_1344,2024-11-01 10:31:59.903980,completed
ORD_11560,USR_1126,2024-11-01 14:45:29.345869,completed
ORD_11561,USR_1936,2024-11-01 18:58:58.787757,completed
ORD_11562,USR_1286,2024-11-01 23:12:28.229645,completed
ORD_11563,USR_1765,2024-11-02 03:25:57.671534,completed
ORD_11564,USR_1724,2024-11-02 07:39:27.113422,completed
ORD_11565,USR_1761,2024-11-02 11:52:56.555311,completed
ORD_11566,USR_1595,2024-11-02 16:06:25.997199,completed
ORD_11567,USR_1486,2024-11-02 20:19:55.439087,completed
ORD_11568,USR_1382,2024-11-03 00:33:24.880976,completed
ORD_11569,USR_1405,2024-11-03 04:46:54.322864,completed
ORD_11570,USR_1387,2024-11-03 09:00:23.764752,completed
ORD_11571,USR_1524,2024-11-03 13:13:53.206641,returned
ORD_11572,USR_1556,2024-11-03 17:27:22.648529,completed
ORD_11573,USR_1638,2024-11-03 21:40:52.090418,completed
ORD_11574,USR_1937,2024-11-04 01:54:21.532306,cancelled
ORD_11575,USR_1625,2024-11-04 06:07:50.974194,completed
ORD_11576,USR_1944,2024-11-04 10:21:20.416083,completed
ORD_11577,USR_1275,2024-11-04 14:34:49.857971,returned
ORD_11578,USR_1499,2024-11-04 18:48:19.299859,completed
ORD_11579,USR_1716,2024-11-04 23:01:48.741748,completed
ORD_11580,USR_1336,2024-11-05 03:15:18.183636,returned
ORD_11581,USR_1949,2024-11-05 07:28:47.625525,completed
ORD_11582,USR_1931,2024-11-05 11:42:17.067413,completed
ORD_11583,USR_1480,2024-11-05 15:55:46.509301,completed
ORD_11584,USR_1896,2024-11-05 20:09:15.951190,completed
ORD_11585,USR_1910,2024-11-06 00:22:45.393078,completed
ORD_11586,USR_1972,2024-11-06 04:36:14.834966,completed
ORD_11587,USR_1272,2024-11-06 08:49:44.276855,cancelled
ORD_11588,USR_1919,2024-11-06 13:03:13.718743,returned
ORD_11589,USR_1057,2024-11-06 17:16:43.160632,returned
ORD_11590,USR_1327,2024-11-06 21:30:12.602520,completed
ORD_11591,USR_1730,2024-11-07 01:43:42.044408,completed
ORD_11592,USR_1108,2024-11-07 05:57:11.486297,returned
ORD_11593,USR_1278,2024-11-07 10:10:40.928185,returned
ORD_11594,USR_1685,2024-11-07 14:24:10.370074,completed
ORD_11595,USR_1327,2024-11-07 18:37:39.811962,completed
ORD_11596,USR_1775,2024-11-07 22:51:09.253850,completed
ORD_11597,USR_1314,2024-11-08 03:04:38.695739,completed
ORD_11598,USR_1473,2024-11-08 07:18:08.137627,completed
ORD_11599,USR_1110,2024-11-08 11:31:37.579515,returned
ORD_11600,USR_1698,2024-11-08 15:45:07.021404,completed
ORD_11601,USR_1780,2024-11-08 19:58:36.463292,completed
ORD_11602,USR_1934,2024-11-09 00:12:05.905181,completed
ORD_11603,USR_1228,2024-11-09 04:25:35.347069,completed
ORD_11604,USR_1496,2024-11-09 08:39:04.788957,completed
ORD_11605,USR_1155,2024-11-09 12:52:34.230846,completed
ORD_11606,USR_1472,2024-11-09 17:06:03.672734,completed
ORD_11607,USR_1700,2024-11-09 21:19:33.114622,completed
ORD_11608,USR_1271,2024-11-10 01:33:02.556511,completed
ORD_11609,USR_1886,2024-11-10 05:46:31.998399,completed
ORD_11610,USR_1001,2024-11-10 10:00:01.440288,completed
ORD_11611,USR_1757,2024-11-10 14:13:30.882176,returned
ORD_11612,USR_1721,2024-11-10 18:27:00.324064,completed
ORD_11613,USR_1510,2024-11-10 22:40:29.765953,completed
ORD_11614,USR_1912,2024-11-11 02:53:59.207841,completed
ORD_11615,USR_1285,2024-11-11 07:07:28.649729,returned
ORD_11616,USR_1870,2024-11-11 11:20:58.091618,completed
ORD_11617,USR_1012,2024-11-11 15:34:27.533506,completed
ORD_11618,USR_1607,2024-11-11 19:47:56.975395,completed
ORD_11619,USR_1497,2024-11-12 00:01:26.417283,completed
ORD_11620,USR_1732,2024-11-12 04:14:55.859171,returned
ORD_11621,USR_1237,2024-11-12 08:28:25.301060,completed
ORD_11622,USR_1093,2024-11-12 12:41:54.742948,completed
ORD_11623,USR_1337,2024-11-12 16:55:24.184836,completed
ORD_11624,USR_1780,2024-11-12 21:08:53.626725,returned
ORD_11625,USR_1170,2024-11-13 01:22:23.068613,completed
ORD_11626,USR_1980,2024-11-13 05:35:52.510502,completed
ORD_11627,USR_1605,2024-11-13 09:49:21.952390,completed
ORD_11628,USR_1660,2024-11-13 14:02:51.394278,completed
ORD_11629,USR_1623,2024-11-13 18:16:20.836167,completed
ORD_11630,USR_1566,2024-11-13 22:29:50.278055,completed
ORD_11631,USR_1848,2024-11-14 02:43:19.719943,completed
ORD_11632,USR_1935,2024-11-14 06:56:49.161832,returned
ORD_11633,USR_1466,2024-11-14 11:10:18.603720,completed
ORD_11634,USR_1627,2024-11-14 15:23:48.045609,completed
ORD_11635,USR_1142,2024-11-14 19:37:17.487497,completed
ORD_11636,USR_1200,2024-11-14 23:50:46.929385,completed
ORD_11637,USR_1179,2024-11-15 04:04:16.371274,completed
ORD_11638,USR_1713,2024-11-15 08:17:45.813162,completed
ORD_11639,USR_1363,2024-11-15 12:31:15.255051,completed
ORD_11640,USR_1478,2024-11-15 16:44:44.696939,completed
ORD_11641,USR_1564,2024-11-15 20:58:14.138827,completed
ORD_11642,USR_1470,2024-11-16 01:11:43.580716,returned
ORD_11643,USR_1383,2024-11-16 05:25:13.022604,completed
ORD_11644,USR_1691,2024-11-16 09:38:42.464492,returned
ORD_11645,USR_1925,2024-11-16 13:52:11.906381,completed
ORD_11646,USR_1416,2024-11-16 18:05:41.348269,completed
ORD_11647,USR_1824,2024-11-16 22:19:10.790158,completed
ORD_11648,USR_1307,2024-11-17 02:32:40.232046,returned
ORD_11649,USR_1648,2024-11-17 06:46:09.673934,completed
ORD_11650,USR_1693,2024-11-17 10:59:39.115823,completed
ORD_11651,USR_1366,2024-11-17 15:13:08.557711,completed
ORD_11652,USR_1000,2024-11-17 19:26:37.999599,completed
ORD_11653,USR_1043,2024-11-17 23:40:07.441488,completed
ORD_11654,USR_1738,2024-11-18 03:53:36.883376,completed
ORD_11655,USR_1842,2024-11-18 08:07:06.325265,completed
ORD_11656,USR_1097,2024-11-18 12:20:35.767153,completed
ORD_11657,USR_1719,2024-11-18 16:34:05.209041,completed
ORD_11658,USR_1264,2024-11-18 20:47:34.650930,completed
ORD_11659,USR_1799,2024-11-19 01:01:04.092818,completed
ORD_11660,USR_1782,2024-11-19 05:14:33.534706,returned
ORD_11661,USR_1139,2024-11-19 09:28:02.976595,returned
ORD_11662,USR_1480,2024-11-19 13:41:32.418483,cancelled
ORD_11663,USR_1236,2024-11-19 17:55:01.860372,completed
ORD_11664,USR_1973,2024-11-19 22:08:31.302260,returned
ORD_11665,USR_1952,2024-11-20 02:22:00.744148,completed
ORD_11666,USR_1903,2024-11-20 06:35:30.186037,completed
ORD_11667,USR_1071,2024-11-20 10:48:59.627925,completed
ORD_11668,USR_1666,2024-11-20 15:02:29.069813,completed
ORD_11669,USR_1189,2024-11-20 19:15:58.511702,returned
ORD_11670,USR_1267,2024-11-20 23:29:27.953590,completed
ORD_11671,USR_1320,2024-11-21 03:42:57.395479,completed
ORD_11672,USR_1106,2024-11-21 07:56:26.837367,completed
ORD_11673,USR_1231,2024-11-21 12:09:56.279255,completed
ORD_11674,USR_1041,2024-11-21 16:23:25.721144,completed
ORD_11675,USR_1701,2024-11-21 20:36:55.163032,completed
ORD_11676,USR_1882,2024-11-22 00:50:24.604920,returned
ORD_11677,USR_1138,2024-11-22 05:03:54.046809,completed
ORD_11678,USR_1614,2024-11-22 09:17:23.488697,completed
ORD_11679,USR_1682,2024-11-22 13:30:52.930586,completed
ORD_11680,USR_1862,2024-11-22 17:44:22.372474,completed
ORD_11681,USR_1272,2024-11-22 21:57:51.814362,returned
ORD_11682,USR_1480,2024-11-23 02:11:21.256251,completed
ORD_11683,USR_1415,2024-11-23 06:24:50.698139,completed
ORD_11684,USR_1505,2024-11-23 10:38:20.140028,completed
ORD_11685,USR_1732,2024-11-23 14:51:49.581916,completed
ORD_11686,USR_1724,2024-11-23 19:05:19.023804,completed
ORD_11687,USR_1852,2024-11-23 23:18:48.465693,completed
ORD_11688,USR_1423,2024-11-24 03:32:17.907581,completed
ORD_11689,USR_1406,2024-11-24 07:45:47.349469,completed
ORD_11690,USR_1567,2024-11-24 11:59:16.791358,completed
ORD_11691,USR_1389,2024-11-24 16:12:46.233246,completed
ORD_11692,USR_1341,2024-11-24 20:26:15.675135,completed
ORD_11693,USR_1945,2024-11-25 00:39:45.117023,completed
ORD_11694,USR_1613,2024-11-25 04:53:14.558911,returned
ORD_11695,USR_1932,2024-11-25 09:06:44.000800,completed
ORD_11696,USR_1492,2024-11-25 13:20:13.442688,completed
ORD_11697,USR_1191,2024-11-25 17:33:42.884576,completed
ORD_11698,USR_1498,2024-11-25 21:47:12.326465,cancelled
ORD_11699,USR_1821,2024-11-26 02:00:41.768353,completed
ORD_11700,USR_1711,2024-11-26 06:14:11.210242,completed
ORD_11701,USR_1232,2024-11-26 10:27:40.652130,completed
ORD_11702,USR_1944,2024-11-26 14:41:10.094018,returned
ORD_11703,USR_1226,2024-11-26 18:54:39.535907,returned
ORD_11704,USR_1370,2024-11-26 23:08:08.977795,completed
ORD_11705,USR_1138,2024-11-27 03:21:38.419683,completed
ORD_11706,USR_1855,2024-11-27 07:35:07.861572,completed
ORD_11707,USR_1816,2024-11-27 11:48:37.303460,completed
ORD_11708,USR_1148,2024-11-27 16:02:06.745349,completed
ORD_11709,USR_1114,2024-11-27 20:15:36.187237,completed
ORD_11710,USR_1449,2024-11-28 00:29:05.629125,completed
ORD_11711,USR_1062,2024-11-28 04:42:35.071014,completed
ORD_11712,USR_1103,2024-11-28 08:56:04.512902,completed
ORD_11713,USR_1850,2024-11-28 13:09:33.954790,completed
ORD_11714,USR_1870,2024-11-28 17:23:03.396679,completed
ORD_11715,USR_1667,2024-11-28 21:36:32.838567,cancelled
ORD_11716,USR_1272,2024-11-29 01:50:02.280456,completed
ORD_11717,USR_1005,2024-11-29 06:03:31.722344,completed
ORD_11718,USR_1146,2024-11-29 10:17:01.164232,completed
ORD_11719,USR_1183,2024-11-29 14:30:30.606121,completed
ORD_11720,USR_1997,2024-11-29 18:44:00.048009,completed
ORD_11721,USR_1027,2024-11-29 22:57:29.489897,completed
ORD_11722,USR_1961,2024-11-30 03:10:58.931786,returned
ORD_11723,USR_1549,2024-11-30 07:24:28.373674,completed
ORD_11724,USR_1118,2024-11-30 11:37:57.815563,completed
ORD_11725,USR_1292,2024-11-30 15:51:27.257451,cancelled
ORD_11726,USR_1370,2024-11-30 20:04:56.699339,completed
ORD_11727,USR_1243,2024-12-01 00:18:26.141228,cancelled
ORD_11728,USR_1579,2024-12-01 04:31:55.583116,cancelled
ORD_11729,USR_1725,2024-12-01 08:45:25.025005,completed
ORD_11730,USR_1217,2024-12-01 12:58:54.466893,completed
ORD_11731,USR_1176,2024-12-01 17:12:23.908781,completed
ORD_11732,USR_1298,2024-12-01 21:25:53.350670,completed
ORD_11733,USR_1675,2024-12-02 01:39:22.792558,completed
ORD_11734,USR_1057,2024-12-02 05:52:52.234446,cancelled
ORD_11735,USR_1268,2024-12-02 10:06:21.676335,completed
ORD_11736,USR_1307,2024-12-02 14:19:51.118223,completed
ORD_11737,USR_1569,2024-12-02 18:33:20.560112,completed
ORD_11738,USR_1287,2024-12-02 22:46:50.002000,completed
ORD_11739,USR_1976,2024-12-03 03:00:19.443888,completed
ORD_11740,USR_1104,2024-12-03 07:13:48.885777,completed
ORD_11741,USR_1227,2024-12-03 11:27:18.327665,completed
ORD_11742,USR_1246,2024-12-03 15:40:47.769553,completed
ORD_11743,USR_1699,2024-12-03 19:54:17.211442,completed
ORD_11744,USR_1493,2024-12-04 00:07:46.653330,completed
ORD_11745,USR_1082,2024-12-04 04:21:16.095219,completed
ORD_11746,USR_1185,2024-12-04 08:34:45.537107,completed
ORD_11747,USR_1251,2024-12-04 12:48:14.978995,completed
ORD_11748,USR_1354,2024-12-04 17:01:44.420884,completed
ORD_11749,USR_1749,2024-12-04 21:15:13.862772,completed
ORD_11750,USR_1871,2024-12-05 01:28:43.304660,completed
ORD_11751,USR_1695,2024-12-05 05:42:12.746549,completed
ORD_11752,USR_1795,2024-12-05 09:55:42.188437,completed
ORD_11753,USR_1896,2024-12-05 14:09:11.630326,completed
ORD_11754,USR_1937,2024-12-05 18:22:41.072214,completed
ORD_11755,USR_1209,2024-12-05 22:36:10.514102,completed
ORD_11756,USR_1815,2024-12-06 02:49:39.955991,returned
ORD_11757,USR_1807,2024-12-06 07:03:09.397879,completed
ORD_11758,USR_1608,2024-12-06 11:16:38.839767,completed
ORD_11759,USR_1446,2024-12-06 15:30:08.281656,completed
ORD_11760,USR_1459,2024-12-06 19:43:37.723544,completed
ORD_11761,USR_1967,2024-12-06 23:57:07.165433,returned
ORD_11762,USR_1471,2024-12-07 04:10:36.607321,completed
ORD_11763,USR_1719,2024-12-07 08:24:06.049209,cancelled
ORD_11764,USR_1369,2024-12-07 12:37:35.491098,completed
ORD_11765,USR_1899,2024-12-07 16:51:04.932986,completed
ORD_11766,USR_1933,2024-12-07 21:04:34.374874,completed
ORD_11767,USR_1491,2024-12-08 01:18:03.816763,completed
ORD_11768,USR_1922,2024-12-08 05:31:33.258651,completed
ORD_11769,USR_1136,2024-12-08 09:45:02.700540,completed
ORD_11770,USR_1366,2024-12-08 13:58:32.142428,completed
ORD_11771,USR_1911,2024-12-08 18:12:01.584316,completed
ORD_11772,USR_1183,2024-12-08 22:25:31.026205,returned
ORD_11773,USR_1587,2024-12-09 02:39:00.468093,completed
ORD_11774,USR_1286,2024-12-09 06:52:29.909981,completed
ORD_11775,USR_1471,2024-12-09 11:05:59.351870,completed
ORD_11776,USR_1374,2024-12-09 15:19:28.793758,completed
ORD_11777,USR_1653,2024-12-09 19:32:58.235647,completed
ORD_11778,USR_1748,2024-12-09 23:46:27.677535,completed
ORD_11779,USR_1536,2024-12-10 03:59:57.119423,returned
ORD_11780,USR_1510,2024-12-10 08:13:26.561312,completed
ORD_11781,USR_1801,2024-12-10 12:26:56.003200,completed
ORD_11782,USR_1578,2024-12-10 16:40:25.445089,completed
ORD_11783,USR_1249,2024-12-10 20:53:54.886977,completed
ORD_11784,USR_1919,2024-12-11 01:07:24.328865,completed
ORD_11785,USR_1509,2024-12-11 05:20:53.770754,completed
ORD_11786,USR_1629,2024-12-11 09:34:23.212642,completed
ORD_11787,USR_1072,2024-12-11 13:47:52.654530,returned
ORD_11788,USR_1281,2024-12-11 18:01:22.096419,completed
ORD_11789,USR_1915,2024-12-11 22:14:51.538307,completed
ORD_11790,USR_1959,2024-12-12 02:28:20.980196,completed
ORD_11791,USR_1359,2024-12-12 06:41:50.422084,completed
ORD_11792,USR_1009,2024-12-12 10:55:19.863972,completed
ORD_11793,USR_1210,2024-12-12 15:08:49.305861,completed
ORD_11794,USR_1834,2024-12-12 19:22:18.747749,completed
ORD_11795,USR_1151,2024-12-12 23:35:48.189637,returned
ORD_11796,USR_1004,2024-12-13 03:49:17.631526,completed
ORD_11797,USR_1194,2024-12-13 08:02:47.073414,completed
ORD_11798,USR_1953,2024-12-13 12:16:16.515303,completed
ORD_11799,USR_1282,2024-12-13 16:29:45.957191,completed
ORD_11800,USR_1463,2024-12-13 20:43:15.399079,completed
ORD_11801,USR_1112,2024-12-14 00:56:44.840968,cancelled
ORD_11802,USR_1270,2024-12-14 05:10:14.282856,completed
ORD_11803,USR_1162,2024-12-14 09:23:43.724744,completed
ORD_11804,USR_1459,2024-12-14 13:37:13.166633,completed
ORD_11805,USR_1104,2024-12-14 17:50:42.608521,completed
ORD_11806,USR_1692,2024-12-14 22:04:12.050410,cancelled
ORD_11807,USR_1555,2024-12-15 02:17:41.492298,completed
ORD_11808,USR_1281,2024-12-15 06:31:10.934186,completed
ORD_11809,USR_1686,2024-12-15 10:44:40.376075,completed
ORD_11810,USR_1161,2024-12-15 14:58:09.817963,completed
ORD_11811,USR_1982,2024-12-15 19:11:39.259851,completed
ORD_11812,USR_1350,2024-12-15 23:25:08.701740,completed
ORD_11813,USR_1433,2024-12-16 03:38:38.143628,completed
ORD_11814,USR_1851,2024-12-16 07:52:07.585517,completed
ORD_11815,USR_1139,2024-12-16 12:05:37.027405,returned
ORD_11816,USR_1470,2024-12-16 16:19:06.469293,completed
ORD_11817,USR_1131,2024-12-16 20:32:35.911182,completed
ORD_11818,USR_1086,2024-12-17 00:46:05.353070,completed
ORD_11819,USR_1687,2024-12-17 04:59:34.794958,completed
ORD_11820,USR_1182,2024-12-17 09:13:04.236847,returned
ORD_11821,USR_1367,2024-12-17 13:26:33.678735,completed
ORD_11822,USR_1128,2024-12-17 17:40:03.120624,completed
ORD_11823,USR_1245,2024-12-17 21:53:32.562512,completed
ORD_11824,USR_1600,2024-12-18 02:07:02.004400,completed
ORD_11825,USR_1577,2024-12-18 06:20:31.446289,completed
ORD_11826,USR_1669,2024-12-18 10:34:00.888177,completed
ORD_11827,USR_1898,2024-12-18 14:47:30.330066,returned
ORD_11828,USR_1377,2024-12-18 19:00:59.771954,completed
ORD_11829,USR_1148,2024-12-18 23:14:29.213842,returned
ORD_11830,USR_1984,2024-12-19 03:27:58.655731,completed
ORD_11831,USR_1851,2024-12-19 07:41:28.097619,completed
ORD_11832,USR_1432,2024-12-19 11:54:57.539507,completed
ORD_11833,USR_1627,2024-12-19 16:08:26.981396,completed
ORD_11834,USR_1725,2024-12-19 20:21:56.423284,completed
ORD_11835,USR_1468,2024-12-20 00:35:25.865173,cancelled
ORD_11836,USR_1445,2024-12-20 04:48:55.307061,returned
ORD_11837,USR_1480,2024-12-20 09:02:24.748949,returned
ORD_11838,USR_1883,2024-12-20 13:15:54.190838,completed
ORD_11839,USR_1293,2024-12-20 17:29:23.632726,returned
ORD_11840,USR_1764,2024-12-20 21:42:53.074614,completed
ORD_11841,USR_1142,2024-12-21 01:56:22.516503,completed
ORD_11842,USR_1249,2024-12-21 06:09:51.958391,completed
ORD_11843,USR_1877,2024-12-21 10:23:21.400280,completed
ORD_11844,USR_1947,2024-12-21 14:36:50.842168,completed
ORD_11845,USR_1974,2024-12-21 18:50:20.284056,completed
ORD_11846,USR_1301,2024-12-21 23:03:49.725945,cancelled
ORD_11847,USR_1024,2024-12-22 03:17:19.167833,completed
ORD_11848,USR_1788,2024-12-22 07:30:48.609721,completed
ORD_11849,USR_1983,2024-12-22 11:44:18.051610,cancelled
ORD_11850,USR_1888,2024-12-22 15:57:47.493498,completed
ORD_11851,USR_1889,2024-12-22 20:11:16.935387,returned
ORD_11852,USR_1900,2024-12-23 00:24:46.377275,completed
ORD_11853,USR_1069,2024-12-23 04:38:15.819163,completed
ORD_11854,USR_1624,2024-12-23 08:51:45.261052,completed
ORD_11855,USR_1874,2024-12-23 13:05:14.702940,completed
ORD_11856,USR_1111,2024-12-23 17:18:44.144828,completed
ORD_11857,USR_1363,2024-12-23 21:32:13.586717,completed
ORD_11858,USR_1302,2024-12-24 01:45:43.028605,completed
ORD_11859,USR_1470,2024-12-24 05:59:12.470494,returned
ORD_11860,USR_1963,2024-12-24 10:12:41.912382,completed
ORD_11861,USR_1090,2024-12-24 14:26:11.354270,completed
ORD_11862,USR_1529,2024-12-24 18:39:40.796159,completed
ORD_11863,USR_1660,2024-12-24 22:53:10.238047,completed
ORD_11864,USR_1987,2024-12-25 03:06:39.679935,completed
ORD_11865,USR_1738,2024-12-25 07:20:09.121824,cancelled
ORD_11866,USR_1725,2024-12-25 11:33:38.563712,completed
ORD_11867,USR_1871,2024-12-25 15:47:08.005601,completed
ORD_11868,USR_1662,2024-12-25 20:00:37.447489,completed
ORD_11869,USR_1191,2024-12-26 00:14:06.889377,completed
ORD_11870,USR_1962,2024-12-26 04:27:36.331266,returned
ORD_11871,USR_1551,2024-12-26 08:41:05.773154,completed
ORD_11872,USR_1241,2024-12-26 12:54:35.215043,completed
ORD_11873,USR_1137,2024-12-26 17:08:04.656931,completed
ORD_11874,USR_1344,2024-12-26 21:21:34.098819,completed
ORD_11875,USR_1179,2024-12-27 01:35:03.540708,completed
ORD_11876,USR_1711,2024-12-27 05:48:32.982596,completed
ORD_11877,USR_1502,2024-12-27 10:02:02.424484,returned
ORD_11878,USR_1202,2024-12-27 14:15:31.866373,returned
ORD_11879,USR_1572,2024-12-27 18:29:01.308261,completed
ORD_11880,USR_1191,2024-12-27 22:42:30.750150,completed
ORD_11881,USR_1004,2024-12-28 02:56:00.192038,completed
ORD_11882,USR_1889,2024-12-28 07:09:29.633926,cancelled
ORD_11883,USR_1236,2024-12-28 11:22:59.075815,cancelled
ORD_11884,USR_1692,2024-12-28 15:36:28.517703,returned
ORD_11885,USR_1310,2024-12-28 19:49:57.959591,completed
ORD_11886,USR_1548,2024-12-29 00:03:27.401480,completed
ORD_11887,USR_1055,2024-12-29 04:16:56.843368,completed
ORD_11888,USR_1442,2024-12-29 08:30:26.285257,completed
ORD_11889,USR_1236,2024-12-29 12:43:55.727145,completed
ORD_11890,USR_1869,2024-12-29 16:57:25.169033,completed
ORD_11891,USR_1860,2024-12-29 21:10:54.610922,completed
ORD_11892,USR_1196,2024-12-30 01:24:24.052810,completed
ORD_11893,USR_1584,2024-12-30 05:37:53.494698,completed
ORD_11894,USR_1570,2024-12-30 09:51:22.936587,completed
ORD_11895,USR_1751,2024-12-30 14:04:52.378475,returned
ORD_11896,USR_1513,2024-12-30 18:18:21.820364,completed
ORD_11897,USR_1448,2024-12-30 22:31:51.262252,completed
ORD_11898,USR_1359,2024-12-31 02:45:20.704140,completed
ORD_11899,USR_1699,2024-12-31 06:58:50.146029,completed
ORD_11900,USR_1818,2024-12-31 11:12:19.587917,completed
ORD_11901,USR_1029,2024-12-31 15:25:49.029805,completed
ORD_11902,USR_1778,2024-12-31 19:39:18.471694,completed
ORD_11903,USR_1987,2024-12-31 23:52:47.913582,completed
ORD_11904,USR_1107,2025-01-01 04:06:17.355471,cancelled
ORD_11905,USR_1843,2025-01-01 08:19:46.797359,completed
ORD_11906,USR_1934,2025-01-01 12:33:16.239247,completed
ORD_11907,USR_1601,2025-01-01 16:46:45.681136,completed
ORD_11908,USR_1716,2025-01-01 21:00:15.123024,returned
ORD_11909,USR_1890,2025-01-02 01:13:44.564912,completed
ORD_11910,USR_1967,2025-01-02 05:27:14.006801,returned
ORD_11911,USR_1958,2025-01-02 09:40:43.448689,returned
ORD_11912,USR_1959,2025-01-02 13:54:12.890578,returned
ORD_11913,USR_1444,2025-01-02 18:07:42.332466,cancelled
ORD_11914,USR_1892,2025-01-02 22:21:11.774354,completed
ORD_11915,USR_1437,2025-01-03 02:34:41.216243,completed
ORD_11916,USR_1731,2025-01-03 06:48:10.658131,cancelled
ORD_11917,USR_1889,2025-01-03 11:01:40.100020,completed
ORD_11918,USR_1605,2025-01-03 15:15:09.541908,completed
ORD_11919,USR_1456,2025-01-03 19:28:38.983796,completed
ORD_11920,USR_1614,2025-01-03 23:42:08.425685,completed
ORD_11921,USR_1734,2025-01-04 03:55:37.867573,returned
ORD_11922,USR_1697,2025-01-04 08:09:07.309461,completed
ORD_11923,USR_1980,2025-01-04 12:22:36.751350,completed
ORD_11924,USR_1695,2025-01-04 16:36:06.193238,cancelled
ORD_11925,USR_1494,2025-01-04 20:49:35.635127,completed
ORD_11926,USR_1673,2025-01-05 01:03:05.077015,completed
ORD_11927,USR_1246,2025-01-05 05:16:34.518903,completed
ORD_11928,USR_1542,2025-01-05 09:30:03.960792,completed
ORD_11929,USR_1563,2025-01-05 13:43:33.402680,completed
ORD_11930,USR_1856,2025-01-05 17:57:02.844568,completed
ORD_11931,USR_1587,2025-01-05 22:10:32.286457,completed
ORD_11932,USR_1896,2025-01-06 02:24:01.728345,completed
ORD_11933,USR_1438,2025-01-06 06:37:31.170234,completed
ORD_11934,USR_1277,2025-01-06 10:51:00.612122,completed
ORD_11935,USR_1551,2025-01-06 15:04:30.054010,completed
ORD_11936,USR_1612,2025-01-06 19:17:59.495899,completed
ORD_11937,USR_1110,2025-01-06 23:31:28.937787,completed
ORD_11938,USR_1384,2025-01-07 03:44:58.379675,completed
ORD_11939,USR_1832,2025-01-07 07:58:27.821564,completed
ORD_11940,USR_1760,2025-01-07 12:11:57.263452,completed
ORD_11941,USR_1190,2025-01-07 16:25:26.705341,cancelled
ORD_11942,USR_1489,2025-01-07 20:38:56.147229,completed
ORD_11943,USR_1693,2025-01-08 00:52:25.589117,completed
ORD_11944,USR_1425,2025-01-08 05:05:55.031006,completed
ORD_11945,USR_1404,2025-01-08 09:19:24.472894,returned
ORD_11946,USR_1334,2025-01-08 13:32:53.914782,completed
ORD_11947,USR_1208,2025-01-08 17:46:23.356671,completed
ORD_11948,USR_1021,2025-01-08 21:59:52.798559,completed
ORD_11949,USR_1677,2025-01-09 02:13:22.240448,completed
ORD_11950,USR_1610,2025-01-09 06:26:51.682336,completed
ORD_11951,USR_1207,2025-01-09 10:40:21.124224,completed
ORD_11952,USR_1007,2025-01-09 14:53:50.566113,completed
ORD_11953,USR_1701,2025-01-09 19:07:20.008001,completed
ORD_11954,USR_1686,2025-01-09 23:20:49.449889,completed
ORD_11955,USR_1784,2025-01-10 03:34:18.891778,completed
ORD_11956,USR_1528,2025-01-10 07:47:48.333666,completed
ORD_11957,USR_1601,2025-01-10 12:01:17.775555,completed
ORD_11958,USR_1652,2025-01-10 16:14:47.217443,completed
ORD_11959,USR_1656,2025-01-10 20:28:16.659331,completed
ORD_11960,USR_1165,2025-01-11 00:41:46.101220,cancelled
ORD_11961,USR_1848,2025-01-11 04:55:15.543108,completed
ORD_11962,USR_1495,2025-01-11 09:08:44.984997,returned
ORD_11963,USR_1589,2025-01-11 13:22:14.426885,completed
ORD_11964,USR_1428,2025-01-11 17:35:43.868773,cancelled
ORD_11965,USR_1773,2025-01-11 21:49:13.310662,completed
ORD_11966,USR_1162,2025-01-12 02:02:42.752550,completed
ORD_11967,USR_1365,2025-01-12 06:16:12.194438,returned
ORD_11968,USR_1525,2025-01-12 10:29:41.636327,completed
ORD_11969,USR_1238,2025-01-12 14:43:11.078215,completed
ORD_11970,USR_1071,2025-01-12 18:56:40.520104,completed
ORD_11971,USR_1444,2025-01-12 23:10:09.961992,completed
ORD_11972,USR_1654,2025-01-13 03:23:39.403880,completed
ORD_11973,USR_1821,2025-01-13 07:37:08.845769,completed
ORD_11974,USR_1508,2025-01-13 11:50:38.287657,completed
ORD_11975,USR_1794,2025-01-13 16:04:07.729545,completed
ORD_11976,USR_1268,2025-01-13 20:17:37.171434,completed
ORD_11977,USR_1752,2025-01-14 00:31:06.613322,completed
ORD_11978,USR_1414,2025-01-14 04:44:36.055211,completed
ORD_11979,USR_1244,2025-01-14 08:58:05.497099,cancelled
ORD_11980,USR_1674,2025-01-14 13:11:34.938987,completed
ORD_11981,USR_1059,2025-01-14 17:25:04.380876,completed
ORD_11982,USR_1005,2025-01-14 21:38:33.822764,completed
ORD_11983,USR_1708,2025-01-15 01:52:03.264652,completed
ORD_11984,USR_1981,2025-01-15 06:05:32.706541,completed
ORD_11985,USR_1569,2025-01-15 10:19:02.148429,completed
ORD_11986,USR_1816,2025-01-15 14:32:31.590318,completed
ORD_11987,USR_1406,2025-01-15 18:46:01.032206,completed
ORD_11988,USR_1216,2025-01-15 22:59:30.474094,completed
ORD_11989,USR_1929,2025-01-16 03:12:59.915983,completed
ORD_11990,USR_1025,2025-01-16 07:26:29.357871,completed
ORD_11991,USR_1814,2025-01-16 11:39:58.799759,completed
ORD_11992,USR_1004,2025-01-16 15:53:28.241648,returned
ORD_11993,USR_1985,2025-01-16 20:06:57.683536,completed
ORD_11994,USR_1531,2025-01-17 00:20:27.125425,completed
ORD_11995,USR_1389,2025-01-17 04:33:56.567313,completed
ORD_11996,USR_1709,2025-01-17 08:47:26.009201,completed
ORD_11997,USR_1570,2025-01-17 13:00:55.451090,completed
ORD_11998,USR_1447,2025-01-17 17:14:24.892978,completed
ORD_11999,USR_1753,2025-01-17 21:27:54.334866,completed
ORD_12000,USR_1145,2025-01-18 01:41:23.776755,completed
ORD_12001,USR_1387,2025-01-18 05:54:53.218643,completed
ORD_12002,USR_1784,2025-01-18 10:08:22.660532,completed
ORD_12003,USR_1248,2025-01-18 14:21:52.102420,completed
ORD_12004,USR_1525,2025-01-18 18:35:21.544308,completed
ORD_12005,USR_1461,2025-01-18 22:48:50.986197,completed
ORD_12006,USR_1012,2025-01-19 03:02:20.428085,completed
ORD_12007,USR_1902,2025-01-19 07:15:49.869973,completed
ORD_12008,USR_1383,2025-01-19 11:29:19.311862,returned
ORD_12009,USR_1555,2025-01-19 15:42:48.753750,completed
ORD_12010,USR_1886,2025-01-19 19:56:18.195639,completed
ORD_12011,USR_1398,2025-01-20 00:09:47.637527,completed
ORD_12012,USR_1018,2025-01-20 04:23:17.079415,returned
ORD_12013,USR_1574,2025-01-20 08:36:46.521304,completed
ORD_12014,USR_1490,2025-01-20 12:50:15.963192,completed
ORD_12015,USR_1750,2025-01-20 17:03:45.405081,completed
ORD_12016,USR_1418,2025-01-20 21:17:14.846969,completed
ORD_12017,USR_1336,2025-01-21 01:30:44.288857,completed
ORD_12018,USR_1418,2025-01-21 05:44:13.730746,completed
ORD_12019,USR_1914,2025-01-21 09:57:43.172634,completed
ORD_12020,USR_1915,2025-01-21 14:11:12.614522,completed
ORD_12021,USR_1611,2025-01-21 18:24:42.056411,completed
ORD_12022,USR_1674,2025-01-21 22:38:11.498299,completed
ORD_12023,USR_1927,2025-01-22 02:51:40.940188,completed
ORD_12024,USR_1121,2025-01-22 07:05:10.382076,completed
ORD_12025,USR_1431,2025-01-22 11:18:39.823964,completed
ORD_12026,USR_1043,2025-01-22 15:32:09.265853,completed
ORD_12027,USR_1871,2025-01-22 19:45:38.707741,completed
ORD_12028,USR_1919,2025-01-22 23:59:08.149629,completed
ORD_12029,USR_1316,2025-01-23 04:12:37.591518,completed
ORD_12030,USR_1380,2025-01-23 08:26:07.033406,completed
ORD_12031,USR_1144,2025-01-23 12:39:36.475295,completed
ORD_12032,USR_1326,2025-01-23 16:53:05.917183,completed
ORD_12033,USR_1362,2025-01-23 21:06:35.359071,completed
ORD_12034,USR_1049,2025-01-24 01:20:04.800960,completed
ORD_12035,USR_1064,2025-01-24 05:33:34.242848,completed
ORD_12036,USR_1354,2025-01-24 09:47:03.684736,completed
ORD_12037,USR_1799,2025-01-24 14:00:33.126625,completed
ORD_12038,USR_1163,2025-01-24 18:14:02.568513,completed
ORD_12039,USR_1140,2025-01-24 22:27:32.010402,completed
ORD_12040,USR_1965,2025-01-25 02:41:01.452290,completed
ORD_12041,USR_1825,2025-01-25 06:54:30.894178,returned
ORD_12042,USR_1127,2025-01-25 11:08:00.336067,completed
ORD_12043,USR_1397,2025-01-25 15:21:29.777955,completed
ORD_12044,USR_1932,2025-01-25 19:34:59.219843,completed
ORD_12045,USR_1879,2025-01-25 23:48:28.661732,completed
ORD_12046,USR_1462,2025-01-26 04:01:58.103620,completed
ORD_12047,USR_1750,2025-01-26 08:15:27.545509,completed
ORD_12048,USR_1835,2025-01-26 12:28:56.987397,completed
ORD_12049,USR_1807,2025-01-26 16:42:26.429285,completed
ORD_12050,USR_1186,2025-01-26 20:55:55.871174,completed
ORD_12051,USR_1719,2025-01-27 01:09:25.313062,completed
ORD_12052,USR_1731,2025-01-27 05:22:54.754950,completed
ORD_12053,USR_1911,2025-01-27 09:36:24.196839,completed
ORD_12054,USR_1189,2025-01-27 13:49:53.638727,returned
ORD_12055,USR_1387,2025-01-27 18:03:23.080616,completed
ORD_12056,USR_1428,2025-01-27 22:16:52.522504,completed
ORD_12057,USR_1857,2025-01-28 02:30:21.964392,completed
ORD_12058,USR_1283,2025-01-28 06:43:51.406281,completed
ORD_12059,USR_1863,2025-01-28 10:57:20.848169,completed
ORD_12060,USR_1236,2025-01-28 15:10:50.290058,returned
ORD_12061,USR_1193,2025-01-28 19:24:19.731946,completed
ORD_12062,USR_1286,2025-01-28 23:37:49.173834,returned
ORD_12063,USR_1770,2025-01-29 03:51:18.615723,completed
ORD_12064,USR_1757,2025-01-29 08:04:48.057611,completed
ORD_12065,USR_1135,2025-01-29 12:18:17.499499,returned
ORD_12066,USR_1791,2025-01-29 16:31:46.941388,completed
ORD_12067,USR_1782,2025-01-29 20:45:16.383276,completed
ORD_12068,USR_1170,2025-01-30 00:58:45.825165,completed
ORD_12069,USR_1158,2025-01-30 05:12:15.267053,cancelled
ORD_12070,USR_1200,2025-01-30 09:25:44.708941,completed
ORD_12071,USR_1486,2025-01-30 13:39:14.150830,returned
ORD_12072,USR_1556,2025-01-30 17:52:43.592718,completed
ORD_12073,USR_1961,2025-01-30 22:06:13.034606,completed
ORD_12074,USR_1775,2025-01-31 02:19:42.476495,returned
ORD_12075,USR_1582,2025-01-31 06:33:11.918383,completed
ORD_12076,USR_1503,2025-01-31 10:46:41.360272,returned
ORD_12077,USR_1875,2025-01-31 15:00:10.802160,completed
ORD_12078,USR_1370,2025-01-31 19:13:40.244048,completed
ORD_12079,USR_1102,2025-01-31 23:27:09.685937,completed
ORD_12080,USR_1124,2025-02-01 03:40:39.127825,completed
ORD_12081,USR_1312,2025-02-01 07:54:08.569713,completed
ORD_12082,USR_1975,2025-02-01 12:07:38.011602,cancelled
ORD_12083,USR_1994,2025-02-01 16:21:07.453490,cancelled
ORD_12084,USR_1797,2025-02-01 20:34:36.895379,completed
ORD_12085,USR_1457,2025-02-02 00:48:06.337267,cancelled
ORD_12086,USR_1229,2025-02-02 05:01:35.779155,returned
ORD_12087,USR_1657,2025-02-02 09:15:05.221044,completed
ORD_12088,USR_1881,2025-02-02 13:28:34.662932,completed
ORD_12089,USR_1196,2025-02-02 17:42:04.104820,returned
ORD_12090,USR_1884,2025-02-02 21:55:33.546709,completed
ORD_12091,USR_1732,2025-02-03 02:09:02.988597,returned
ORD_12092,USR_1422,2025-02-03 06:22:32.430486,returned
ORD_12093,USR_1571,2025-02-03 10:36:01.872374,returned
ORD_12094,USR_1609,2025-02-03 14:49:31.314262,completed
ORD_12095,USR_1170,2025-02-03 19:03:00.756151,completed
ORD_12096,USR_1381,2025-02-03 23:16:30.198039,completed
ORD_12097,USR_1172,2025-02-04 03:29:59.639927,completed
ORD_12098,USR_1662,2025-02-04 07:43:29.081816,completed
ORD_12099,USR_1452,2025-02-04 11:56:58.523704,completed
ORD_12100,USR_1349,2025-02-04 16:10:27.965593,completed
ORD_12101,USR_1901,2025-02-04 20:23:57.407481,returned
ORD_12102,USR_1951,2025-02-05 00:37:26.849369,completed
ORD_12103,USR_1633,2025-02-05 04:50:56.291258,completed
ORD_12104,USR_1493,2025-02-05 09:04:25.733146,completed
ORD_12105,USR_1619,2025-02-05 13:17:55.175035,completed
ORD_12106,USR_1003,2025-02-05 17:31:24.616923,completed
ORD_12107,USR_1092,2025-02-05 21:44:54.058811,completed
ORD_12108,USR_1918,2025-02-06 01:58:23.500700,completed
ORD_12109,USR_1005,2025-02-06 06:11:52.942588,completed
ORD_12110,USR_1287,2025-02-06 10:25:22.384476,completed
ORD_12111,USR_1617,2025-02-06 14:38:51.826365,returned
ORD_12112,USR_1145,2025-02-06 18:52:21.268253,completed
ORD_12113,USR_1782,2025-02-06 23:05:50.710142,cancelled
ORD_12114,USR_1423,2025-02-07 03:19:20.152030,returned
ORD_12115,USR_1889,2025-02-07 07:32:49.593918,returned
ORD_12116,USR_1607,2025-02-07 11:46:19.035807,returned
ORD_12117,USR_1456,2025-02-07 15:59:48.477695,completed
ORD_12118,USR_1740,2025-02-07 20:13:17.919583,completed
ORD_12119,USR_1201,2025-02-08 00:26:47.361472,completed
ORD_12120,USR_1211,2025-02-08 04:40:16.803360,completed
ORD_12121,USR_1005,2025-02-08 08:53:46.245249,completed
ORD_12122,USR_1623,2025-02-08 13:07:15.687137,completed
ORD_12123,USR_1375,2025-02-08 17:20:45.129025,returned
ORD_12124,USR_1890,2025-02-08 21:34:14.570914,cancelled
ORD_12125,USR_1446,2025-02-09 01:47:44.012802,completed
ORD_12126,USR_1834,2025-02-09 06:01:13.454690,completed
ORD_12127,USR_1105,2025-02-09 10:14:42.896579,cancelled
ORD_12128,USR_1650,2025-02-09 14:28:12.338467,completed
ORD_12129,USR_1810,2025-02-09 18:41:41.780356,completed
ORD_12130,USR_1400,2025-02-09 22:55:11.222244,completed
ORD_12131,USR_1095,2025-02-10 03:08:40.664132,completed
ORD_12132,USR_1387,2025-02-10 07:22:10.106021,completed
ORD_12133,USR_1958,2025-02-10 11:35:39.547909,returned
ORD_12134,USR_1451,2025-02-10 15:49:08.989797,completed
ORD_12135,USR_1848,2025-02-10 20:02:38.431686,completed
ORD_12136,USR_1808,2025-02-11 00:16:07.873574,completed
ORD_12137,USR_1978,2025-02-11 04:29:37.315463,completed
ORD_12138,USR_1900,2025-02-11 08:43:06.757351,cancelled
ORD_12139,USR_1415,2025-02-11 12:56:36.199239,completed
ORD_12140,USR_1725,2025-02-11 17:10:05.641128,completed
ORD_12141,USR_1503,2025-02-11 21:23:35.083016,completed
ORD_12142,USR_1453,2025-02-12 01:37:04.524904,completed
ORD_12143,USR_1290,2025-02-12 05:50:33.966793,completed
ORD_12144,USR_1533,2025-02-12 10:04:03.408681,completed
ORD_12145,USR_1192,2025-02-12 14:17:32.850570,completed
ORD_12146,USR_1979,2025-02-12 18:31:02.292458,completed
ORD_12147,USR_1149,2025-02-12 22:44:31.734346,completed
ORD_12148,USR_1879,2025-02-13 02:58:01.176235,cancelled
ORD_12149,USR_1758,2025-02-13 07:11:30.618123,returned
ORD_12150,USR_1778,2025-02-13 11:25:00.060012,completed
ORD_12151,USR_1972,2025-02-13 15:38:29.501900,completed
ORD_12152,USR_1762,2025-02-13 19:51:58.943788,completed
ORD_12153,USR_1514,2025-02-14 00:05:28.385677,returned
ORD_12154,USR_1392,2025-02-14 04:18:57.827565,completed
ORD_12155,USR_1315,2025-02-14 08:32:27.269453,completed
ORD_12156,USR_1075,2025-02-14 12:45:56.711342,completed
ORD_12157,USR_1598,2025-02-14 16:59:26.153230,returned
ORD_12158,USR_1269,2025-02-14 21:12:55.595119,completed
ORD_12159,USR_1224,2025-02-15 01:26:25.037007,completed
ORD_12160,USR_1529,2025-02-15 05:39:54.478895,completed
ORD_12161,USR_1112,2025-02-15 09:53:23.920784,completed
ORD_12162,USR_1250,2025-02-15 14:06:53.362672,completed
ORD_12163,USR_1232,2025-02-15 18:20:22.804560,returned
ORD_12164,USR_1840,2025-02-15 22:33:52.246449,returned
ORD_12165,USR_1790,2025-02-16 02:47:21.688337,completed
ORD_12166,USR_1713,2025-02-16 07:00:51.130226,returned
ORD_12167,USR_1082,2025-02-16 11:14:20.572114,completed
ORD_12168,USR_1124,2025-02-16 15:27:50.014002,completed
ORD_12169,USR_1174,2025-02-16 19:41:19.455891,completed
ORD_12170,USR_1068,2025-02-16 23:54:48.897779,cancelled
ORD_12171,USR_1046,2025-02-17 04:08:18.339667,completed
ORD_12172,USR_1883,2025-02-17 08:21:47.781556,completed
ORD_12173,USR_1255,2025-02-17 12:35:17.223444,cancelled
ORD_12174,USR_1726,2025-02-17 16:48:46.665333,completed
ORD_12175,USR_1029,2025-02-17 21:02:16.107221,completed
ORD_12176,USR_1280,2025-02-18 01:15:45.549109,completed
ORD_12177,USR_1923,2025-02-18 05:29:14.990998,completed
ORD_12178,USR_1993,2025-02-18 09:42:44.432886,returned
ORD_12179,USR_1236,2025-02-18 13:56:13.874774,completed
ORD_12180,USR_1247,2025-02-18 18:09:43.316663,completed
ORD_12181,USR_1367,2025-02-18 22:23:12.758551,completed
ORD_12182,USR_1494,2025-02-19 02:36:42.200440,completed
ORD_12183,USR_1024,2025-02-19 06:50:11.642328,completed
ORD_12184,USR_1585,2025-02-19 11:03:41.084216,completed
ORD_12185,USR_1717,2025-02-19 15:17:10.526105,returned
ORD_12186,USR_1489,2025-02-19 19:30:39.967993,completed
ORD_12187,USR_1493,2025-02-19 23:44:09.409881,completed
ORD_12188,USR_1313,2025-02-20 03:57:38.851770,completed
ORD_12189,USR_1605,2025-02-20 08:11:08.293658,completed
ORD_12190,USR_1374,2025-02-20 12:24:37.735547,completed
ORD_12191,USR_1638,2025-02-20 16:38:07.177435,completed
ORD_12192,USR_1936,2025-02-20 20:51:36.619323,returned
ORD_12193,USR_1024,2025-02-21 01:05:06.061212,completed
ORD_12194,USR_1333,2025-02-21 05:18:35.503100,completed
ORD_12195,USR_1354,2025-02-21 09:32:04.944989,completed
ORD_12196,USR_1115,2025-02-21 13:45:34.386877,cancelled
ORD_12197,USR_1047,2025-02-21 17:59:03.828765,completed
ORD_12198,USR_1737,2025-02-21 22:12:33.270654,completed
ORD_12199,USR_1777,2025-02-22 02:26:02.712542,completed
ORD_12200,USR_1098,2025-02-22 06:39:32.154430,completed
ORD_12201,USR_1458,2025-02-22 10:53:01.596319,completed
ORD_12202,USR_1522,2025-02-22 15:06:31.038207,returned
ORD_12203,USR_1596,2025-02-22 19:20:00.480096,completed
ORD_12204,USR_1404,2025-02-22 23:33:29.921984,completed
ORD_12205,USR_1213,2025-02-23 03:46:59.363872,completed
ORD_12206,USR_1684,2025-02-23 08:00:28.805761,completed
ORD_12207,USR_1902,2025-02-23 12:13:58.247649,completed
ORD_12208,USR_1502,2025-02-23 16:27:27.689537,completed
ORD_12209,USR_1720,2025-02-23 20:40:57.131426,completed
ORD_12210,USR_1447,2025-02-24 00:54:26.573314,completed
ORD_12211,USR_1893,2025-02-24 05:07:56.015203,completed
ORD_12212,USR_1575,2025-02-24 09:21:25.457091,completed
ORD_12213,USR_1257,2025-02-24 13:34:54.898979,returned
ORD_12214,USR_1843,2025-02-24 17:48:24.340868,completed
ORD_12215,USR_1120,2025-02-24 22:01:53.782756,completed
ORD_12216,USR_1809,2025-02-25 02:15:23.224644,cancelled
ORD_12217,USR_1977,2025-02-25 06:28:52.666533,completed
ORD_12218,USR_1053,2025-02-25 10:42:22.108421,returned
ORD_12219,USR_1330,2025-02-25 14:55:51.550310,cancelled
ORD_12220,USR_1783,2025-02-25 19:09:20.992198,returned
ORD_12221,USR_1240,2025-02-25 23:22:50.434086,completed
ORD_12222,USR_1754,2025-02-26 03:36:19.875975,completed
ORD_12223,USR_1529,2025-02-26 07:49:49.317863,completed
ORD_12224,USR_1482,2025-02-26 12:03:18.759751,completed
ORD_12225,USR_1186,2025-02-26 16:16:48.201640,completed
ORD_12226,USR_1857,2025-02-26 20:30:17.643528,completed
ORD_12227,USR_1655,2025-02-27 00:43:47.085417,completed
ORD_12228,USR_1261,2025-02-27 04:57:16.527305,completed
ORD_12229,USR_1952,2025-02-27 09:10:45.969193,returned
ORD_12230,USR_1363,2025-02-27 13:24:15.411082,returned
ORD_12231,USR_1490,2025-02-27 17:37:44.852970,returned
ORD_12232,USR_1430,2025-02-27 21:51:14.294858,completed
ORD_12233,USR_1238,2025-02-28 02:04:43.736747,returned
ORD_12234,USR_1303,2025-02-28 06:18:13.178635,completed
ORD_12235,USR_1297,2025-02-28 10:31:42.620524,completed
ORD_12236,USR_1075,2025-02-28 14:45:12.062412,completed
ORD_12237,USR_1699,2025-02-28 18:58:41.504300,returned
ORD_12238,USR_1332,2025-02-28 23:12:10.946189,returned
ORD_12239,USR_1899,2025-03-01 03:25:40.388077,completed
ORD_12240,USR_1998,2025-03-01 07:39:09.829965,completed
ORD_12241,USR_1757,2025-03-01 11:52:39.271854,completed
ORD_12242,USR_1641,2025-03-01 16:06:08.713742,completed
ORD_12243,USR_1473,2025-03-01 20:19:38.155631,returned
ORD_12244,USR_1826,2025-03-02 00:33:07.597519,cancelled
ORD_12245,USR_1922,2025-03-02 04:46:37.039407,completed
ORD_12246,USR_1282,2025-03-02 09:00:06.481296,completed
ORD_12247,USR_1590,2025-03-02 13:13:35.923184,completed
ORD_12248,USR_1071,2025-03-02 17:27:05.365073,completed
ORD_12249,USR_1262,2025-03-02 21:40:34.806961,completed
ORD_12250,USR_1702,2025-03-03 01:54:04.248849,completed
ORD_12251,USR_1878,2025-03-03 06:07:33.690738,completed
ORD_12252,USR_1886,2025-03-03 10:21:03.132626,completed
ORD_12253,USR_1941,2025-03-03 14:34:32.574514,completed
ORD_12254,USR_1574,2025-03-03 18:48:02.016403,completed
ORD_12255,USR_1999,2025-03-03 23:01:31.458291,completed
ORD_12256,USR_1891,2025-03-04 03:15:00.900180,completed
ORD_12257,USR_1011,2025-03-04 07:28:30.342068,completed
ORD_12258,USR_1140,2025-03-04 11:41:59.783956,returned
ORD_12259,USR_1765,2025-03-04 15:55:29.225845,returned
ORD_12260,USR_1554,2025-03-04 20:08:58.667733,returned
ORD_12261,USR_1016,2025-03-05 00:22:28.109621,returned
ORD_12262,USR_1062,2025-03-05 04:35:57.551510,completed
ORD_12263,USR_1252,2025-03-05 08:49:26.993398,completed
ORD_12264,USR_1464,2025-03-05 13:02:56.435287,completed
ORD_12265,USR_1375,2025-03-05 17:16:25.877175,returned
ORD_12266,USR_1803,2025-03-05 21:29:55.319063,cancelled
ORD_12267,USR_1980,2025-03-06 01:43:24.760952,completed
ORD_12268,USR_1519,2025-03-06 05:56:54.202840,completed
ORD_12269,USR_1836,2025-03-06 10:10:23.644728,completed
ORD_12270,USR_1089,2025-03-06 14:23:53.086617,completed
ORD_12271,USR_1719,2025-03-06 18:37:22.528505,completed
ORD_12272,USR_1803,2025-03-06 22:50:51.970394,completed
ORD_12273,USR_1795,2025-03-07 03:04:21.412282,completed
ORD_12274,USR_1629,2025-03-07 07:17:50.854170,completed
ORD_12275,USR_1860,2025-03-07 11:31:20.296059,completed
ORD_12276,USR_1174,2025-03-07 15:44:49.737947,completed
ORD_12277,USR_1075,2025-03-07 19:58:19.179835,returned
ORD_12278,USR_1612,2025-03-08 00:11:48.621724,completed
ORD_12279,USR_1925,2025-03-08 04:25:18.063612,completed
ORD_12280,USR_1662,2025-03-08 08:38:47.505501,completed
ORD_12281,USR_1399,2025-03-08 12:52:16.947389,completed
ORD_12282,USR_1781,2025-03-08 17:05:46.389277,completed
ORD_12283,USR_1969,2025-03-08 21:19:15.831166,completed
ORD_12284,USR_1070,2025-03-09 01:32:45.273054,completed
ORD_12285,USR_1179,2025-03-09 05:46:14.714942,returned
ORD_12286,USR_1123,2025-03-09 09:59:44.156831,completed
ORD_12287,USR_1380,2025-03-09 14:13:13.598719,returned
ORD_12288,USR_1292,2025-03-09 18:26:43.040608,completed
ORD_12289,USR_1796,2025-03-09 22:40:12.482496,completed
ORD_12290,USR_1194,2025-03-10 02:53:41.924384,completed
ORD_12291,USR_1910,2025-03-10 07:07:11.366273,completed
ORD_12292,USR_1227,2025-03-10 11:20:40.808161,completed
ORD_12293,USR_1430,2025-03-10 15:34:10.250050,returned
ORD_12294,USR_1941,2025-03-10 19:47:39.691938,completed
ORD_12295,USR_1435,2025-03-11 00:01:09.133826,completed
ORD_12296,USR_1786,2025-03-11 04:14:38.575715,completed
ORD_12297,USR_1460,2025-03-11 08:28:08.017603,completed
ORD_12298,USR_1617,2025-03-11 12:41:37.459491,cancelled
ORD_12299,USR_1020,2025-03-11 16:55:06.901380,cancelled
ORD_12300,USR_1063,2025-03-11 21:08:36.343268,completed
ORD_12301,USR_1164,2025-03-12 01:22:05.785157,returned
ORD_12302,USR_1026,2025-03-12 05:35:35.227045,completed
ORD_12303,USR_1310,2025-03-12 09:49:04.668933,completed
ORD_12304,USR_1284,2025-03-12 14:02:34.110822,completed
ORD_12305,USR_1659,2025-03-12 18:16:03.552710,returned
ORD_12306,USR_1280,2025-03-12 22:29:32.994598,completed
ORD_12307,USR_1837,2025-03-13 02:43:02.436487,completed
ORD_12308,USR_1830,2025-03-13 06:56:31.878375,completed
ORD_12309,USR_1163,2025-03-13 11:10:01.320264,completed
ORD_12310,USR_1897,2025-03-13 15:23:30.762152,completed
ORD_12311,USR_1917,2025-03-13 19:37:00.204040,completed
ORD_12312,USR_1223,2025-03-13 23:50:29.645929,completed
ORD_12313,USR_1783,2025-03-14 04:03:59.087817,completed
ORD_12314,USR_1145,2025-03-14 08:17:28.529705,completed
ORD_12315,USR_1964,2025-03-14 12:30:57.971594,completed
ORD_12316,USR_1949,2025-03-14 16:44:27.413482,completed
ORD_12317,USR_1867,2025-03-14 20:57:56.855371,completed
ORD_12318,USR_1029,2025-03-15 01:11:26.297259,returned
ORD_12319,USR_1044,2025-03-15 05:24:55.739147,completed
ORD_12320,USR_1786,2025-03-15 09:38:25.181036,completed
ORD_12321,USR_1470,2025-03-15 13:51:54.622924,completed
ORD_12322,USR_1033,2025-03-15 18:05:24.064812,returned
ORD_12323,USR_1652,2025-03-15 22:18:53.506701,returned
ORD_12324,USR_1426,2025-03-16 02:32:22.948589,completed
ORD_12325,USR_1829,2025-03-16 06:45:52.390478,completed
ORD_12326,USR_1885,2025-03-16 10:59:21.832366,completed
ORD_12327,USR_1220,2025-03-16 15:12:51.274254,completed
ORD_12328,USR_1867,2025-03-16 19:26:20.716143,completed
ORD_12329,USR_1533,2025-03-16 23:39:50.158031,completed
ORD_12330,USR_1691,2025-03-17 03:53:19.599919,completed
ORD_12331,USR_1947,2025-03-17 08:06:49.041808,completed
ORD_12332,USR_1366,2025-03-17 12:20:18.483696,completed
ORD_12333,USR_1931,2025-03-17 16:33:47.925585,completed
ORD_12334,USR_1840,2025-03-17 20:47:17.367473,completed
ORD_12335,USR_1742,2025-03-18 01:00:46.809361,completed
ORD_12336,USR_1914,2025-03-18 05:14:16.251250,completed
ORD_12337,USR_1549,2025-03-18 09:27:45.693138,completed
ORD_12338,USR_1581,2025-03-18 13:41:15.135027,completed
ORD_12339,USR_1115,2025-03-18 17:54:44.576915,completed
ORD_12340,USR_1238,2025-03-18 22:08:14.018803,completed
ORD_12341,USR_1334,2025-03-19 02:21:43.460692,completed
ORD_12342,USR_1440,2025-03-19 06:35:12.902580,completed
ORD_12343,USR_1147,2025-03-19 10:48:42.344468,completed
ORD_12344,USR_1008,2025-03-19 15:02:11.786357,completed
ORD_12345,USR_1287,2025-03-19 19:15:41.228245,completed
ORD_12346,USR_1387,2025-03-19 23:29:10.670134,completed
ORD_12347,USR_1049,2025-03-20 03:42:40.112022,completed
ORD_12348,USR_1849,2025-03-20 07:56:09.553910,completed
ORD_12349,USR_1516,2025-03-20 12:09:38.995799,completed
ORD_12350,USR_1915,2025-03-20 16:23:08.437687,returned
ORD_12351,USR_1854,2025-03-20 20:36:37.879575,completed
ORD_12352,USR_1637,2025-03-21 00:50:07.321464,completed
ORD_12353,USR_1586,2025-03-21 05:03:36.763352,completed
ORD_12354,USR_1676,2025-03-21 09:17:06.205241,completed
ORD_12355,USR_1277,2025-03-21 13:30:35.647129,completed
ORD_12356,USR_1953,2025-03-21 17:44:05.089017,completed
ORD_12357,USR_1835,2025-03-21 21:57:34.530906,cancelled
ORD_12358,USR_1988,2025-03-22 02:11:03.972794,completed
ORD_12359,USR_1299,2025-03-22 06:24:33.414682,completed
ORD_12360,USR_1801,2025-03-22 10:38:02.856571,returned
ORD_12361,USR_1588,2025-03-22 14:51:32.298459,completed
ORD_12362,USR_1809,2025-03-22 19:05:01.740348,completed
ORD_12363,USR_1648,2025-03-22 23:18:31.182236,completed
ORD_12364,USR_1617,2025-03-23 03:32:00.624124,completed
ORD_12365,USR_1606,2025-03-23 07:45:30.066013,completed
ORD_12366,USR_1134,2025-03-23 11:58:59.507901,completed
ORD_12367,USR_1579,2025-03-23 16:12:28.949789,completed
ORD_12368,USR_1146,2025-03-23 20:25:58.391678,completed
ORD_12369,USR_1489,2025-03-24 00:39:27.833566,cancelled
ORD_12370,USR_1477,2025-03-24 04:52:57.275455,completed
ORD_12371,USR_1158,2025-03-24 09:06:26.717343,completed
ORD_12372,USR_1383,2025-03-24 13:19:56.159231,completed
ORD_12373,USR_1162,2025-03-24 17:33:25.601120,completed
ORD_12374,USR_1440,2025-03-24 21:46:55.043008,returned
ORD_12375,USR_1852,2025-03-25 02:00:24.484896,completed
ORD_12376,USR_1188,2025-03-25 06:13:53.926785,completed
ORD_12377,USR_1414,2025-03-25 10:27:23.368673,completed
ORD_12378,USR_1338,2025-03-25 14:40:52.810562,returned
ORD_12379,USR_1606,2025-03-25 18:54:22.252450,completed
ORD_12380,USR_1180,2025-03-25 23:07:51.694338,completed
ORD_12381,USR_1287,2025-03-26 03:21:21.136227,completed
ORD_12382,USR_1833,2025-03-26 07:34:50.578115,cancelled
ORD_12383,USR_1186,2025-03-26 11:48:20.020004,completed
ORD_12384,USR_1883,2025-03-26 16:01:49.461892,completed
ORD_12385,USR_1137,2025-03-26 20:15:18.903780,completed
ORD_12386,USR_1129,2025-03-27 00:28:48.345669,completed
ORD_12387,USR_1193,2025-03-27 04:42:17.787557,completed
ORD_12388,USR_1315,2025-03-27 08:55:47.229445,returned
ORD_12389,USR_1983,2025-03-27 13:09:16.671334,returned
ORD_12390,USR_1784,2025-03-27 17:22:46.113222,cancelled
ORD_12391,USR_1863,2025-03-27 21:36:15.555111,completed
ORD_12392,USR_1143,2025-03-28 01:49:44.996999,completed
ORD_12393,USR_1015,2025-03-28 06:03:14.438887,returned
ORD_12394,USR_1301,2025-03-28 10:16:43.880776,completed
ORD_12395,USR_1422,2025-03-28 14:30:13.322664,completed
ORD_12396,USR_1244,2025-03-28 18:43:42.764552,completed
ORD_12397,USR_1926,2025-03-28 22:57:12.206441,returned
ORD_12398,USR_1106,2025-03-29 03:10:41.648329,completed
ORD_12399,USR_1087,2025-03-29 07:24:11.090218,returned
ORD_12400,USR_1128,2025-03-29 11:37:40.532106,completed
ORD_12401,USR_1906,2025-03-29 15:51:09.973994,completed
ORD_12402,USR_1886,2025-03-29 20:04:39.415883,completed
ORD_12403,USR_1340,2025-03-30 00:18:08.857771,completed
ORD_12404,USR_1003,2025-03-30 04:31:38.299659,completed
ORD_12405,USR_1326,2025-03-30 08:45:07.741548,returned
ORD_12406,USR_1409,2025-03-30 12:58:37.183436,completed
ORD_12407,USR_1878,2025-03-30 17:12:06.625325,completed
ORD_12408,USR_1305,2025-03-30 21:25:36.067213,completed
ORD_12409,USR_1907,2025-03-31 01:39:05.509101,completed
ORD_12410,USR_1606,2025-03-31 05:52:34.950990,completed
ORD_12411,USR_1720,2025-03-31 10:06:04.392878,completed
ORD_12412,USR_1224,2025-03-31 14:19:33.834766,returned
ORD_12413,USR_1970,2025-03-31 18:33:03.276655,completed
ORD_12414,USR_1347,2025-03-31 22:46:32.718543,completed
ORD_12415,USR_1991,2025-04-01 03:00:02.160432,completed
ORD_12416,USR_1320,2025-04-01 07:13:31.602320,completed
ORD_12417,USR_1558,2025-04-01 11:27:01.044208,cancelled
ORD_12418,USR_1987,2025-04-01 15:40:30.486097,completed
ORD_12419,USR_1180,2025-04-01 19:53:59.927985,returned
ORD_12420,USR_1617,2025-04-02 00:07:29.369873,completed
ORD_12421,USR_1710,2025-04-02 04:20:58.811762,completed
ORD_12422,USR_1385,2025-04-02 08:34:28.253650,returned
ORD_12423,USR_1617,2025-04-02 12:47:57.695539,completed
ORD_12424,USR_1791,2025-04-02 17:01:27.137427,completed
ORD_12425,USR_1771,2025-04-02 21:14:56.579315,completed
ORD_12426,USR_1107,2025-04-03 01:28:26.021204,completed
ORD_12427,USR_1530,2025-04-03 05:41:55.463092,completed
ORD_12428,USR_1409,2025-04-03 09:55:24.904981,completed
ORD_12429,USR_1970,2025-04-03 14:08:54.346869,completed
ORD_12430,USR_1295,2025-04-03 18:22:23.788757,completed
ORD_12431,USR_1817,2025-04-03 22:35:53.230646,cancelled
ORD_12432,USR_1170,2025-04-04 02:49:22.672534,completed
ORD_12433,USR_1330,2025-04-04 07:02:52.114422,completed
ORD_12434,USR_1492,2025-04-04 11:16:21.556311,returned
ORD_12435,USR_1194,2025-04-04 15:29:50.998199,completed
ORD_12436,USR_1011,2025-04-04 19:43:20.440088,completed
ORD_12437,USR_1194,2025-04-04 23:56:49.881976,completed
ORD_12438,USR_1489,2025-04-05 04:10:19.323864,completed
ORD_12439,USR_1794,2025-04-05 08:23:48.765753,completed
ORD_12440,USR_1880,2025-04-05 12:37:18.207641,completed
ORD_12441,USR_1181,2025-04-05 16:50:47.649529,completed
ORD_12442,USR_1961,2025-04-05 21:04:17.091418,completed
ORD_12443,USR_1816,2025-04-06 01:17:46.533306,completed
ORD_12444,USR_1655,2025-04-06 05:31:15.975195,completed
ORD_12445,USR_1897,2025-04-06 09:44:45.417083,completed
ORD_12446,USR_1315,2025-04-06 13:58:14.858971,cancelled
ORD_12447,USR_1693,2025-04-06 18:11:44.300860,completed
ORD_12448,USR_1029,2025-04-06 22:25:13.742748,completed
ORD_12449,USR_1595,2025-04-07 02:38:43.184636,completed
ORD_12450,USR_1677,2025-04-07 06:52:12.626525,returned
ORD_12451,USR_1795,2025-04-07 11:05:42.068413,returned
ORD_12452,USR_1792,2025-04-07 15:19:11.510302,completed
ORD_12453,USR_1095,2025-04-07 19:32:40.952190,completed
ORD_12454,USR_1380,2025-04-07 23:46:10.394078,completed
ORD_12455,USR_1777,2025-04-08 03:59:39.835967,completed
ORD_12456,USR_1443,2025-04-08 08:13:09.277855,completed
ORD_12457,USR_1297,2025-04-08 12:26:38.719743,completed
ORD_12458,USR_1807,2025-04-08 16:40:08.161632,completed
ORD_12459,USR_1736,2025-04-08 20:53:37.603520,completed
ORD_12460,USR_1844,2025-04-09 01:07:07.045409,completed
ORD_12461,USR_1360,2025-04-09 05:20:36.487297,completed
ORD_12462,USR_1373,2025-04-09 09:34:05.929185,returned
ORD_12463,USR_1553,2025-04-09 13:47:35.371074,returned
ORD_12464,USR_1302,2025-04-09 18:01:04.812962,completed
ORD_12465,USR_1420,2025-04-09 22:14:34.254850,completed
ORD_12466,USR_1245,2025-04-10 02:28:03.696739,completed
ORD_12467,USR_1719,2025-04-10 06:41:33.138627,completed
ORD_12468,USR_1236,2025-04-10 10:55:02.580516,completed
ORD_12469,USR_1533,2025-04-10 15:08:32.022404,completed
ORD_12470,USR_1184,2025-04-10 19:22:01.464292,returned
ORD_12471,USR_1467,2025-04-10 23:35:30.906181,completed
ORD_12472,USR_1753,2025-04-11 03:49:00.348069,returned
ORD_12473,USR_1362,2025-04-11 08:02:29.789957,completed
ORD_12474,USR_1282,2025-04-11 12:15:59.231846,returned
ORD_12475,USR_1552,2025-04-11 16:29:28.673734,completed
ORD_12476,USR_1335,2025-04-11 20:42:58.115623,completed
ORD_12477,USR_1161,2025-04-12 00:56:27.557511,completed
ORD_12478,USR_1159,2025-04-12 05:09:56.999399,returned
ORD_12479,USR_1473,2025-04-12 09:23:26.441288,completed
ORD_12480,USR_1600,2025-04-12 13:36:55.883176,completed
ORD_12481,USR_1321,2025-04-12 17:50:25.325065,completed
ORD_12482,USR_1011,2025-04-12 22:03:54.766953,completed
ORD_12483,USR_1423,2025-04-13 02:17:24.208841,completed
ORD_12484,USR_1072,2025-04-13 06:30:53.650730,returned
ORD_12485,USR_1587,2025-04-13 10:44:23.092618,completed
ORD_12486,USR_1857,2025-04-13 14:57:52.534506,completed
ORD_12487,USR_1200,2025-04-13 19:11:21.976395,completed
ORD_12488,USR_1521,2025-04-13 23:24:51.418283,completed
ORD_12489,USR_1863,2025-04-14 03:38:20.860172,completed
ORD_12490,USR_1504,2025-04-14 07:51:50.302060,completed
ORD_12491,USR_1737,2025-04-14 12:05:19.743948,completed
ORD_12492,USR_1687,2025-04-14 16:18:49.185837,completed
ORD_12493,USR_1787,2025-04-14 20:32:18.627725,cancelled
ORD_12494,USR_1038,2025-04-15 00:45:48.069613,completed
ORD_12495,USR_1059,2025-04-15 04:59:17.511502,completed
ORD_12496,USR_1577,2025-04-15 09:12:46.953390,completed
ORD_12497,USR_1320,2025-04-15 13:26:16.395279,completed
ORD_12498,USR_1434,2025-04-15 17:39:45.837167,completed
ORD_12499,USR_1635,2025-04-15 21:53:15.279055,completed
ORD_12500,USR_1675,2025-04-16 02:06:44.720944,returned
ORD_12501,USR_1407,2025-04-16 06:20:14.162832,completed
ORD_12502,USR_1922,2025-04-16 10:33:43.604720,completed
ORD_12503,USR_1385,2025-04-16 14:47:13.046609,completed
ORD_12504,USR_1670,2025-04-16 19:00:42.488497,completed
ORD_12505,USR_1568,2025-04-16 23:14:11.930386,completed
ORD_12506,USR_1077,2025-04-17 03:27:41.372274,completed
ORD_12507,USR_1193,2025-04-17 07:41:10.814162,completed
ORD_12508,USR_1284,2025-04-17 11:54:40.256051,completed
ORD_12509,USR_1526,2025-04-17 16:08:09.697939,completed
ORD_12510,USR_1523,2025-04-17 20:21:39.139827,completed
ORD_12511,USR_1612,2025-04-18 00:35:08.581716,completed
ORD_12512,USR_1155,2025-04-18 04:48:38.023604,completed
ORD_12513,USR_1339,2025-04-18 09:02:07.465493,cancelled
ORD_12514,USR_1124,2025-04-18 13:15:36.907381,completed
ORD_12515,USR_1870,2025-04-18 17:29:06.349269,completed
ORD_12516,USR_1279,2025-04-18 21:42:35.791158,returned
ORD_12517,USR_1916,2025-04-19 01:56:05.233046,completed
ORD_12518,USR_1905,2025-04-19 06:09:34.674934,completed
ORD_12519,USR_1621,2025-04-19 10:23:04.116823,completed
ORD_12520,USR_1845,2025-04-19 14:36:33.558711,completed
ORD_12521,USR_1868,2025-04-19 18:50:03.000600,returned
ORD_12522,USR_1657,2025-04-19 23:03:32.442488,cancelled
ORD_12523,USR_1727,2025-04-20 03:17:01.884376,completed
ORD_12524,USR_1909,2025-04-20 07:30:31.326265,completed
ORD_12525,USR_1673,2025-04-20 11:44:00.768153,completed
ORD_12526,USR_1127,2025-04-20 15:57:30.210042,completed
ORD_12527,USR_1313,2025-04-20 20:10:59.651930,completed
ORD_12528,USR_1331,2025-04-21 00:24:29.093818,completed
ORD_12529,USR_1149,2025-04-21 04:37:58.535707,completed
ORD_12530,USR_1453,2025-04-21 08:51:27.977595,completed
ORD_12531,USR_1035,2025-04-21 13:04:57.419483,completed
ORD_12532,USR_1684,2025-04-21 17:18:26.861372,completed
ORD_12533,USR_1419,2025-04-21 21:31:56.303260,completed
ORD_12534,USR_1021,2025-04-22 01:45:25.745149,completed
ORD_12535,USR_1205,2025-04-22 05:58:55.187037,completed
ORD_12536,USR_1638,2025-04-22 10:12:24.628925,completed
ORD_12537,USR_1847,2025-04-22 14:25:54.070814,completed
ORD_12538,USR_1956,2025-04-22 18:39:23.512702,completed
ORD_12539,USR_1355,2025-04-22 22:52:52.954590,completed
ORD_12540,USR_1439,2025-04-23 03:06:22.396479,completed
ORD_12541,USR_1728,2025-04-23 07:19:51.838367,completed
ORD_12542,USR_1095,2025-04-23 11:33:21.280256,completed
ORD_12543,USR_1928,2025-04-23 15:46:50.722144,completed
ORD_12544,USR_1940,2025-04-23 20:00:20.164032,completed
ORD_12545,USR_1163,2025-04-24 00:13:49.605921,completed
ORD_12546,USR_1147,2025-04-24 04:27:19.047809,completed
ORD_12547,USR_1529,2025-04-24 08:40:48.489697,cancelled
ORD_12548,USR_1293,2025-04-24 12:54:17.931586,completed
ORD_12549,USR_1194,2025-04-24 17:07:47.373474,completed
ORD_12550,USR_1662,2025-04-24 21:21:16.815363,completed
ORD_12551,USR_1479,2025-04-25 01:34:46.257251,completed
ORD_12552,USR_1876,2025-04-25 05:48:15.699139,completed
ORD_12553,USR_1122,2025-04-25 10:01:45.141028,completed
ORD_12554,USR_1399,2025-04-25 14:15:14.582916,completed
ORD_12555,USR_1698,2025-04-25 18:28:44.024804,completed
ORD_12556,USR_1964,2025-04-25 22:42:13.466693,completed
ORD_12557,USR_1451,2025-04-26 02:55:42.908581,completed
ORD_12558,USR_1660,2025-04-26 07:09:12.350470,cancelled
ORD_12559,USR_1103,2025-04-26 11:22:41.792358,completed
ORD_12560,USR_1754,2025-04-26 15:36:11.234246,completed
ORD_12561,USR_1461,2025-04-26 19:49:40.676135,completed
ORD_12562,USR_1742,2025-04-27 00:03:10.118023,completed
ORD_12563,USR_1990,2025-04-27 04:16:39.559911,cancelled
ORD_12564,USR_1717,2025-04-27 08:30:09.001800,returned
ORD_12565,USR_1709,2025-04-27 12:43:38.443688,completed
ORD_12566,USR_1395,2025-04-27 16:57:07.885577,completed
ORD_12567,USR_1911,2025-04-27 21:10:37.327465,completed
ORD_12568,USR_1336,2025-04-28 01:24:06.769353,completed
ORD_12569,USR_1598,2025-04-28 05:37:36.211242,completed
ORD_12570,USR_1141,2025-04-28 09:51:05.653130,returned
ORD_12571,USR_1316,2025-04-28 14:04:35.095019,cancelled
ORD_12572,USR_1710,2025-04-28 18:18:04.536907,cancelled
ORD_12573,USR_1557,2025-04-28 22:31:33.978795,completed
ORD_12574,USR_1799,2025-04-29 02:45:03.420684,completed
ORD_12575,USR_1526,2025-04-29 06:58:32.862572,completed
ORD_12576,USR_1555,2025-04-29 11:12:02.304460,completed
ORD_12577,USR_1400,2025-04-29 15:25:31.746349,completed
ORD_12578,USR_1680,2025-04-29 19:39:01.188237,completed
ORD_12579,USR_1309,2025-04-29 23:52:30.630126,completed
ORD_12580,USR_1494,2025-04-30 04:06:00.072014,returned
ORD_12581,USR_1555,2025-04-30 08:19:29.513902,returned
ORD_12582,USR_1609,2025-04-30 12:32:58.955791,returned
ORD_12583,USR_1772,2025-04-30 16:46:28.397679,cancelled
ORD_12584,USR_1108,2025-04-30 20:59:57.839567,completed
ORD_12585,USR_1794,2025-05-01 01:13:27.281456,completed
ORD_12586,USR_1371,2025-05-01 05:26:56.723344,completed
ORD_12587,USR_1854,2025-05-01 09:40:26.165233,completed
ORD_12588,USR_1615,2025-05-01 13:53:55.607121,cancelled
ORD_12589,USR_1767,2025-05-01 18:07:25.049009,returned
ORD_12590,USR_1890,2025-05-01 22:20:54.490898,completed
ORD_12591,USR_1205,2025-05-02 02:34:23.932786,completed
ORD_12592,USR_1846,2025-05-02 06:47:53.374674,completed
ORD_12593,USR_1042,2025-05-02 11:01:22.816563,completed
ORD_12594,USR_1864,2025-05-02 15:14:52.258451,returned
ORD_12595,USR_1244,2025-05-02 19:28:21.700340,completed
ORD_12596,USR_1286,2025-05-02 23:41:51.142228,completed
ORD_12597,USR_1354,2025-05-03 03:55:20.584116,completed
ORD_12598,USR_1784,2025-05-03 08:08:50.026005,completed
ORD_12599,USR_1475,2025-05-03 12:22:19.467893,completed
ORD_12600,USR_1082,2025-05-03 16:35:48.909781,returned
ORD_12601,USR_1109,2025-05-03 20:49:18.351670,completed
ORD_12602,USR_1949,2025-05-04 01:02:47.793558,completed
ORD_12603,USR_1189,2025-05-04 05:16:17.235447,completed
ORD_12604,USR_1982,2025-05-04 09:29:46.677335,completed
ORD_12605,USR_1799,2025-05-04 13:43:16.119223,completed
ORD_12606,USR_1935,2025-05-04 17:56:45.561112,completed
ORD_12607,USR_1908,2025-05-04 22:10:15.003000,completed
ORD_12608,USR_1250,2025-05-05 02:23:44.444888,completed
ORD_12609,USR_1723,2025-05-05 06:37:13.886777,completed
ORD_12610,USR_1290,2025-05-05 10:50:43.328665,completed
ORD_12611,USR_1644,2025-05-05 15:04:12.770554,completed
ORD_12612,USR_1200,2025-05-05 19:17:42.212442,returned
ORD_12613,USR_1796,2025-05-05 23:31:11.654330,completed
ORD_12614,USR_1325,2025-05-06 03:44:41.096219,completed
ORD_12615,USR_1510,2025-05-06 07:58:10.538107,completed
ORD_12616,USR_1408,2025-05-06 12:11:39.979996,completed
ORD_12617,USR_1606,2025-05-06 16:25:09.421884,returned
ORD_12618,USR_1789,2025-05-06 20:38:38.863772,completed
ORD_12619,USR_1961,2025-05-07 00:52:08.305661,completed
ORD_12620,USR_1940,2025-05-07 05:05:37.747549,cancelled
ORD_12621,USR_1836,2025-05-07 09:19:07.189437,completed
ORD_12622,USR_1507,2025-05-07 13:32:36.631326,completed
ORD_12623,USR_1730,2025-05-07 17:46:06.073214,completed
ORD_12624,USR_1600,2025-05-07 21:59:35.515103,completed
ORD_12625,USR_1071,2025-05-08 02:13:04.956991,completed
ORD_12626,USR_1246,2025-05-08 06:26:34.398879,completed
ORD_12627,USR_1640,2025-05-08 10:40:03.840768,completed
ORD_12628,USR_1723,2025-05-08 14:53:33.282656,cancelled
ORD_12629,USR_1939,2025-05-08 19:07:02.724544,completed
ORD_12630,USR_1854,2025-05-08 23:20:32.166433,completed
ORD_12631,USR_1607,2025-05-09 03:34:01.608321,completed
ORD_12632,USR_1586,2025-05-09 07:47:31.050210,returned
ORD_12633,USR_1934,2025-05-09 12:01:00.492098,completed
ORD_12634,USR_1565,2025-05-09 16:14:29.933986,completed
ORD_12635,USR_1343,2025-05-09 20:27:59.375875,completed
ORD_12636,USR_1970,2025-05-10 00:41:28.817763,completed
ORD_12637,USR_1924,2025-05-10 04:54:58.259651,returned
ORD_12638,USR_1053,2025-05-10 09:08:27.701540,completed
ORD_12639,USR_1729,2025-05-10 13:21:57.143428,completed
ORD_12640,USR_1527,2025-05-10 17:35:26.585317,completed
ORD_12641,USR_1610,2025-05-10 21:48:56.027205,completed
ORD_12642,USR_1531,2025-05-11 02:02:25.469093,completed
ORD_12643,USR_1557,2025-05-11 06:15:54.910982,completed
ORD_12644,USR_1962,2025-05-11 10:29:24.352870,completed
ORD_12645,USR_1192,2025-05-11 14:42:53.794758,completed
ORD_12646,USR_1894,2025-05-11 18:56:23.236647,completed
ORD_12647,USR_1057,2025-05-11 23:09:52.678535,completed
ORD_12648,USR_1436,2025-05-12 03:23:22.120424,completed
ORD_12649,USR_1110,2025-05-12 07:36:51.562312,completed
ORD_12650,USR_1128,2025-05-12 11:50:21.004200,completed
ORD_12651,USR_1848,2025-05-12 16:03:50.446089,completed
ORD_12652,USR_1705,2025-05-12 20:17:19.887977,completed
ORD_12653,USR_1924,2025-05-13 00:30:49.329865,completed
ORD_12654,USR_1851,2025-05-13 04:44:18.771754,returned
ORD_12655,USR_1325,2025-05-13 08:57:48.213642,completed
ORD_12656,USR_1007,2025-05-13 13:11:17.655531,completed
ORD_12657,USR_1028,2025-05-13 17:24:47.097419,completed
ORD_12658,USR_1111,2025-05-13 21:38:16.539307,completed
ORD_12659,USR_1946,2025-05-14 01:51:45.981196,returned
ORD_12660,USR_1672,2025-05-14 06:05:15.423084,returned
ORD_12661,USR_1130,2025-05-14 10:18:44.864972,completed
ORD_12662,USR_1187,2025-05-14 14:32:14.306861,completed
ORD_12663,USR_1674,2025-05-14 18:45:43.748749,completed
ORD_12664,USR_1708,2025-05-14 22:59:13.190638,completed
ORD_12665,USR_1474,2025-05-15 03:12:42.632526,completed
ORD_12666,USR_1363,2025-05-15 07:26:12.074414,completed
ORD_12667,USR_1203,2025-05-15 11:39:41.516303,cancelled
ORD_12668,USR_1211,2025-05-15 15:53:10.958191,returned
ORD_12669,USR_1620,2025-05-15 20:06:40.400080,completed
ORD_12670,USR_1275,2025-05-16 00:20:09.841968,completed
ORD_12671,USR_1072,2025-05-16 04:33:39.283856,completed
ORD_12672,USR_1678,2025-05-16 08:47:08.725745,completed
ORD_12673,USR_1771,2025-05-16 13:00:38.167633,completed
ORD_12674,USR_1242,2025-05-16 17:14:07.609521,completed
ORD_12675,USR_1786,2025-05-16 21:27:37.051410,completed
ORD_12676,USR_1101,2025-05-17 01:41:06.493298,completed
ORD_12677,USR_1986,2025-05-17 05:54:35.935187,completed
ORD_12678,USR_1684,2025-05-17 10:08:05.377075,returned
ORD_12679,USR_1170,2025-05-17 14:21:34.818963,completed
ORD_12680,USR_1652,2025-05-17 18:35:04.260852,completed
ORD_12681,USR_1908,2025-05-17 22:48:33.702740,completed
ORD_12682,USR_1187,2025-05-18 03:02:03.144628,completed
ORD_12683,USR_1440,2025-05-18 07:15:32.586517,completed
ORD_12684,USR_1085,2025-05-18 11:29:02.028405,completed
ORD_12685,USR_1475,2025-05-18 15:42:31.470294,returned
ORD_12686,USR_1051,2025-05-18 19:56:00.912182,completed
ORD_12687,USR_1110,2025-05-19 00:09:30.354070,completed
ORD_12688,USR_1948,2025-05-19 04:22:59.795959,completed
ORD_12689,USR_1876,2025-05-19 08:36:29.237847,returned
ORD_12690,USR_1853,2025-05-19 12:49:58.679735,completed
ORD_12691,USR_1042,2025-05-19 17:03:28.121624,completed
ORD_12692,USR_1210,2025-05-19 21:16:57.563512,completed
ORD_12693,USR_1967,2025-05-20 01:30:27.005401,returned
ORD_12694,USR_1199,2025-05-20 05:43:56.447289,completed
ORD_12695,USR_1809,2025-05-20 09:57:25.889177,completed
ORD_12696,USR_1857,2025-05-20 14:10:55.331066,completed
ORD_12697,USR_1751,2025-05-20 18:24:24.772954,completed
ORD_12698,USR_1626,2025-05-20 22:37:54.214842,completed
ORD_12699,USR_1025,2025-05-21 02:51:23.656731,completed
ORD_12700,USR_1918,2025-05-21 07:04:53.098619,completed
ORD_12701,USR_1298,2025-05-21 11:18:22.540508,completed
ORD_12702,USR_1076,2025-05-21 15:31:51.982396,completed
ORD_12703,USR_1923,2025-05-21 19:45:21.424284,completed
ORD_12704,USR_1136,2025-05-21 23:58:50.866173,returned
ORD_12705,USR_1019,2025-05-22 04:12:20.308061,cancelled
ORD_12706,USR_1439,2025-05-22 08:25:49.749949,completed
ORD_12707,USR_1210,2025-05-22 12:39:19.191838,completed
ORD_12708,USR_1751,2025-05-22 16:52:48.633726,completed
ORD_12709,USR_1550,2025-05-22 21:06:18.075615,returned
ORD_12710,USR_1434,2025-05-23 01:19:47.517503,completed
ORD_12711,USR_1779,2025-05-23 05:33:16.959391,completed
ORD_12712,USR_1206,2025-05-23 09:46:46.401280,completed
ORD_12713,USR_1990,2025-05-23 14:00:15.843168,returned
ORD_12714,USR_1438,2025-05-23 18:13:45.285057,completed
ORD_12715,USR_1973,2025-05-23 22:27:14.726945,completed
ORD_12716,USR_1778,2025-05-24 02:40:44.168833,completed
ORD_12717,USR_1665,2025-05-24 06:54:13.610722,completed
ORD_12718,USR_1041,2025-05-24 11:07:43.052610,completed
ORD_12719,USR_1410,2025-05-24 15:21:12.494498,completed
ORD_12720,USR_1522,2025-05-24 19:34:41.936387,completed
ORD_12721,USR_1805,2025-05-24 23:48:11.378275,returned
ORD_12722,USR_1609,2025-05-25 04:01:40.820164,completed
ORD_12723,USR_1426,2025-05-25 08:15:10.262052,completed
ORD_12724,USR_1274,2025-05-25 12:28:39.703940,completed
ORD_12725,USR_1447,2025-05-25 16:42:09.145829,completed
ORD_12726,USR_1901,2025-05-25 20:55:38.587717,completed
ORD_12727,USR_1941,2025-05-26 01:09:08.029605,completed
ORD_12728,USR_1883,2025-05-26 05:22:37.471494,completed
ORD_12729,USR_1741,2025-05-26 09:36:06.913382,cancelled
ORD_12730,USR_1368,2025-05-26 13:49:36.355271,returned
ORD_12731,USR_1937,2025-05-26 18:03:05.797159,cancelled
ORD_12732,USR_1219,2025-05-26 22:16:35.239047,completed
ORD_12733,USR_1576,2025-05-27 02:30:04.680936,completed
ORD_12734,USR_1866,2025-05-27 06:43:34.122824,completed
ORD_12735,USR_1231,2025-05-27 10:57:03.564712,completed
ORD_12736,USR_1327,2025-05-27 15:10:33.006601,completed
ORD_12737,USR_1442,2025-05-27 19:24:02.448489,completed
ORD_12738,USR_1051,2025-05-27 23:37:31.890378,completed
ORD_12739,USR_1885,2025-05-28 03:51:01.332266,completed
ORD_12740,USR_1942,2025-05-28 08:04:30.774154,completed
ORD_12741,USR_1375,2025-05-28 12:18:00.216043,completed
ORD_12742,USR_1262,2025-05-28 16:31:29.657931,completed
ORD_12743,USR_1266,2025-05-28 20:44:59.099819,returned
ORD_12744,USR_1358,2025-05-29 00:58:28.541708,completed
ORD_12745,USR_1316,2025-05-29 05:11:57.983596,completed
ORD_12746,USR_1323,2025-05-29 09:25:27.425485,cancelled
ORD_12747,USR_1920,2025-05-29 13:38:56.867373,completed
ORD_12748,USR_1907,2025-05-29 17:52:26.309261,cancelled
ORD_12749,USR_1665,2025-05-29 22:05:55.751150,completed
ORD_12750,USR_1869,2025-05-30 02:19:25.193038,completed
ORD_12751,USR_1877,2025-05-30 06:32:54.634926,completed
ORD_12752,USR_1651,2025-05-30 10:46:24.076815,completed
ORD_12753,USR_1938,2025-05-30 14:59:53.518703,returned
ORD_12754,USR_1562,2025-05-30 19:13:22.960592,completed
ORD_12755,USR_1628,2025-05-30 23:26:52.402480,completed
ORD_12756,USR_1420,2025-05-31 03:40:21.844368,completed
ORD_12757,USR_1045,2025-05-31 07:53:51.286257,completed
ORD_12758,USR_1820,2025-05-31 12:07:20.728145,completed
ORD_12759,USR_1599,2025-05-31 16:20:50.170034,completed
ORD_12760,USR_1719,2025-05-31 20:34:19.611922,completed
ORD_12761,USR_1888,2025-06-01 00:47:49.053810,completed
ORD_12762,USR_1268,2025-06-01 05:01:18.495699,completed
ORD_12763,USR_1600,2025-06-01 09:14:47.937587,completed
ORD_12764,USR_1380,2025-06-01 13:28:17.379475,completed
ORD_12765,USR_1117,2025-06-01 17:41:46.821364,returned
ORD_12766,USR_1565,2025-06-01 21:55:16.263252,completed
ORD_12767,USR_1952,2025-06-02 02:08:45.705141,completed
ORD_12768,USR_1115,2025-06-02 06:22:15.147029,completed
ORD_12769,USR_1629,2025-06-02 10:35:44.588917,completed
ORD_12770,USR_1259,2025-06-02 14:49:14.030806,completed
ORD_12771,USR_1074,2025-06-02 19:02:43.472694,completed
ORD_12772,USR_1479,2025-06-02 23:16:12.914582,completed
ORD_12773,USR_1304,2025-06-03 03:29:42.356471,completed
ORD_12774,USR_1006,2025-06-03 07:43:11.798359,completed
ORD_12775,USR_1365,2025-06-03 11:56:41.240248,completed
ORD_12776,USR_1633,2025-06-03 16:10:10.682136,completed
ORD_12777,USR_1522,2025-06-03 20:23:40.124024,completed
ORD_12778,USR_1347,2025-06-04 00:37:09.565913,returned
ORD_12779,USR_1437,2025-06-04 04:50:39.007801,completed
ORD_12780,USR_1214,2025-06-04 09:04:08.449689,completed
ORD_12781,USR_1428,2025-06-04 13:17:37.891578,completed
ORD_12782,USR_1790,2025-06-04 17:31:07.333466,returned
ORD_12783,USR_1497,2025-06-04 21:44:36.775355,completed
ORD_12784,USR_1539,2025-06-05 01:58:06.217243,completed
ORD_12785,USR_1746,2025-06-05 06:11:35.659131,completed
ORD_12786,USR_1366,2025-06-05 10:25:05.101020,completed
ORD_12787,USR_1312,2025-06-05 14:38:34.542908,completed
ORD_12788,USR_1537,2025-06-05 18:52:03.984796,completed
ORD_12789,USR_1920,2025-06-05 23:05:33.426685,returned
ORD_12790,USR_1053,2025-06-06 03:19:02.868573,completed
ORD_12791,USR_1540,2025-06-06 07:32:32.310462,completed
ORD_12792,USR_1466,2025-06-06 11:46:01.752350,completed
ORD_12793,USR_1864,2025-06-06 15:59:31.194238,completed
ORD_12794,USR_1163,2025-06-06 20:13:00.636127,cancelled
ORD_12795,USR_1781,2025-06-07 00:26:30.078015,completed
ORD_12796,USR_1333,2025-06-07 04:39:59.519903,completed
ORD_12797,USR_1546,2025-06-07 08:53:28.961792,completed
ORD_12798,USR_1797,2025-06-07 13:06:58.403680,completed
ORD_12799,USR_1347,2025-06-07 17:20:27.845569,completed
ORD_12800,USR_1272,2025-06-07 21:33:57.287457,returned
ORD_12801,USR_1962,2025-06-08 01:47:26.729345,cancelled
ORD_12802,USR_1719,2025-06-08 06:00:56.171234,completed
ORD_12803,USR_1749,2025-06-08 10:14:25.613122,completed
ORD_12804,USR_1413,2025-06-08 14:27:55.055011,completed
ORD_12805,USR_1499,2025-06-08 18:41:24.496899,returned
ORD_12806,USR_1092,2025-06-08 22:54:53.938787,completed
ORD_12807,USR_1684,2025-06-09 03:08:23.380676,completed
ORD_12808,USR_1078,2025-06-09 07:21:52.822564,completed
ORD_12809,USR_1621,2025-06-09 11:35:22.264452,completed
ORD_12810,USR_1216,2025-06-09 15:48:51.706341,cancelled
ORD_12811,USR_1946,2025-06-09 20:02:21.148229,completed
ORD_12812,USR_1357,2025-06-10 00:15:50.590118,completed
ORD_12813,USR_1617,2025-06-10 04:29:20.032006,completed
ORD_12814,USR_1506,2025-06-10 08:42:49.473894,completed
ORD_12815,USR_1558,2025-06-10 12:56:18.915783,completed
ORD_12816,USR_1180,2025-06-10 17:09:48.357671,completed
ORD_12817,USR_1575,2025-06-10 21:23:17.799559,completed
ORD_12818,USR_1245,2025-06-11 01:36:47.241448,completed
ORD_12819,USR_1243,2025-06-11 05:50:16.683336,completed
ORD_12820,USR_1505,2025-06-11 10:03:46.125225,completed
ORD_12821,USR_1421,2025-06-11 14:17:15.567113,completed
ORD_12822,USR_1319,2025-06-11 18:30:45.009001,completed
ORD_12823,USR_1086,2025-06-11 22:44:14.450890,completed
ORD_12824,USR_1216,2025-06-12 02:57:43.892778,completed
ORD_12825,USR_1489,2025-06-12 07:11:13.334666,completed
ORD_12826,USR_1518,2025-06-12 11:24:42.776555,completed
ORD_12827,USR_1277,2025-06-12 15:38:12.218443,returned
ORD_12828,USR_1848,2025-06-12 19:51:41.660332,completed
ORD_12829,USR_1721,2025-06-13 00:05:11.102220,completed
ORD_12830,USR_1168,2025-06-13 04:18:40.544108,completed
ORD_12831,USR_1329,2025-06-13 08:32:09.985997,completed
ORD_12832,USR_1649,2025-06-13 12:45:39.427885,cancelled
ORD_12833,USR_1440,2025-06-13 16:59:08.869773,completed
ORD_12834,USR_1390,2025-06-13 21:12:38.311662,returned
ORD_12835,USR_1495,2025-06-14 01:26:07.753550,completed
ORD_12836,USR_1380,2025-06-14 05:39:37.195439,cancelled
ORD_12837,USR_1305,2025-06-14 09:53:06.637327,returned
ORD_12838,USR_1741,2025-06-14 14:06:36.079215,returned
ORD_12839,USR_1986,2025-06-14 18:20:05.521104,completed
ORD_12840,USR_1819,2025-06-14 22:33:34.962992,completed
ORD_12841,USR_1672,2025-06-15 02:47:04.404880,completed
ORD_12842,USR_1512,2025-06-15 07:00:33.846769,completed
ORD_12843,USR_1747,2025-06-15 11:14:03.288657,cancelled
ORD_12844,USR_1948,2025-06-15 15:27:32.730546,completed
ORD_12845,USR_1187,2025-06-15 19:41:02.172434,returned
ORD_12846,USR_1929,2025-06-15 23:54:31.614322,completed
ORD_12847,USR_1515,2025-06-16 04:08:01.056211,completed
ORD_12848,USR_1912,2025-06-16 08:21:30.498099,completed
ORD_12849,USR_1643,2025-06-16 12:34:59.939988,completed
ORD_12850,USR_1426,2025-06-16 16:48:29.381876,completed
ORD_12851,USR_1501,2025-06-16 21:01:58.823764,completed
ORD_12852,USR_1729,2025-06-17 01:15:28.265653,cancelled
ORD_12853,USR_1259,2025-06-17 05:28:57.707541,completed
ORD_12854,USR_1512,2025-06-17 09:42:27.149429,completed
ORD_12855,USR_1070,2025-06-17 13:55:56.591318,completed
ORD_12856,USR_1477,2025-06-17 18:09:26.033206,completed
ORD_12857,USR_1177,2025-06-17 22:22:55.475095,completed
ORD_12858,USR_1456,2025-06-18 02:36:24.916983,completed
ORD_12859,USR_1188,2025-06-18 06:49:54.358871,completed
ORD_12860,USR_1290,2025-06-18 11:03:23.800760,completed
ORD_12861,USR_1519,2025-06-18 15:16:53.242648,completed
ORD_12862,USR_1764,2025-06-18 19:30:22.684536,returned
ORD_12863,USR_1919,2025-06-18 23:43:52.126425,completed
ORD_12864,USR_1978,2025-06-19 03:57:21.568313,completed
ORD_12865,USR_1291,2025-06-19 08:10:51.010202,completed
ORD_12866,USR_1945,2025-06-19 12:24:20.452090,completed
ORD_12867,USR_1755,2025-06-19 16:37:49.893978,completed
ORD_12868,USR_1634,2025-06-19 20:51:19.335867,completed
ORD_12869,USR_1810,2025-06-20 01:04:48.777755,completed
ORD_12870,USR_1282,2025-06-20 05:18:18.219643,completed
ORD_12871,USR_1543,2025-06-20 09:31:47.661532,completed
ORD_12872,USR_1845,2025-06-20 13:45:17.103420,completed
ORD_12873,USR_1376,2025-06-20 17:58:46.545309,completed
ORD_12874,USR_1657,2025-06-20 22:12:15.987197,completed
ORD_12875,USR_1155,2025-06-21 02:25:45.429085,completed
ORD_12876,USR_1507,2025-06-21 06:39:14.870974,completed
ORD_12877,USR_1412,2025-06-21 10:52:44.312862,completed
ORD_12878,USR_1527,2025-06-21 15:06:13.754750,completed
ORD_12879,USR_1354,2025-06-21 19:19:43.196639,completed
ORD_12880,USR_1558,2025-06-21 23:33:12.638527,cancelled
ORD_12881,USR_1762,2025-06-22 03:46:42.080416,completed
ORD_12882,USR_1186,2025-06-22 08:00:11.522304,completed
ORD_12883,USR_1030,2025-06-22 12:13:40.964192,completed
ORD_12884,USR_1259,2025-06-22 16:27:10.406081,completed
ORD_12885,USR_1420,2025-06-22 20:40:39.847969,completed
ORD_12886,USR_1528,2025-06-23 00:54:09.289857,completed
ORD_12887,USR_1550,2025-06-23 05:07:38.731746,completed
ORD_12888,USR_1303,2025-06-23 09:21:08.173634,returned
ORD_12889,USR_1941,2025-06-23 13:34:37.615523,completed
ORD_12890,USR_1985,2025-06-23 17:48:07.057411,completed
ORD_12891,USR_1943,2025-06-23 22:01:36.499299,completed
ORD_12892,USR_1038,2025-06-24 02:15:05.941188,completed
ORD_12893,USR_1488,2025-06-24 06:28:35.383076,completed
ORD_12894,USR_1643,2025-06-24 10:42:04.824964,completed
ORD_12895,USR_1541,2025-06-24 14:55:34.266853,completed
ORD_12896,USR_1669,2025-06-24 19:09:03.708741,completed
ORD_12897,USR_1277,2025-06-24 23:22:33.150630,completed
ORD_12898,USR_1202,2025-06-25 03:36:02.592518,completed
ORD_12899,USR_1065,2025-06-25 07:49:32.034406,returned
ORD_12900,USR_1107,2025-06-25 12:03:01.476295,completed
ORD_12901,USR_1267,2025-06-25 16:16:30.918183,completed
ORD_12902,USR_1221,2025-06-25 20:30:00.360072,completed
ORD_12903,USR_1803,2025-06-26 00:43:29.801960,completed
ORD_12904,USR_1529,2025-06-26 04:56:59.243848,completed
ORD_12905,USR_1089,2025-06-26 09:10:28.685737,completed
ORD_12906,USR_1692,2025-06-26 13:23:58.127625,completed
ORD_12907,USR_1254,2025-06-26 17:37:27.569513,completed
ORD_12908,USR_1454,2025-06-26 21:50:57.011402,completed
ORD_12909,USR_1252,2025-06-27 02:04:26.453290,completed
ORD_12910,USR_1256,2025-06-27 06:17:55.895179,completed
ORD_12911,USR_1382,2025-06-27 10:31:25.337067,completed
ORD_12912,USR_1441,2025-06-27 14:44:54.778955,returned
ORD_12913,USR_1857,2025-06-27 18:58:24.220844,completed
ORD_12914,USR_1598,2025-06-27 23:11:53.662732,returned
ORD_12915,USR_1089,2025-06-28 03:25:23.104620,completed
ORD_12916,USR_1748,2025-06-28 07:38:52.546509,completed
ORD_12917,USR_1389,2025-06-28 11:52:21.988397,completed
ORD_12918,USR_1581,2025-06-28 16:05:51.430286,completed
ORD_12919,USR_1043,2025-06-28 20:19:20.872174,completed
ORD_12920,USR_1711,2025-06-29 00:32:50.314062,returned
ORD_12921,USR_1663,2025-06-29 04:46:19.755951,returned
ORD_12922,USR_1597,2025-06-29 08:59:49.197839,cancelled
ORD_12923,USR_1018,2025-06-29 13:13:18.639727,completed
ORD_12924,USR_1100,2025-06-29 17:26:48.081616,completed
ORD_12925,USR_1913,2025-06-29 21:40:17.523504,completed
ORD_12926,USR_1606,2025-06-30 01:53:46.965393,completed
ORD_12927,USR_1765,2025-06-30 06:07:16.407281,completed
ORD_12928,USR_1356,2025-06-30 10:20:45.849169,completed
ORD_12929,USR_1541,2025-06-30 14:34:15.291058,completed
ORD_12930,USR_1760,2025-06-30 18:47:44.732946,completed
ORD_12931,USR_1937,2025-06-30 23:01:14.174834,completed
ORD_12932,USR_1032,2025-07-01 03:14:43.616723,cancelled
ORD_12933,USR_1969,2025-07-01 07:28:13.058611,completed
ORD_12934,USR_1228,2025-07-01 11:41:42.500500,completed
ORD_12935,USR_1523,2025-07-01 15:55:11.942388,completed
ORD_12936,USR_1629,2025-07-01 20:08:41.384276,cancelled
ORD_12937,USR_1861,2025-07-02 00:22:10.826165,completed
ORD_12938,USR_1154,2025-07-02 04:35:40.268053,returned
ORD_12939,USR_1422,2025-07-02 08:49:09.709941,cancelled
ORD_12940,USR_1904,2025-07-02 13:02:39.151830,returned
ORD_12941,USR_1245,2025-07-02 17:16:08.593718,completed
ORD_12942,USR_1404,2025-07-02 21:29:38.035607,completed
ORD_12943,USR_1843,2025-07-03 01:43:07.477495,completed
ORD_12944,USR_1758,2025-07-03 05:56:36.919383,completed
ORD_12945,USR_1540,2025-07-03 10:10:06.361272,completed
ORD_12946,USR_1160,2025-07-03 14:23:35.803160,completed
ORD_12947,USR_1746,2025-07-03 18:37:05.245049,completed
ORD_12948,USR_1701,2025-07-03 22:50:34.686937,completed
ORD_12949,USR_1116,2025-07-04 03:04:04.128825,completed
ORD_12950,USR_1270,2025-07-04 07:17:33.570714,completed
ORD_12951,USR_1769,2025-07-04 11:31:03.012602,completed
ORD_12952,USR_1691,2025-07-04 15:44:32.454490,completed
ORD_12953,USR_1486,2025-07-04 19:58:01.896379,completed
ORD_12954,USR_1884,2025-07-05 00:11:31.338267,returned
ORD_12955,USR_1171,2025-07-05 04:25:00.780156,completed
ORD_12956,USR_1949,2025-07-05 08:38:30.222044,completed
ORD_12957,USR_1273,2025-07-05 12:51:59.663932,completed
ORD_12958,USR_1258,2025-07-05 17:05:29.105821,completed
ORD_12959,USR_1134,2025-07-05 21:18:58.547709,completed
ORD_12960,USR_1682,2025-07-06 01:32:27.989597,completed
ORD_12961,USR_1721,2025-07-06 05:45:57.431486,completed
ORD_12962,USR_1747,2025-07-06 09:59:26.873374,completed
ORD_12963,USR_1421,2025-07-06 14:12:56.315263,completed
ORD_12964,USR_1420,2025-07-06 18:26:25.757151,completed
ORD_12965,USR_1185,2025-07-06 22:39:55.199039,completed
ORD_12966,USR_1928,2025-07-07 02:53:24.640928,completed
ORD_12967,USR_1363,2025-07-07 07:06:54.082816,completed
ORD_12968,USR_1954,2025-07-07 11:20:23.524704,completed
ORD_12969,USR_1606,2025-07-07 15:33:52.966593,completed
ORD_12970,USR_1377,2025-07-07 19:47:22.408481,returned
ORD_12971,USR_1522,2025-07-08 00:00:51.850370,completed
ORD_12972,USR_1579,2025-07-08 04:14:21.292258,completed
ORD_12973,USR_1890,2025-07-08 08:27:50.734146,returned
ORD_12974,USR_1721,2025-07-08 12:41:20.176035,completed
ORD_12975,USR_1195,2025-07-08 16:54:49.617923,completed
ORD_12976,USR_1880,2025-07-08 21:08:19.059811,cancelled
ORD_12977,USR_1097,2025-07-09 01:21:48.501700,returned
ORD_12978,USR_1604,2025-07-09 05:35:17.943588,completed
ORD_12979,USR_1983,2025-07-09 09:48:47.385477,completed
ORD_12980,USR_1021,2025-07-09 14:02:16.827365,returned
ORD_12981,USR_1449,2025-07-09 18:15:46.269253,completed
ORD_12982,USR_1171,2025-07-09 22:29:15.711142,returned
ORD_12983,USR_1382,2025-07-10 02:42:45.153030,completed
ORD_12984,USR_1133,2025-07-10 06:56:14.594918,completed
ORD_12985,USR_1425,2025-07-10 11:09:44.036807,cancelled
ORD_12986,USR_1024,2025-07-10 15:23:13.478695,returned
ORD_12987,USR_1502,2025-07-10 19:36:42.920584,completed
ORD_12988,USR_1184,2025-07-10 23:50:12.362472,completed
ORD_12989,USR_1084,2025-07-11 04:03:41.804360,completed
ORD_12990,USR_1566,2025-07-11 08:17:11.246249,completed
ORD_12991,USR_1762,2025-07-11 12:30:40.688137,completed
ORD_12992,USR_1143,2025-07-11 16:44:10.130026,cancelled
ORD_12993,USR_1862,2025-07-11 20:57:39.571914,returned
ORD_12994,USR_1909,2025-07-12 01:11:09.013802,completed
ORD_12995,USR_1678,2025-07-12 05:24:38.455691,completed
ORD_12996,USR_1411,2025-07-12 09:38:07.897579,completed
ORD_12997,USR_1223,2025-07-12 13:51:37.339467,completed
ORD_12998,USR_1219,2025-07-12 18:05:06.781356,completed
ORD_12999,USR_1178,2025-07-12 22:18:36.223244,completed
ORD_13000,USR_1630,2025-07-13 02:32:05.665133,completed
ORD_13001,USR_1432,2025-07-13 06:45:35.107021,completed
ORD_13002,USR_1264,2025-07-13 10:59:04.548909,completed
ORD_13003,USR_1953,2025-07-13 15:12:33.990798,completed
ORD_13004,USR_1428,2025-07-13 19:26:03.432686,completed
ORD_13005,USR_1661,2025-07-13 23:39:32.874574,completed
ORD_13006,USR_1415,2025-07-14 03:53:02.316463,completed
ORD_13007,USR_1452,2025-07-14 08:06:31.758351,completed
ORD_13008,USR_1726,2025-07-14 12:20:01.200240,completed
ORD_13009,USR_1196,2025-07-14 16:33:30.642128,returned
ORD_13010,USR_1553,2025-07-14 20:47:00.084016,completed
ORD_13011,USR_1052,2025-07-15 01:00:29.525905,completed
ORD_13012,USR_1479,2025-07-15 05:13:58.967793,completed
ORD_13013,USR_1442,2025-07-15 09:27:28.409681,completed
ORD_13014,USR_1329,2025-07-15 13:40:57.851570,completed
ORD_13015,USR_1250,2025-07-15 17:54:27.293458,cancelled
ORD_13016,USR_1806,2025-07-15 22:07:56.735347,completed
ORD_13017,USR_1889,2025-07-16 02:21:26.177235,cancelled
ORD_13018,USR_1782,2025-07-16 06:34:55.619123,completed
ORD_13019,USR_1966,2025-07-16 10:48:25.061012,completed
ORD_13020,USR_1924,2025-07-16 15:01:54.502900,completed
ORD_13021,USR_1122,2025-07-16 19:15:23.944788,completed
ORD_13022,USR_1878,2025-07-16 23:28:53.386677,completed
ORD_13023,USR_1386,2025-07-17 03:42:22.828565,completed
ORD_13024,USR_1338,2025-07-17 07:55:52.270454,completed
ORD_13025,USR_1777,2025-07-17 12:09:21.712342,completed
ORD_13026,USR_1347,2025-07-17 16:22:51.154230,completed
ORD_13027,USR_1028,2025-07-17 20:36:20.596119,returned
ORD_13028,USR_1974,2025-07-18 00:49:50.038007,returned
ORD_13029,USR_1034,2025-07-18 05:03:19.479895,completed
ORD_13030,USR_1517,2025-07-18 09:16:48.921784,returned
ORD_13031,USR_1395,2025-07-18 13:30:18.363672,returned
ORD_13032,USR_1622,2025-07-18 17:43:47.805561,completed
ORD_13033,USR_1293,2025-07-18 21:57:17.247449,completed
ORD_13034,USR_1588,2025-07-19 02:10:46.689337,completed
ORD_13035,USR_1348,2025-07-19 06:24:16.131226,completed
ORD_13036,USR_1146,2025-07-19 10:37:45.573114,completed
ORD_13037,USR_1066,2025-07-19 14:51:15.015003,cancelled
ORD_13038,USR_1903,2025-07-19 19:04:44.456891,completed
ORD_13039,USR_1519,2025-07-19 23:18:13.898779,completed
ORD_13040,USR_1121,2025-07-20 03:31:43.340668,cancelled
ORD_13041,USR_1339,2025-07-20 07:45:12.782556,returned
ORD_13042,USR_1174,2025-07-20 11:58:42.224444,completed
ORD_13043,USR_1899,2025-07-20 16:12:11.666333,completed
ORD_13044,USR_1690,2025-07-20 20:25:41.108221,completed
ORD_13045,USR_1596,2025-07-21 00:39:10.550110,completed
ORD_13046,USR_1450,2025-07-21 04:52:39.991998,completed
ORD_13047,USR_1556,2025-07-21 09:06:09.433886,completed
ORD_13048,USR_1135,2025-07-21 13:19:38.875775,returned
ORD_13049,USR_1854,2025-07-21 17:33:08.317663,completed
ORD_13050,USR_1015,2025-07-21 21:46:37.759551,completed
ORD_13051,USR_1332,2025-07-22 02:00:07.201440,completed
ORD_13052,USR_1194,2025-07-22 06:13:36.643328,completed
ORD_13053,USR_1495,2025-07-22 10:27:06.085217,completed
ORD_13054,USR_1008,2025-07-22 14:40:35.527105,returned
ORD_13055,USR_1827,2025-07-22 18:54:04.968993,completed
ORD_13056,USR_1333,2025-07-22 23:07:34.410882,completed
ORD_13057,USR_1332,2025-07-23 03:21:03.852770,completed
ORD_13058,USR_1326,2025-07-23 07:34:33.294658,completed
ORD_13059,USR_1014,2025-07-23 11:48:02.736547,completed
ORD_13060,USR_1838,2025-07-23 16:01:32.178435,completed
ORD_13061,USR_1613,2025-07-23 20:15:01.620324,completed
ORD_13062,USR_1225,2025-07-24 00:28:31.062212,completed
ORD_13063,USR_1424,2025-07-24 04:42:00.504100,completed
ORD_13064,USR_1789,2025-07-24 08:55:29.945989,completed
ORD_13065,USR_1407,2025-07-24 13:08:59.387877,completed
ORD_13066,USR_1112,2025-07-24 17:22:28.829765,completed
ORD_13067,USR_1996,2025-07-24 21:35:58.271654,completed
ORD_13068,USR_1427,2025-07-25 01:49:27.713542,completed
ORD_13069,USR_1000,2025-07-25 06:02:57.155431,completed
ORD_13070,USR_1265,2025-07-25 10:16:26.597319,completed
ORD_13071,USR_1490,2025-07-25 14:29:56.039207,completed
ORD_13072,USR_1207,2025-07-25 18:43:25.481096,cancelled
ORD_13073,USR_1621,2025-07-25 22:56:54.922984,completed
ORD_13074,USR_1711,2025-07-26 03:10:24.364872,completed
ORD_13075,USR_1951,2025-07-26 07:23:53.806761,completed
ORD_13076,USR_1368,2025-07-26 11:37:23.248649,returned
ORD_13077,USR_1984,2025-07-26 15:50:52.690538,completed
ORD_13078,USR_1305,2025-07-26 20:04:22.132426,completed
ORD_13079,USR_1011,2025-07-27 00:17:51.574314,returned
ORD_13080,USR_1344,2025-07-27 04:31:21.016203,returned
ORD_13081,USR_1464,2025-07-27 08:44:50.458091,completed
ORD_13082,USR_1699,2025-07-27 12:58:19.899980,completed
ORD_13083,USR_1665,2025-07-27 17:11:49.341868,returned
ORD_13084,USR_1493,2025-07-27 21:25:18.783756,completed
ORD_13085,USR_1367,2025-07-28 01:38:48.225645,completed
ORD_13086,USR_1845,2025-07-28 05:52:17.667533,completed
ORD_13087,USR_1936,2025-07-28 10:05:47.109421,completed
ORD_13088,USR_1419,2025-07-28 14:19:16.551310,completed
ORD_13089,USR_1888,2025-07-28 18:32:45.993198,completed
ORD_13090,USR_1790,2025-07-28 22:46:15.435087,cancelled
ORD_13091,USR_1170,2025-07-29 02:59:44.876975,completed
ORD_13092,USR_1133,2025-07-29 07:13:14.318863,completed
ORD_13093,USR_1964,2025-07-29 11:26:43.760752,completed
ORD_13094,USR_1426,2025-07-29 15:40:13.202640,cancelled
ORD_13095,USR_1024,2025-07-29 19:53:42.644528,completed
ORD_13096,USR_1529,2025-07-30 00:07:12.086417,completed
ORD_13097,USR_1189,2025-07-30 04:20:41.528305,completed
ORD_13098,USR_1140,2025-07-30 08:34:10.970194,completed
ORD_13099,USR_1554,2025-07-30 12:47:40.412082,returned
ORD_13100,USR_1845,2025-07-30 17:01:09.853970,completed
ORD_13101,USR_1795,2025-07-30 21:14:39.295859,completed
ORD_13102,USR_1657,2025-07-31 01:28:08.737747,completed
ORD_13103,USR_1314,2025-07-31 05:41:38.179635,completed
ORD_13104,USR_1443,2025-07-31 09:55:07.621524,completed
ORD_13105,USR_1318,2025-07-31 14:08:37.063412,completed
ORD_13106,USR_1440,2025-07-31 18:22:06.505301,completed
ORD_13107,USR_1091,2025-07-31 22:35:35.947189,completed
ORD_13108,USR_1178,2025-08-01 02:49:05.389077,completed
ORD_13109,USR_1055,2025-08-01 07:02:34.830966,completed
ORD_13110,USR_1154,2025-08-01 11:16:04.272854,completed
ORD_13111,USR_1671,2025-08-01 15:29:33.714742,completed
ORD_13112,USR_1110,2025-08-01 19:43:03.156631,completed
ORD_13113,USR_1136,2025-08-01 23:56:32.598519,completed
ORD_13114,USR_1231,2025-08-02 04:10:02.040408,returned
ORD_13115,USR_1991,2025-08-02 08:23:31.482296,completed
ORD_13116,USR_1467,2025-08-02 12:37:00.924184,completed
ORD_13117,USR_1731,2025-08-02 16:50:30.366073,returned
ORD_13118,USR_1480,2025-08-02 21:03:59.807961,cancelled
ORD_13119,USR_1067,2025-08-03 01:17:29.249849,returned
ORD_13120,USR_1813,2025-08-03 05:30:58.691738,completed
ORD_13121,USR_1248,2025-08-03 09:44:28.133626,completed
ORD_13122,USR_1993,2025-08-03 13:57:57.575515,completed
ORD_13123,USR_1322,2025-08-03 18:11:27.017403,completed
ORD_13124,USR_1921,2025-08-03 22:24:56.459291,completed
ORD_13125,USR_1903,2025-08-04 02:38:25.901180,returned
ORD_13126,USR_1517,2025-08-04 06:51:55.343068,completed
ORD_13127,USR_1975,2025-08-04 11:05:24.784956,completed
ORD_13128,USR_1791,2025-08-04 15:18:54.226845,returned
ORD_13129,USR_1431,2025-08-04 19:32:23.668733,completed
ORD_13130,USR_1486,2025-08-04 23:45:53.110622,completed
ORD_13131,USR_1605,2025-08-05 03:59:22.552510,completed
ORD_13132,USR_1428,2025-08-05 08:12:51.994398,completed
ORD_13133,USR_1268,2025-08-05 12:26:21.436287,completed
ORD_13134,USR_1708,2025-08-05 16:39:50.878175,cancelled
ORD_13135,USR_1536,2025-08-05 20:53:20.320064,returned
ORD_13136,USR_1147,2025-08-06 01:06:49.761952,returned
ORD_13137,USR_1117,2025-08-06 05:20:19.203840,completed
ORD_13138,USR_1849,2025-08-06 09:33:48.645729,returned
ORD_13139,USR_1366,2025-08-06 13:47:18.087617,completed
ORD_13140,USR_1849,2025-08-06 18:00:47.529505,completed
ORD_13141,USR_1065,2025-08-06 22:14:16.971394,completed
ORD_13142,USR_1969,2025-08-07 02:27:46.413282,completed
ORD_13143,USR_1812,2025-08-07 06:41:15.855171,completed
ORD_13144,USR_1369,2025-08-07 10:54:45.297059,completed
ORD_13145,USR_1174,2025-08-07 15:08:14.738947,completed
ORD_13146,USR_1830,2025-08-07 19:21:44.180836,completed
ORD_13147,USR_1587,2025-08-07 23:35:13.622724,completed
ORD_13148,USR_1494,2025-08-08 03:48:43.064612,completed
ORD_13149,USR_1972,2025-08-08 08:02:12.506501,completed
ORD_13150,USR_1113,2025-08-08 12:15:41.948389,completed
ORD_13151,USR_1110,2025-08-08 16:29:11.390278,completed
ORD_13152,USR_1760,2025-08-08 20:42:40.832166,completed
ORD_13153,USR_1438,2025-08-09 00:56:10.274054,completed
ORD_13154,USR_1714,2025-08-09 05:09:39.715943,completed
ORD_13155,USR_1146,2025-08-09 09:23:09.157831,cancelled
ORD_13156,USR_1034,2025-08-09 13:36:38.599719,completed
ORD_13157,USR_1998,2025-08-09 17:50:08.041608,completed
ORD_13158,USR_1308,2025-08-09 22:03:37.483496,completed
ORD_13159,USR_1537,2025-08-10 02:17:06.925385,completed
ORD_13160,USR_1749,2025-08-10 06:30:36.367273,completed
ORD_13161,USR_1013,2025-08-10 10:44:05.809161,completed
ORD_13162,USR_1373,2025-08-10 14:57:35.251050,completed
ORD_13163,USR_1556,2025-08-10 19:11:04.692938,cancelled
ORD_13164,USR_1427,2025-08-10 23:24:34.134826,completed
ORD_13165,USR_1727,2025-08-11 03:38:03.576715,completed
ORD_13166,USR_1232,2025-08-11 07:51:33.018603,completed
ORD_13167,USR_1704,2025-08-11 12:05:02.460492,completed
ORD_13168,USR_1562,2025-08-11 16:18:31.902380,returned
ORD_13169,USR_1938,2025-08-11 20:32:01.344268,completed
ORD_13170,USR_1886,2025-08-12 00:45:30.786157,completed
ORD_13171,USR_1725,2025-08-12 04:59:00.228045,completed
ORD_13172,USR_1662,2025-08-12 09:12:29.669933,completed
ORD_13173,USR_1439,2025-08-12 13:25:59.111822,returned
ORD_13174,USR_1501,2025-08-12 17:39:28.553710,completed
ORD_13175,USR_1274,2025-08-12 21:52:57.995599,cancelled
ORD_13176,USR_1849,2025-08-13 02:06:27.437487,cancelled
ORD_13177,USR_1075,2025-08-13 06:19:56.879375,completed
ORD_13178,USR_1438,2025-08-13 10:33:26.321264,completed
ORD_13179,USR_1731,2025-08-13 14:46:55.763152,completed
ORD_13180,USR_1859,2025-08-13 19:00:25.205041,cancelled
ORD_13181,USR_1955,2025-08-13 23:13:54.646929,completed
ORD_13182,USR_1698,2025-08-14 03:27:24.088817,completed
ORD_13183,USR_1288,2025-08-14 07:40:53.530706,completed
ORD_13184,USR_1914,2025-08-14 11:54:22.972594,completed
ORD_13185,USR_1539,2025-08-14 16:07:52.414482,completed
ORD_13186,USR_1890,2025-08-14 20:21:21.856371,completed
ORD_13187,USR_1691,2025-08-15 00:34:51.298259,cancelled
ORD_13188,USR_1252,2025-08-15 04:48:20.740148,completed
ORD_13189,USR_1125,2025-08-15 09:01:50.182036,completed
ORD_13190,USR_1176,2025-08-15 13:15:19.623924,completed
ORD_13191,USR_1036,2025-08-15 17:28:49.065813,completed
ORD_13192,USR_1409,2025-08-15 21:42:18.507701,completed
ORD_13193,USR_1610,2025-08-16 01:55:47.949589,completed
ORD_13194,USR_1609,2025-08-16 06:09:17.391478,completed
ORD_13195,USR_1126,2025-08-16 10:22:46.833366,cancelled
ORD_13196,USR_1482,2025-08-16 14:36:16.275255,completed
ORD_13197,USR_1167,2025-08-16 18:49:45.717143,completed
ORD_13198,USR_1591,2025-08-16 23:03:15.159031,completed
ORD_13199,USR_1293,2025-08-17 03:16:44.600920,completed
ORD_13200,USR_1844,2025-08-17 07:30:14.042808,cancelled
ORD_13201,USR_1637,2025-08-17 11:43:43.484696,completed
ORD_13202,USR_1342,2025-08-17 15:57:12.926585,completed
ORD_13203,USR_1309,2025-08-17 20:10:42.368473,completed
ORD_13204,USR_1661,2025-08-18 00:24:11.810362,completed
ORD_13205,USR_1527,2025-08-18 04:37:41.252250,completed
ORD_13206,USR_1539,2025-08-18 08:51:10.694138,completed
ORD_13207,USR_1418,2025-08-18 13:04:40.136027,completed
ORD_13208,USR_1443,2025-08-18 17:18:09.577915,completed
ORD_13209,USR_1684,2025-08-18 21:31:39.019803,completed
ORD_13210,USR_1557,2025-08-19 01:45:08.461692,completed
ORD_13211,USR_1839,2025-08-19 05:58:37.903580,completed
ORD_13212,USR_1235,2025-08-19 10:12:07.345469,completed
ORD_13213,USR_1438,2025-08-19 14:25:36.787357,completed
ORD_13214,USR_1213,2025-08-19 18:39:06.229245,completed
ORD_13215,USR_1084,2025-08-19 22:52:35.671134,completed
ORD_13216,USR_1793,2025-08-20 03:06:05.113022,completed
ORD_13217,USR_1743,2025-08-20 07:19:34.554910,completed
ORD_13218,USR_1084,2025-08-20 11:33:03.996799,completed
ORD_13219,USR_1920,2025-08-20 15:46:33.438687,completed
ORD_13220,USR_1488,2025-08-20 20:00:02.880576,completed
ORD_13221,USR_1064,2025-08-21 00:13:32.322464,returned
ORD_13222,USR_1645,2025-08-21 04:27:01.764352,completed
ORD_13223,USR_1662,2025-08-21 08:40:31.206241,completed
ORD_13224,USR_1626,2025-08-21 12:54:00.648129,completed
ORD_13225,USR_1063,2025-08-21 17:07:30.090018,completed
ORD_13226,USR_1342,2025-08-21 21:20:59.531906,completed
ORD_13227,USR_1938,2025-08-22 01:34:28.973794,completed
ORD_13228,USR_1874,2025-08-22 05:47:58.415683,returned
ORD_13229,USR_1918,2025-08-22 10:01:27.857571,returned
ORD_13230,USR_1351,2025-08-22 14:14:57.299459,completed
ORD_13231,USR_1157,2025-08-22 18:28:26.741348,completed
ORD_13232,USR_1588,2025-08-22 22:41:56.183236,completed
ORD_13233,USR_1490,2025-08-23 02:55:25.625125,completed
ORD_13234,USR_1657,2025-08-23 07:08:55.067013,completed
ORD_13235,USR_1854,2025-08-23 11:22:24.508901,completed
ORD_13236,USR_1462,2025-08-23 15:35:53.950790,completed
ORD_13237,USR_1224,2025-08-23 19:49:23.392678,completed
ORD_13238,USR_1916,2025-08-24 00:02:52.834566,completed
ORD_13239,USR_1312,2025-08-24 04:16:22.276455,returned
ORD_13240,USR_1614,2025-08-24 08:29:51.718343,completed
ORD_13241,USR_1918,2025-08-24 12:43:21.160232,cancelled
ORD_13242,USR_1858,2025-08-24 16:56:50.602120,completed
ORD_13243,USR_1812,2025-08-24 21:10:20.044008,completed
ORD_13244,USR_1939,2025-08-25 01:23:49.485897,completed
ORD_13245,USR_1465,2025-08-25 05:37:18.927785,completed
ORD_13246,USR_1087,2025-08-25 09:50:48.369673,returned
ORD_13247,USR_1882,2025-08-25 14:04:17.811562,completed
ORD_13248,USR_1302,2025-08-25 18:17:47.253450,cancelled
ORD_13249,USR_1679,2025-08-25 22:31:16.695339,completed
ORD_13250,USR_1434,2025-08-26 02:44:46.137227,returned
ORD_13251,USR_1681,2025-08-26 06:58:15.579115,completed
ORD_13252,USR_1134,2025-08-26 11:11:45.021004,completed
ORD_13253,USR_1049,2025-08-26 15:25:14.462892,completed
ORD_13254,USR_1431,2025-08-26 19:38:43.904780,completed
ORD_13255,USR_1339,2025-08-26 23:52:13.346669,completed
ORD_13256,USR_1346,2025-08-27 04:05:42.788557,completed
ORD_13257,USR_1645,2025-08-27 08:19:12.230446,returned
ORD_13258,USR_1346,2025-08-27 12:32:41.672334,completed
ORD_13259,USR_1648,2025-08-27 16:46:11.114222,cancelled
ORD_13260,USR_1244,2025-08-27 20:59:40.556111,completed
ORD_13261,USR_1108,2025-08-28 01:13:09.997999,completed
ORD_13262,USR_1824,2025-08-28 05:26:39.439887,cancelled
ORD_13263,USR_1798,2025-08-28 09:40:08.881776,completed
ORD_13264,USR_1532,2025-08-28 13:53:38.323664,returned
ORD_13265,USR_1089,2025-08-28 18:07:07.765553,completed
ORD_13266,USR_1295,2025-08-28 22:20:37.207441,completed
ORD_13267,USR_1111,2025-08-29 02:34:06.649329,completed
ORD_13268,USR_1812,2025-08-29 06:47:36.091218,completed
ORD_13269,USR_1588,2025-08-29 11:01:05.533106,completed
ORD_13270,USR_1176,2025-08-29 15:14:34.974995,completed
ORD_13271,USR_1342,2025-08-29 19:28:04.416883,completed
ORD_13272,USR_1659,2025-08-29 23:41:33.858771,returned
ORD_13273,USR_1100,2025-08-30 03:55:03.300660,completed
ORD_13274,USR_1757,2025-08-30 08:08:32.742548,completed
ORD_13275,USR_1628,2025-08-30 12:22:02.184436,completed
ORD_13276,USR_1603,2025-08-30 16:35:31.626325,completed
ORD_13277,USR_1400,2025-08-30 20:49:01.068213,cancelled
ORD_13278,USR_1027,2025-08-31 01:02:30.510102,completed
ORD_13279,USR_1936,2025-08-31 05:15:59.951990,completed
ORD_13280,USR_1961,2025-08-31 09:29:29.393878,completed
ORD_13281,USR_1536,2025-08-31 13:42:58.835767,completed
ORD_13282,USR_1057,2025-08-31 17:56:28.277655,returned
ORD_13283,USR_1497,2025-08-31 22:09:57.719543,completed
ORD_13284,USR_1296,2025-09-01 02:23:27.161432,cancelled
ORD_13285,USR_1133,2025-09-01 06:36:56.603320,completed
ORD_13286,USR_1330,2025-09-01 10:50:26.045209,cancelled
ORD_13287,USR_1248,2025-09-01 15:03:55.487097,completed
ORD_13288,USR_1549,2025-09-01 19:17:24.928985,returned
ORD_13289,USR_1901,2025-09-01 23:30:54.370874,returned
ORD_13290,USR_1940,2025-09-02 03:44:23.812762,cancelled
ORD_13291,USR_1074,2025-09-02 07:57:53.254650,completed
ORD_13292,USR_1653,2025-09-02 12:11:22.696539,completed
ORD_13293,USR_1833,2025-09-02 16:24:52.138427,completed
ORD_13294,USR_1167,2025-09-02 20:38:21.580316,completed
ORD_13295,USR_1770,2025-09-03 00:51:51.022204,completed
ORD_13296,USR_1502,2025-09-03 05:05:20.464092,completed
ORD_13297,USR_1884,2025-09-03 09:18:49.905981,completed
ORD_13298,USR_1354,2025-09-03 13:32:19.347869,completed
ORD_13299,USR_1224,2025-09-03 17:45:48.789757,completed
ORD_13300,USR_1663,2025-09-03 21:59:18.231646,completed
ORD_13301,USR_1530,2025-09-04 02:12:47.673534,completed
ORD_13302,USR_1145,2025-09-04 06:26:17.115423,completed
ORD_13303,USR_1959,2025-09-04 10:39:46.557311,completed
ORD_13304,USR_1240,2025-09-04 14:53:15.999199,completed
ORD_13305,USR_1883,2025-09-04 19:06:45.441088,returned
ORD_13306,USR_1892,2025-09-04 23:20:14.882976,cancelled
ORD_13307,USR_1343,2025-09-05 03:33:44.324864,cancelled
ORD_13308,USR_1748,2025-09-05 07:47:13.766753,returned
ORD_13309,USR_1034,2025-09-05 12:00:43.208641,completed
ORD_13310,USR_1701,2025-09-05 16:14:12.650530,completed
ORD_13311,USR_1000,2025-09-05 20:27:42.092418,completed
ORD_13312,USR_1995,2025-09-06 00:41:11.534306,completed
ORD_13313,USR_1152,2025-09-06 04:54:40.976195,completed
ORD_13314,USR_1428,2025-09-06 09:08:10.418083,completed
ORD_13315,USR_1944,2025-09-06 13:21:39.859971,completed
ORD_13316,USR_1507,2025-09-06 17:35:09.301860,completed
ORD_13317,USR_1125,2025-09-06 21:48:38.743748,completed
ORD_13318,USR_1490,2025-09-07 02:02:08.185637,completed
ORD_13319,USR_1481,2025-09-07 06:15:37.627525,completed
ORD_13320,USR_1344,2025-09-07 10:29:07.069413,completed
ORD_13321,USR_1911,2025-09-07 14:42:36.511302,completed
ORD_13322,USR_1737,2025-09-07 18:56:05.953190,completed
ORD_13323,USR_1220,2025-09-07 23:09:35.395079,returned
ORD_13324,USR_1914,2025-09-08 03:23:04.836967,completed
ORD_13325,USR_1918,2025-09-08 07:36:34.278855,completed
ORD_13326,USR_1722,2025-09-08 11:50:03.720744,completed
ORD_13327,USR_1024,2025-09-08 16:03:33.162632,completed
ORD_13328,USR_1527,2025-09-08 20:17:02.604520,completed
ORD_13329,USR_1181,2025-09-09 00:30:32.046409,completed
ORD_13330,USR_1498,2025-09-09 04:44:01.488297,completed
ORD_13331,USR_1840,2025-09-09 08:57:30.930186,returned
ORD_13332,USR_1640,2025-09-09 13:11:00.372074,returned
ORD_13333,USR_1041,2025-09-09 17:24:29.813962,completed
ORD_13334,USR_1914,2025-09-09 21:37:59.255851,completed
ORD_13335,USR_1480,2025-09-10 01:51:28.697739,completed
ORD_13336,USR_1929,2025-09-10 06:04:58.139627,completed
ORD_13337,USR_1847,2025-09-10 10:18:27.581516,completed
ORD_13338,USR_1747,2025-09-10 14:31:57.023404,returned
ORD_13339,USR_1871,2025-09-10 18:45:26.465293,completed
ORD_13340,USR_1438,2025-09-10 22:58:55.907181,returned
ORD_13341,USR_1401,2025-09-11 03:12:25.349069,completed
ORD_13342,USR_1545,2025-09-11 07:25:54.790958,completed
ORD_13343,USR_1344,2025-09-11 11:39:24.232846,completed
ORD_13344,USR_1892,2025-09-11 15:52:53.674734,returned
ORD_13345,USR_1044,2025-09-11 20:06:23.116623,returned
ORD_13346,USR_1645,2025-09-12 00:19:52.558511,completed
ORD_13347,USR_1020,2025-09-12 04:33:22.000400,completed
ORD_13348,USR_1633,2025-09-12 08:46:51.442288,completed
ORD_13349,USR_1069,2025-09-12 13:00:20.884176,cancelled
ORD_13350,USR_1863,2025-09-12 17:13:50.326065,returned
ORD_13351,USR_1872,2025-09-12 21:27:19.767953,completed
ORD_13352,USR_1047,2025-09-13 01:40:49.209841,completed
ORD_13353,USR_1490,2025-09-13 05:54:18.651730,completed
ORD_13354,USR_1550,2025-09-13 10:07:48.093618,completed
ORD_13355,USR_1286,2025-09-13 14:21:17.535507,completed
ORD_13356,USR_1009,2025-09-13 18:34:46.977395,completed
ORD_13357,USR_1541,2025-09-13 22:48:16.419283,completed
ORD_13358,USR_1755,2025-09-14 03:01:45.861172,completed
ORD_13359,USR_1273,2025-09-14 07:15:15.303060,cancelled
ORD_13360,USR_1955,2025-09-14 11:28:44.744948,completed
ORD_13361,USR_1599,2025-09-14 15:42:14.186837,completed
ORD_13362,USR_1755,2025-09-14 19:55:43.628725,completed
ORD_13363,USR_1380,2025-09-15 00:09:13.070614,completed
ORD_13364,USR_1328,2025-09-15 04:22:42.512502,completed
ORD_13365,USR_1478,2025-09-15 08:36:11.954390,completed
ORD_13366,USR_1014,2025-09-15 12:49:41.396279,completed
ORD_13367,USR_1515,2025-09-15 17:03:10.838167,completed
ORD_13368,USR_1190,2025-09-15 21:16:40.280056,completed
ORD_13369,USR_1167,2025-09-16 01:30:09.721944,completed
ORD_13370,USR_1520,2025-09-16 05:43:39.163832,completed
ORD_13371,USR_1620,2025-09-16 09:57:08.605721,completed
ORD_13372,USR_1136,2025-09-16 14:10:38.047609,completed
ORD_13373,USR_1153,2025-09-16 18:24:07.489497,completed
ORD_13374,USR_1387,2025-09-16 22:37:36.931386,returned
ORD_13375,USR_1208,2025-09-17 02:51:06.373274,completed
ORD_13376,USR_1271,2025-09-17 07:04:35.815163,completed
ORD_13377,USR_1142,2025-09-17 11:18:05.257051,completed
ORD_13378,USR_1610,2025-09-17 15:31:34.698939,completed
ORD_13379,USR_1888,2025-09-17 19:45:04.140828,returned
ORD_13380,USR_1819,2025-09-17 23:58:33.582716,completed
ORD_13381,USR_1068,2025-09-18 04:12:03.024604,completed
ORD_13382,USR_1246,2025-09-18 08:25:32.466493,completed
ORD_13383,USR_1260,2025-09-18 12:39:01.908381,completed
ORD_13384,USR_1787,2025-09-18 16:52:31.350270,completed
ORD_13385,USR_1078,2025-09-18 21:06:00.792158,completed
ORD_13386,USR_1657,2025-09-19 01:19:30.234046,completed
ORD_13387,USR_1622,2025-09-19 05:32:59.675935,completed
ORD_13388,USR_1769,2025-09-19 09:46:29.117823,completed
ORD_13389,USR_1604,2025-09-19 13:59:58.559711,completed
ORD_13390,USR_1524,2025-09-19 18:13:28.001600,completed
ORD_13391,USR_1771,2025-09-19 22:26:57.443488,completed
ORD_13392,USR_1937,2025-09-20 02:40:26.885377,completed
ORD_13393,USR_1620,2025-09-20 06:53:56.327265,completed
ORD_13394,USR_1329,2025-09-20 11:07:25.769153,completed
ORD_13395,USR_1188,2025-09-20 15:20:55.211042,returned
ORD_13396,USR_1094,2025-09-20 19:34:24.652930,returned
ORD_13397,USR_1616,2025-09-20 23:47:54.094818,completed
ORD_13398,USR_1007,2025-09-21 04:01:23.536707,completed
ORD_13399,USR_1066,2025-09-21 08:14:52.978595,completed
ORD_13400,USR_1495,2025-09-21 12:28:22.420484,completed
ORD_13401,USR_1190,2025-09-21 16:41:51.862372,completed
ORD_13402,USR_1365,2025-09-21 20:55:21.304260,completed
ORD_13403,USR_1767,2025-09-22 01:08:50.746149,completed
ORD_13404,USR_1520,2025-09-22 05:22:20.188037,completed
ORD_13405,USR_1989,2025-09-22 09:35:49.629925,completed
ORD_13406,USR_1116,2025-09-22 13:49:19.071814,completed
ORD_13407,USR_1266,2025-09-22 18:02:48.513702,completed
ORD_13408,USR_1610,2025-09-22 22:16:17.955591,completed
ORD_13409,USR_1484,2025-09-23 02:29:47.397479,completed
ORD_13410,USR_1508,2025-09-23 06:43:16.839367,completed
ORD_13411,USR_1297,2025-09-23 10:56:46.281256,completed
ORD_13412,USR_1908,2025-09-23 15:10:15.723144,completed
ORD_13413,USR_1163,2025-09-23 19:23:45.165033,completed
ORD_13414,USR_1375,2025-09-23 23:37:14.606921,completed
ORD_13415,USR_1652,2025-09-24 03:50:44.048809,completed
ORD_13416,USR_1267,2025-09-24 08:04:13.490698,cancelled
ORD_13417,USR_1548,2025-09-24 12:17:42.932586,completed
ORD_13418,USR_1073,2025-09-24 16:31:12.374474,completed
ORD_13419,USR_1507,2025-09-24 20:44:41.816363,completed
ORD_13420,USR_1072,2025-09-25 00:58:11.258251,completed
ORD_13421,USR_1307,2025-09-25 05:11:40.700140,completed
ORD_13422,USR_1198,2025-09-25 09:25:10.142028,completed
ORD_13423,USR_1129,2025-09-25 13:38:39.583916,completed
ORD_13424,USR_1757,2025-09-25 17:52:09.025805,completed
ORD_13425,USR_1823,2025-09-25 22:05:38.467693,completed
ORD_13426,USR_1571,2025-09-26 02:19:07.909581,completed
ORD_13427,USR_1790,2025-09-26 06:32:37.351470,completed
ORD_13428,USR_1614,2025-09-26 10:46:06.793358,completed
ORD_13429,USR_1807,2025-09-26 14:59:36.235247,completed
ORD_13430,USR_1831,2025-09-26 19:13:05.677135,completed
ORD_13431,USR_1486,2025-09-26 23:26:35.119023,completed
ORD_13432,USR_1852,2025-09-27 03:40:04.560912,completed
ORD_13433,USR_1150,2025-09-27 07:53:34.002800,completed
ORD_13434,USR_1668,2025-09-27 12:07:03.444688,completed
ORD_13435,USR_1205,2025-09-27 16:20:32.886577,completed
ORD_13436,USR_1985,2025-09-27 20:34:02.328465,completed
ORD_13437,USR_1178,2025-09-28 00:47:31.770354,completed
ORD_13438,USR_1196,2025-09-28 05:01:01.212242,completed
ORD_13439,USR_1734,2025-09-28 09:14:30.654130,completed
ORD_13440,USR_1088,2025-09-28 13:28:00.096019,completed
ORD_13441,USR_1798,2025-09-28 17:41:29.537907,completed
ORD_13442,USR_1433,2025-09-28 21:54:58.979795,completed
ORD_13443,USR_1787,2025-09-29 02:08:28.421684,completed
ORD_13444,USR_1747,2025-09-29 06:21:57.863572,completed
ORD_13445,USR_1182,2025-09-29 10:35:27.305461,completed
ORD_13446,USR_1208,2025-09-29 14:48:56.747349,completed
ORD_13447,USR_1492,2025-09-29 19:02:26.189237,completed
ORD_13448,USR_1129,2025-09-29 23:15:55.631126,cancelled
ORD_13449,USR_1664,2025-09-30 03:29:25.073014,completed
ORD_13450,USR_1012,2025-09-30 07:42:54.514902,completed
ORD_13451,USR_1633,2025-09-30 11:56:23.956791,completed
ORD_13452,USR_1870,2025-09-30 16:09:53.398679,completed
ORD_13453,USR_1731,2025-09-30 20:23:22.840568,completed
ORD_13454,USR_1105,2025-10-01 00:36:52.282456,returned
ORD_13455,USR_1374,2025-10-01 04:50:21.724344,completed
ORD_13456,USR_1581,2025-10-01 09:03:51.166233,completed
ORD_13457,USR_1706,2025-10-01 13:17:20.608121,completed
ORD_13458,USR_1697,2025-10-01 17:30:50.050010,completed
ORD_13459,USR_1098,2025-10-01 21:44:19.491898,completed
ORD_13460,USR_1593,2025-10-02 01:57:48.933786,completed
ORD_13461,USR_1586,2025-10-02 06:11:18.375675,completed
ORD_13462,USR_1885,2025-10-02 10:24:47.817563,completed
ORD_13463,USR_1851,2025-10-02 14:38:17.259451,completed
ORD_13464,USR_1191,2025-10-02 18:51:46.701340,completed
ORD_13465,USR_1324,2025-10-02 23:05:16.143228,completed
ORD_13466,USR_1978,2025-10-03 03:18:45.585117,completed
ORD_13467,USR_1725,2025-10-03 07:32:15.027005,completed
ORD_13468,USR_1826,2025-10-03 11:45:44.468893,completed
ORD_13469,USR_1955,2025-10-03 15:59:13.910782,completed
ORD_13470,USR_1466,2025-10-03 20:12:43.352670,completed
ORD_13471,USR_1893,2025-10-04 00:26:12.794558,completed
ORD_13472,USR_1366,2025-10-04 04:39:42.236447,completed
ORD_13473,USR_1317,2025-10-04 08:53:11.678335,cancelled
ORD_13474,USR_1143,2025-10-04 13:06:41.120224,completed
ORD_13475,USR_1383,2025-10-04 17:20:10.562112,completed
ORD_13476,USR_1215,2025-10-04 21:33:40.004000,completed
ORD_13477,USR_1360,2025-10-05 01:47:09.445889,completed
ORD_13478,USR_1323,2025-10-05 06:00:38.887777,completed
ORD_13479,USR_1014,2025-10-05 10:14:08.329665,returned
ORD_13480,USR_1216,2025-10-05 14:27:37.771554,completed
ORD_13481,USR_1491,2025-10-05 18:41:07.213442,cancelled
ORD_13482,USR_1950,2025-10-05 22:54:36.655331,completed
ORD_13483,USR_1546,2025-10-06 03:08:06.097219,completed
ORD_13484,USR_1182,2025-10-06 07:21:35.539107,completed
ORD_13485,USR_1269,2025-10-06 11:35:04.980996,completed
ORD_13486,USR_1944,2025-10-06 15:48:34.422884,completed
ORD_13487,USR_1466,2025-10-06 20:02:03.864772,returned
ORD_13488,USR_1869,2025-10-07 00:15:33.306661,completed
ORD_13489,USR_1611,2025-10-07 04:29:02.748549,returned
ORD_13490,USR_1518,2025-10-07 08:42:32.190438,completed
ORD_13491,USR_1541,2025-10-07 12:56:01.632326,returned
ORD_13492,USR_1466,2025-10-07 17:09:31.074214,completed
ORD_13493,USR_1304,2025-10-07 21:23:00.516103,completed
ORD_13494,USR_1984,2025-10-08 01:36:29.957991,completed
ORD_13495,USR_1143,2025-10-08 05:49:59.399879,completed
ORD_13496,USR_1110,2025-10-08 10:03:28.841768,completed
ORD_13497,USR_1231,2025-10-08 14:16:58.283656,completed
ORD_13498,USR_1690,2025-10-08 18:30:27.725545,completed
ORD_13499,USR_1583,2025-10-08 22:43:57.167433,returned
ORD_13500,USR_1721,2025-10-09 02:57:26.609321,completed
ORD_13501,USR_1731,2025-10-09 07:10:56.051210,completed
ORD_13502,USR_1591,2025-10-09 11:24:25.493098,completed
ORD_13503,USR_1499,2025-10-09 15:37:54.934987,returned
ORD_13504,USR_1594,2025-10-09 19:51:24.376875,completed
ORD_13505,USR_1553,2025-10-10 00:04:53.818763,completed
ORD_13506,USR_1272,2025-10-10 04:18:23.260652,returned
ORD_13507,USR_1702,2025-10-10 08:31:52.702540,returned
ORD_13508,USR_1172,2025-10-10 12:45:22.144428,returned
ORD_13509,USR_1972,2025-10-10 16:58:51.586317,completed
ORD_13510,USR_1006,2025-10-10 21:12:21.028205,completed
ORD_13511,USR_1154,2025-10-11 01:25:50.470094,completed
ORD_13512,USR_1521,2025-10-11 05:39:19.911982,completed
ORD_13513,USR_1545,2025-10-11 09:52:49.353870,completed
ORD_13514,USR_1547,2025-10-11 14:06:18.795759,completed
ORD_13515,USR_1920,2025-10-11 18:19:48.237647,completed
ORD_13516,USR_1517,2025-10-11 22:33:17.679535,completed
ORD_13517,USR_1919,2025-10-12 02:46:47.121424,completed
ORD_13518,USR_1913,2025-10-12 07:00:16.563312,returned
ORD_13519,USR_1214,2025-10-12 11:13:46.005201,completed
ORD_13520,USR_1133,2025-10-12 15:27:15.447089,completed
ORD_13521,USR_1284,2025-10-12 19:40:44.888977,completed
ORD_13522,USR_1125,2025-10-12 23:54:14.330866,completed
ORD_13523,USR_1920,2025-10-13 04:07:43.772754,cancelled
ORD_13524,USR_1438,2025-10-13 08:21:13.214642,completed
ORD_13525,USR_1848,2025-10-13 12:34:42.656531,completed
ORD_13526,USR_1685,2025-10-13 16:48:12.098419,completed
ORD_13527,USR_1151,2025-10-13 21:01:41.540308,completed
ORD_13528,USR_1330,2025-10-14 01:15:10.982196,completed
ORD_13529,USR_1537,2025-10-14 05:28:40.424084,completed
ORD_13530,USR_1382,2025-10-14 09:42:09.865973,completed
ORD_13531,USR_1114,2025-10-14 13:55:39.307861,returned
ORD_13532,USR_1893,2025-10-14 18:09:08.749749,completed
ORD_13533,USR_1481,2025-10-14 22:22:38.191638,completed
ORD_13534,USR_1283,2025-10-15 02:36:07.633526,completed
ORD_13535,USR_1898,2025-10-15 06:49:37.075415,completed
ORD_13536,USR_1074,2025-10-15 11:03:06.517303,completed
ORD_13537,USR_1165,2025-10-15 15:16:35.959191,completed
ORD_13538,USR_1188,2025-10-15 19:30:05.401080,completed
ORD_13539,USR_1077,2025-10-15 23:43:34.842968,completed
ORD_13540,USR_1946,2025-10-16 03:57:04.284856,returned
ORD_13541,USR_1601,2025-10-16 08:10:33.726745,completed
ORD_13542,USR_1687,2025-10-16 12:24:03.168633,cancelled
ORD_13543,USR_1020,2025-10-16 16:37:32.610522,completed
ORD_13544,USR_1565,2025-10-16 20:51:02.052410,completed
ORD_13545,USR_1183,2025-10-17 01:04:31.494298,completed
ORD_13546,USR_1870,2025-10-17 05:18:00.936187,returned
ORD_13547,USR_1221,2025-10-17 09:31:30.378075,returned
ORD_13548,USR_1826,2025-10-17 13:44:59.819963,completed
ORD_13549,USR_1327,2025-10-17 17:58:29.261852,completed
ORD_13550,USR_1178,2025-10-17 22:11:58.703740,completed
ORD_13551,USR_1787,2025-10-18 02:25:28.145629,completed
ORD_13552,USR_1111,2025-10-18 06:38:57.587517,completed
ORD_13553,USR_1735,2025-10-18 10:52:27.029405,returned
ORD_13554,USR_1725,2025-10-18 15:05:56.471294,completed
ORD_13555,USR_1058,2025-10-18 19:19:25.913182,completed
ORD_13556,USR_1326,2025-10-18 23:32:55.355071,completed
ORD_13557,USR_1904,2025-10-19 03:46:24.796959,completed
ORD_13558,USR_1620,2025-10-19 07:59:54.238847,completed
ORD_13559,USR_1896,2025-10-19 12:13:23.680736,completed
ORD_13560,USR_1668,2025-10-19 16:26:53.122624,completed
ORD_13561,USR_1190,2025-10-19 20:40:22.564512,completed
ORD_13562,USR_1199,2025-10-20 00:53:52.006401,completed
ORD_13563,USR_1311,2025-10-20 05:07:21.448289,completed
ORD_13564,USR_1707,2025-10-20 09:20:50.890178,completed
ORD_13565,USR_1034,2025-10-20 13:34:20.332066,completed
ORD_13566,USR_1378,2025-10-20 17:47:49.773954,cancelled
ORD_13567,USR_1386,2025-10-20 22:01:19.215843,completed
ORD_13568,USR_1757,2025-10-21 02:14:48.657731,completed
ORD_13569,USR_1236,2025-10-21 06:28:18.099619,completed
ORD_13570,USR_1615,2025-10-21 10:41:47.541508,completed
ORD_13571,USR_1518,2025-10-21 14:55:16.983396,completed
ORD_13572,USR_1282,2025-10-21 19:08:46.425285,returned
ORD_13573,USR_1000,2025-10-21 23:22:15.867173,cancelled
ORD_13574,USR_1730,2025-10-22 03:35:45.309061,completed
ORD_13575,USR_1463,2025-10-22 07:49:14.750950,completed
ORD_13576,USR_1229,2025-10-22 12:02:44.192838,completed
ORD_13577,USR_1966,2025-10-22 16:16:13.634726,completed
ORD_13578,USR_1171,2025-10-22 20:29:43.076615,completed
ORD_13579,USR_1086,2025-10-23 00:43:12.518503,completed
ORD_13580,USR_1552,2025-10-23 04:56:41.960392,returned
ORD_13581,USR_1122,2025-10-23 09:10:11.402280,completed
ORD_13582,USR_1842,2025-10-23 13:23:40.844168,completed
ORD_13583,USR_1297,2025-10-23 17:37:10.286057,completed
ORD_13584,USR_1884,2025-10-23 21:50:39.727945,completed
ORD_13585,USR_1928,2025-10-24 02:04:09.169833,completed
ORD_13586,USR_1689,2025-10-24 06:17:38.611722,completed
ORD_13587,USR_1574,2025-10-24 10:31:08.053610,completed
ORD_13588,USR_1483,2025-10-24 14:44:37.495499,completed
ORD_13589,USR_1164,2025-10-24 18:58:06.937387,cancelled
ORD_13590,USR_1698,2025-10-24 23:11:36.379275,completed
ORD_13591,USR_1382,2025-10-25 03:25:05.821164,completed
ORD_13592,USR_1208,2025-10-25 07:38:35.263052,completed
ORD_13593,USR_1738,2025-10-25 11:52:04.704940,completed
ORD_13594,USR_1431,2025-10-25 16:05:34.146829,completed
ORD_13595,USR_1388,2025-10-25 20:19:03.588717,completed
ORD_13596,USR_1559,2025-10-26 00:32:33.030606,completed
ORD_13597,USR_1223,2025-10-26 04:46:02.472494,completed
ORD_13598,USR_1002,2025-10-26 08:59:31.914382,completed
ORD_13599,USR_1371,2025-10-26 13:13:01.356271,completed
ORD_13600,USR_1686,2025-10-26 17:26:30.798159,completed
ORD_13601,USR_1445,2025-10-26 21:40:00.240048,completed
ORD_13602,USR_1610,2025-10-27 01:53:29.681936,completed
ORD_13603,USR_1115,2025-10-27 06:06:59.123824,completed
ORD_13604,USR_1269,2025-10-27 10:20:28.565713,completed
ORD_13605,USR_1446,2025-10-27 14:33:58.007601,completed
ORD_13606,USR_1367,2025-10-27 18:47:27.449489,completed
ORD_13607,USR_1252,2025-10-27 23:00:56.891378,completed
ORD_13608,USR_1316,2025-10-28 03:14:26.333266,completed
ORD_13609,USR_1414,2025-10-28 07:27:55.775155,completed
ORD_13610,USR_1094,2025-10-28 11:41:25.217043,completed
ORD_13611,USR_1784,2025-10-28 15:54:54.658931,completed
ORD_13612,USR_1891,2025-10-28 20:08:24.100820,returned
ORD_13613,USR_1023,2025-10-29 00:21:53.542708,completed
ORD_13614,USR_1627,2025-10-29 04:35:22.984596,completed
ORD_13615,USR_1662,2025-10-29 08:48:52.426485,completed
ORD_13616,USR_1849,2025-10-29 13:02:21.868373,completed
ORD_13617,USR_1049,2025-10-29 17:15:51.310262,completed
ORD_13618,USR_1501,2025-10-29 21:29:20.752150,completed
ORD_13619,USR_1717,2025-10-30 01:42:50.194038,completed
ORD_13620,USR_1497,2025-10-30 05:56:19.635927,completed
ORD_13621,USR_1334,2025-10-30 10:09:49.077815,cancelled
ORD_13622,USR_1078,2025-10-30 14:23:18.519703,completed
ORD_13623,USR_1581,2025-10-30 18:36:47.961592,completed
ORD_13624,USR_1026,2025-10-30 22:50:17.403480,completed
ORD_13625,USR_1270,2025-10-31 03:03:46.845369,completed
ORD_13626,USR_1561,2025-10-31 07:17:16.287257,completed
ORD_13627,USR_1803,2025-10-31 11:30:45.729145,completed
ORD_13628,USR_1246,2025-10-31 15:44:15.171034,completed
ORD_13629,USR_1775,2025-10-31 19:57:44.612922,returned
ORD_13630,USR_1590,2025-11-01 00:11:14.054810,completed
ORD_13631,USR_1386,2025-11-01 04:24:43.496699,completed
ORD_13632,USR_1701,2025-11-01 08:38:12.938587,completed
ORD_13633,USR_1558,2025-11-01 12:51:42.380476,completed
ORD_13634,USR_1972,2025-11-01 17:05:11.822364,completed
ORD_13635,USR_1360,2025-11-01 21:18:41.264252,completed
ORD_13636,USR_1865,2025-11-02 01:32:10.706141,returned
ORD_13637,USR_1983,2025-11-02 05:45:40.148029,completed
ORD_13638,USR_1487,2025-11-02 09:59:09.589917,completed
ORD_13639,USR_1351,2025-11-02 14:12:39.031806,returned
ORD_13640,USR_1700,2025-11-02 18:26:08.473694,completed
ORD_13641,USR_1927,2025-11-02 22:39:37.915583,completed
ORD_13642,USR_1255,2025-11-03 02:53:07.357471,completed
ORD_13643,USR_1221,2025-11-03 07:06:36.799359,completed
ORD_13644,USR_1883,2025-11-03 11:20:06.241248,completed
ORD_13645,USR_1752,2025-11-03 15:33:35.683136,completed
ORD_13646,USR_1780,2025-11-03 19:47:05.125025,completed
ORD_13647,USR_1000,2025-11-04 00:00:34.566913,completed
ORD_13648,USR_1545,2025-11-04 04:14:04.008801,completed
ORD_13649,USR_1445,2025-11-04 08:27:33.450690,completed
ORD_13650,USR_1078,2025-11-04 12:41:02.892578,returned
ORD_13651,USR_1235,2025-11-04 16:54:32.334466,completed
ORD_13652,USR_1333,2025-11-04 21:08:01.776355,completed
ORD_13653,USR_1888,2025-11-05 01:21:31.218243,completed
ORD_13654,USR_1348,2025-11-05 05:35:00.660132,completed
ORD_13655,USR_1097,2025-11-05 09:48:30.102020,completed
ORD_13656,USR_1081,2025-11-05 14:01:59.543908,completed
ORD_13657,USR_1501,2025-11-05 18:15:28.985797,completed
ORD_13658,USR_1966,2025-11-05 22:28:58.427685,completed
ORD_13659,USR_1476,2025-11-06 02:42:27.869573,completed
ORD_13660,USR_1926,2025-11-06 06:55:57.311462,completed
ORD_13661,USR_1703,2025-11-06 11:09:26.753350,completed
ORD_13662,USR_1764,2025-11-06 15:22:56.195239,completed
ORD_13663,USR_1920,2025-11-06 19:36:25.637127,completed
ORD_13664,USR_1549,2025-11-06 23:49:55.079015,completed
ORD_13665,USR_1013,2025-11-07 04:03:24.520904,cancelled
ORD_13666,USR_1391,2025-11-07 08:16:53.962792,completed
ORD_13667,USR_1346,2025-11-07 12:30:23.404680,completed
ORD_13668,USR_1309,2025-11-07 16:43:52.846569,completed
ORD_13669,USR_1385,2025-11-07 20:57:22.288457,completed
ORD_13670,USR_1208,2025-11-08 01:10:51.730346,completed
ORD_13671,USR_1356,2025-11-08 05:24:21.172234,completed
ORD_13672,USR_1973,2025-11-08 09:37:50.614122,completed
ORD_13673,USR_1600,2025-11-08 13:51:20.056011,completed
ORD_13674,USR_1567,2025-11-08 18:04:49.497899,cancelled
ORD_13675,USR_1093,2025-11-08 22:18:18.939787,returned
ORD_13676,USR_1092,2025-11-09 02:31:48.381676,completed
ORD_13677,USR_1339,2025-11-09 06:45:17.823564,completed
ORD_13678,USR_1596,2025-11-09 10:58:47.265453,returned
ORD_13679,USR_1444,2025-11-09 15:12:16.707341,cancelled
ORD_13680,USR_1756,2025-11-09 19:25:46.149229,completed
ORD_13681,USR_1021,2025-11-09 23:39:15.591118,completed
ORD_13682,USR_1290,2025-11-10 03:52:45.033006,cancelled
ORD_13683,USR_1484,2025-11-10 08:06:14.474894,completed
ORD_13684,USR_1783,2025-11-10 12:19:43.916783,completed
ORD_13685,USR_1305,2025-11-10 16:33:13.358671,completed
ORD_13686,USR_1633,2025-11-10 20:46:42.800560,cancelled
ORD_13687,USR_1127,2025-11-11 01:00:12.242448,completed
ORD_13688,USR_1624,2025-11-11 05:13:41.684336,completed
ORD_13689,USR_1938,2025-11-11 09:27:11.126225,completed
ORD_13690,USR_1272,2025-11-11 13:40:40.568113,completed
ORD_13691,USR_1847,2025-11-11 17:54:10.010002,returned
ORD_13692,USR_1441,2025-11-11 22:07:39.451890,completed
ORD_13693,USR_1502,2025-11-12 02:21:08.893778,returned
ORD_13694,USR_1129,2025-11-12 06:34:38.335667,completed
ORD_13695,USR_1131,2025-11-12 10:48:07.777555,returned
ORD_13696,USR_1596,2025-11-12 15:01:37.219443,completed
ORD_13697,USR_1934,2025-11-12 19:15:06.661332,completed
ORD_13698,USR_1481,2025-11-12 23:28:36.103220,completed
ORD_13699,USR_1861,2025-11-13 03:42:05.545109,completed
ORD_13700,USR_1389,2025-11-13 07:55:34.986997,returned
ORD_13701,USR_1592,2025-11-13 12:09:04.428885,completed
ORD_13702,USR_1998,2025-11-13 16:22:33.870774,completed
ORD_13703,USR_1984,2025-11-13 20:36:03.312662,completed
ORD_13704,USR_1324,2025-11-14 00:49:32.754550,returned
ORD_13705,USR_1068,2025-11-14 05:03:02.196439,completed
ORD_13706,USR_1659,2025-11-14 09:16:31.638327,completed
ORD_13707,USR_1447,2025-11-14 13:30:01.080216,completed
ORD_13708,USR_1527,2025-11-14 17:43:30.522104,completed
ORD_13709,USR_1818,2025-11-14 21:56:59.963992,completed
ORD_13710,USR_1616,2025-11-15 02:10:29.405881,completed
ORD_13711,USR_1164,2025-11-15 06:23:58.847769,completed
ORD_13712,USR_1487,2025-11-15 10:37:28.289657,returned
ORD_13713,USR_1712,2025-11-15 14:50:57.731546,completed
ORD_13714,USR_1708,2025-11-15 19:04:27.173434,completed
ORD_13715,USR_1425,2025-11-15 23:17:56.615323,completed
ORD_13716,USR_1696,2025-11-16 03:31:26.057211,completed
ORD_13717,USR_1833,2025-11-16 07:44:55.499099,completed
ORD_13718,USR_1264,2025-11-16 11:58:24.940988,completed
ORD_13719,USR_1874,2025-11-16 16:11:54.382876,returned
ORD_13720,USR_1611,2025-11-16 20:25:23.824764,completed
ORD_13721,USR_1341,2025-11-17 00:38:53.266653,completed
ORD_13722,USR_1831,2025-11-17 04:52:22.708541,returned
ORD_13723,USR_1725,2025-11-17 09:05:52.150430,completed
ORD_13724,USR_1277,2025-11-17 13:19:21.592318,completed
ORD_13725,USR_1673,2025-11-17 17:32:51.034206,completed
ORD_13726,USR_1438,2025-11-17 21:46:20.476095,completed
ORD_13727,USR_1156,2025-11-18 01:59:49.917983,completed
ORD_13728,USR_1421,2025-11-18 06:13:19.359871,completed
ORD_13729,USR_1250,2025-11-18 10:26:48.801760,completed
ORD_13730,USR_1877,2025-11-18 14:40:18.243648,completed
ORD_13731,USR_1608,2025-11-18 18:53:47.685537,returned
ORD_13732,USR_1529,2025-11-18 23:07:17.127425,completed
ORD_13733,USR_1326,2025-11-19 03:20:46.569313,completed
ORD_13734,USR_1960,2025-11-19 07:34:16.011202,completed
ORD_13735,USR_1894,2025-11-19 11:47:45.453090,completed
ORD_13736,USR_1096,2025-11-19 16:01:14.894979,completed
ORD_13737,USR_1512,2025-11-19 20:14:44.336867,completed
ORD_13738,USR_1215,2025-11-20 00:28:13.778755,completed
ORD_13739,USR_1131,2025-11-20 04:41:43.220644,completed
ORD_13740,USR_1259,2025-11-20 08:55:12.662532,completed
ORD_13741,USR_1124,2025-11-20 13:08:42.104420,completed
ORD_13742,USR_1081,2025-11-20 17:22:11.546309,completed
ORD_13743,USR_1282,2025-11-20 21:35:40.988197,completed
ORD_13744,USR_1682,2025-11-21 01:49:10.430086,completed
ORD_13745,USR_1058,2025-11-21 06:02:39.871974,completed
ORD_13746,USR_1543,2025-11-21 10:16:09.313862,completed
ORD_13747,USR_1160,2025-11-21 14:29:38.755751,completed
ORD_13748,USR_1283,2025-11-21 18:43:08.197639,returned
ORD_13749,USR_1105,2025-11-21 22:56:37.639527,cancelled
ORD_13750,USR_1104,2025-11-22 03:10:07.081416,returned
ORD_13751,USR_1438,2025-11-22 07:23:36.523304,completed
ORD_13752,USR_1227,2025-11-22 11:37:05.965193,completed
ORD_13753,USR_1699,2025-11-22 15:50:35.407081,completed
ORD_13754,USR_1581,2025-11-22 20:04:04.848969,returned
ORD_13755,USR_1317,2025-11-23 00:17:34.290858,completed
ORD_13756,USR_1463,2025-11-23 04:31:03.732746,completed
ORD_13757,USR_1801,2025-11-23 08:44:33.174634,completed
ORD_13758,USR_1598,2025-11-23 12:58:02.616523,completed
ORD_13759,USR_1881,2025-11-23 17:11:32.058411,completed
ORD_13760,USR_1873,2025-11-23 21:25:01.500300,completed
ORD_13761,USR_1471,2025-11-24 01:38:30.942188,completed
ORD_13762,USR_1055,2025-11-24 05:52:00.384076,completed
ORD_13763,USR_1624,2025-11-24 10:05:29.825965,completed
ORD_13764,USR_1012,2025-11-24 14:18:59.267853,completed
ORD_13765,USR_1439,2025-11-24 18:32:28.709741,returned
ORD_13766,USR_1017,2025-11-24 22:45:58.151630,completed
ORD_13767,USR_1693,2025-11-25 02:59:27.593518,completed
ORD_13768,USR_1972,2025-11-25 07:12:57.035407,completed
ORD_13769,USR_1112,2025-11-25 11:26:26.477295,completed
ORD_13770,USR_1228,2025-11-25 15:39:55.919183,completed
ORD_13771,USR_1170,2025-11-25 19:53:25.361072,completed
ORD_13772,USR_1294,2025-11-26 00:06:54.802960,completed
ORD_13773,USR_1188,2025-11-26 04:20:24.244848,completed
ORD_13774,USR_1425,2025-11-26 08:33:53.686737,returned
ORD_13775,USR_1976,2025-11-26 12:47:23.128625,completed
ORD_13776,USR_1078,2025-11-26 17:00:52.570514,completed
ORD_13777,USR_1657,2025-11-26 21:14:22.012402,completed
ORD_13778,USR_1918,2025-11-27 01:27:51.454290,completed
ORD_13779,USR_1181,2025-11-27 05:41:20.896179,completed
ORD_13780,USR_1498,2025-11-27 09:54:50.338067,completed
ORD_13781,USR_1797,2025-11-27 14:08:19.779955,completed
ORD_13782,USR_1761,2025-11-27 18:21:49.221844,completed
ORD_13783,USR_1865,2025-11-27 22:35:18.663732,completed
ORD_13784,USR_1825,2025-11-28 02:48:48.105621,completed
ORD_13785,USR_1707,2025-11-28 07:02:17.547509,completed
ORD_13786,USR_1834,2025-11-28 11:15:46.989397,completed
ORD_13787,USR_1070,2025-11-28 15:29:16.431286,returned
ORD_13788,USR_1247,2025-11-28 19:42:45.873174,completed
ORD_13789,USR_1145,2025-11-28 23:56:15.315063,completed
ORD_13790,USR_1617,2025-11-29 04:09:44.756951,completed
ORD_13791,USR_1774,2025-11-29 08:23:14.198839,completed
ORD_13792,USR_1295,2025-11-29 12:36:43.640728,completed
ORD_13793,USR_1581,2025-11-29 16:50:13.082616,completed
ORD_13794,USR_1469,2025-11-29 21:03:42.524504,completed
ORD_13795,USR_1505,2025-11-30 01:17:11.966393,completed
ORD_13796,USR_1192,2025-11-30 05:30:41.408281,completed
ORD_13797,USR_1067,2025-11-30 09:44:10.850170,completed
ORD_13798,USR_1493,2025-11-30 13:57:40.292058,completed
ORD_13799,USR_1816,2025-11-30 18:11:09.733946,completed
ORD_13800,USR_1051,2025-11-30 22:24:39.175835,completed
ORD_13801,USR_1881,2025-12-01 02:38:08.617723,completed
ORD_13802,USR_1362,2025-12-01 06:51:38.059611,completed
ORD_13803,USR_1796,2025-12-01 11:05:07.501500,returned
ORD_13804,USR_1916,2025-12-01 15:18:36.943388,completed
ORD_13805,USR_1473,2025-12-01 19:32:06.385277,completed
ORD_13806,USR_1845,2025-12-01 23:45:35.827165,completed
ORD_13807,USR_1520,2025-12-02 03:59:05.269053,completed
ORD_13808,USR_1762,2025-12-02 08:12:34.710942,completed
ORD_13809,USR_1430,2025-12-02 12:26:04.152830,completed
ORD_13810,USR_1843,2025-12-02 16:39:33.594718,completed
ORD_13811,USR_1297,2025-12-02 20:53:03.036607,cancelled
ORD_13812,USR_1434,2025-12-03 01:06:32.478495,completed
ORD_13813,USR_1695,2025-12-03 05:20:01.920384,completed
ORD_13814,USR_1690,2025-12-03 09:33:31.362272,cancelled
ORD_13815,USR_1197,2025-12-03 13:47:00.804160,returned
ORD_13816,USR_1127,2025-12-03 18:00:30.246049,completed
ORD_13817,USR_1531,2025-12-03 22:13:59.687937,completed
ORD_13818,USR_1983,2025-12-04 02:27:29.129825,returned
ORD_13819,USR_1410,2025-12-04 06:40:58.571714,completed
ORD_13820,USR_1933,2025-12-04 10:54:28.013602,completed
ORD_13821,USR_1839,2025-12-04 15:07:57.455491,returned
ORD_13822,USR_1064,2025-12-04 19:21:26.897379,completed
ORD_13823,USR_1693,2025-12-04 23:34:56.339267,completed
ORD_13824,USR_1240,2025-12-05 03:48:25.781156,completed
ORD_13825,USR_1368,2025-12-05 08:01:55.223044,completed
ORD_13826,USR_1535,2025-12-05 12:15:24.664932,returned
ORD_13827,USR_1383,2025-12-05 16:28:54.106821,completed
ORD_13828,USR_1430,2025-12-05 20:42:23.548709,returned
ORD_13829,USR_1966,2025-12-06 00:55:52.990598,completed
ORD_13830,USR_1082,2025-12-06 05:09:22.432486,completed
ORD_13831,USR_1981,2025-12-06 09:22:51.874374,completed
ORD_13832,USR_1830,2025-12-06 13:36:21.316263,completed
ORD_13833,USR_1696,2025-12-06 17:49:50.758151,returned
ORD_13834,USR_1950,2025-12-06 22:03:20.200040,completed
ORD_13835,USR_1827,2025-12-07 02:16:49.641928,completed
ORD_13836,USR_1610,2025-12-07 06:30:19.083816,completed
ORD_13837,USR_1573,2025-12-07 10:43:48.525705,completed
ORD_13838,USR_1285,2025-12-07 14:57:17.967593,completed
ORD_13839,USR_1988,2025-12-07 19:10:47.409481,completed
ORD_13840,USR_1533,2025-12-07 23:24:16.851370,completed
ORD_13841,USR_1458,2025-12-08 03:37:46.293258,completed
ORD_13842,USR_1211,2025-12-08 07:51:15.735147,completed
ORD_13843,USR_1125,2025-12-08 12:04:45.177035,completed
ORD_13844,USR_1412,2025-12-08 16:18:14.618923,completed
ORD_13845,USR_1498,2025-12-08 20:31:44.060812,completed
ORD_13846,USR_1424,2025-12-09 00:45:13.502700,completed
ORD_13847,USR_1553,2025-12-09 04:58:42.944588,completed
ORD_13848,USR_1609,2025-12-09 09:12:12.386477,completed
ORD_13849,USR_1960,2025-12-09 13:25:41.828365,returned
ORD_13850,USR_1542,2025-12-09 17:39:11.270254,completed
ORD_13851,USR_1157,2025-12-09 21:52:40.712142,completed
ORD_13852,USR_1111,2025-12-10 02:06:10.154030,completed
ORD_13853,USR_1401,2025-12-10 06:19:39.595919,completed
ORD_13854,USR_1758,2025-12-10 10:33:09.037807,completed
ORD_13855,USR_1121,2025-12-10 14:46:38.479695,completed
ORD_13856,USR_1272,2025-12-10 19:00:07.921584,completed
ORD_13857,USR_1293,2025-12-10 23:13:37.363472,completed
ORD_13858,USR_1397,2025-12-11 03:27:06.805361,completed
ORD_13859,USR_1470,2025-12-11 07:40:36.247249,completed
ORD_13860,USR_1984,2025-12-11 11:54:05.689137,completed
ORD_13861,USR_1206,2025-12-11 16:07:35.131026,completed
ORD_13862,USR_1109,2025-12-11 20:21:04.572914,completed
ORD_13863,USR_1439,2025-12-12 00:34:34.014802,completed
ORD_13864,USR_1277,2025-12-12 04:48:03.456691,completed
ORD_13865,USR_1962,2025-12-12 09:01:32.898579,completed
ORD_13866,USR_1567,2025-12-12 13:15:02.340468,completed
ORD_13867,USR_1886,2025-12-12 17:28:31.782356,returned
ORD_13868,USR_1914,2025-12-12 21:42:01.224244,completed
ORD_13869,USR_1568,2025-12-13 01:55:30.666133,completed
ORD_13870,USR_1939,2025-12-13 06:09:00.108021,completed
ORD_13871,USR_1481,2025-12-13 10:22:29.549909,completed
ORD_13872,USR_1802,2025-12-13 14:35:58.991798,completed
ORD_13873,USR_1113,2025-12-13 18:49:28.433686,completed
ORD_13874,USR_1892,2025-12-13 23:02:57.875575,completed
ORD_13875,USR_1896,2025-12-14 03:16:27.317463,returned
ORD_13876,USR_1819,2025-12-14 07:29:56.759351,completed
ORD_13877,USR_1852,2025-12-14 11:43:26.201240,completed
ORD_13878,USR_1476,2025-12-14 15:56:55.643128,returned
ORD_13879,USR_1709,2025-12-14 20:10:25.085017,completed
ORD_13880,USR_1932,2025-12-15 00:23:54.526905,completed
ORD_13881,USR_1320,2025-12-15 04:37:23.968793,completed
ORD_13882,USR_1178,2025-12-15 08:50:53.410682,completed
ORD_13883,USR_1896,2025-12-15 13:04:22.852570,cancelled
ORD_13884,USR_1218,2025-12-15 17:17:52.294458,completed
ORD_13885,USR_1788,2025-12-15 21:31:21.736347,completed
ORD_13886,USR_1948,2025-12-16 01:44:51.178235,completed
ORD_13887,USR_1527,2025-12-16 05:58:20.620124,completed
ORD_13888,USR_1491,2025-12-16 10:11:50.062012,completed
ORD_13889,USR_1890,2025-12-16 14:25:19.503900,completed
ORD_13890,USR_1060,2025-12-16 18:38:48.945789,completed
ORD_13891,USR_1053,2025-12-16 22:52:18.387677,completed
ORD_13892,USR_1679,2025-12-17 03:05:47.829565,completed
ORD_13893,USR_1537,2025-12-17 07:19:17.271454,cancelled
ORD_13894,USR_1847,2025-12-17 11:32:46.713342,completed
ORD_13895,USR_1987,2025-12-17 15:46:16.155231,completed
ORD_13896,USR_1064,2025-12-17 19:59:45.597119,completed
ORD_13897,USR_1611,2025-12-18 00:13:15.039007,completed
ORD_13898,USR_1585,2025-12-18 04:26:44.480896,completed
ORD_13899,USR_1703,2025-12-18 08:40:13.922784,completed
ORD_13900,USR_1170,2025-12-18 12:53:43.364672,completed
ORD_13901,USR_1272,2025-12-18 17:07:12.806561,cancelled
ORD_13902,USR_1888,2025-12-18 21:20:42.248449,completed
ORD_13903,USR_1698,2025-12-19 01:34:11.690338,completed
ORD_13904,USR_1534,2025-12-19 05:47:41.132226,cancelled
ORD_13905,USR_1390,2025-12-19 10:01:10.574114,returned
ORD_13906,USR_1939,2025-12-19 14:14:40.016003,completed
ORD_13907,USR_1692,2025-12-19 18:28:09.457891,returned
ORD_13908,USR_1326,2025-12-19 22:41:38.899779,completed
ORD_13909,USR_1107,2025-12-20 02:55:08.341668,returned
ORD_13910,USR_1846,2025-12-20 07:08:37.783556,returned
ORD_13911,USR_1161,2025-12-20 11:22:07.225445,completed
ORD_13912,USR_1813,2025-12-20 15:35:36.667333,completed
ORD_13913,USR_1451,2025-12-20 19:49:06.109221,completed
ORD_13914,USR_1205,2025-12-21 00:02:35.551110,completed
ORD_13915,USR_1589,2025-12-21 04:16:04.992998,completed
ORD_13916,USR_1015,2025-12-21 08:29:34.434886,cancelled
ORD_13917,USR_1326,2025-12-21 12:43:03.876775,completed
ORD_13918,USR_1607,2025-12-21 16:56:33.318663,completed
ORD_13919,USR_1658,2025-12-21 21:10:02.760552,completed
ORD_13920,USR_1001,2025-12-22 01:23:32.202440,completed
ORD_13921,USR_1009,2025-12-22 05:37:01.644328,completed
ORD_13922,USR_1433,2025-12-22 09:50:31.086217,completed
ORD_13923,USR_1124,2025-12-22 14:04:00.528105,completed
ORD_13924,USR_1080,2025-12-22 18:17:29.969994,completed
ORD_13925,USR_1484,2025-12-22 22:30:59.411882,completed
ORD_13926,USR_1651,2025-12-23 02:44:28.853770,completed
ORD_13927,USR_1837,2025-12-23 06:57:58.295659,completed
ORD_13928,USR_1149,2025-12-23 11:11:27.737547,completed
ORD_13929,USR_1799,2025-12-23 15:24:57.179435,completed
ORD_13930,USR_1872,2025-12-23 19:38:26.621324,completed
ORD_13931,USR_1339,2025-12-23 23:51:56.063212,completed
ORD_13932,USR_1128,2025-12-24 04:05:25.505101,completed
ORD_13933,USR_1437,2025-12-24 08:18:54.946989,returned
ORD_13934,USR_1750,2025-12-24 12:32:24.388877,completed
ORD_13935,USR_1500,2025-12-24 16:45:53.830766,completed
ORD_13936,USR_1057,2025-12-24 20:59:23.272654,completed
ORD_13937,USR_1197,2025-12-25 01:12:52.714542,completed
ORD_13938,USR_1210,2025-12-25 05:26:22.156431,completed
ORD_13939,USR_1913,2025-12-25 09:39:51.598319,returned
ORD_13940,USR_1901,2025-12-25 13:53:21.040208,completed
ORD_13941,USR_1044,2025-12-25 18:06:50.482096,completed
ORD_13942,USR_1096,2025-12-25 22:20:19.923984,completed
ORD_13943,USR_1278,2025-12-26 02:33:49.365873,cancelled
ORD_13944,USR_1534,2025-12-26 06:47:18.807761,completed
ORD_13945,USR_1409,2025-12-26 11:00:48.249649,completed
ORD_13946,USR_1460,2025-12-26 15:14:17.691538,completed
ORD_13947,USR_1390,2025-12-26 19:27:47.133426,completed
ORD_13948,USR_1846,2025-12-26 23:41:16.575315,cancelled
ORD_13949,USR_1043,2025-12-27 03:54:46.017203,completed
ORD_13950,USR_1026,2025-12-27 08:08:15.459091,completed
ORD_13951,USR_1793,2025-12-27 12:21:44.900980,cancelled
ORD_13952,USR_1096,2025-12-27 16:35:14.342868,returned
ORD_13953,USR_1974,2025-12-27 20:48:43.784756,completed
ORD_13954,USR_1547,2025-12-28 01:02:13.226645,returned
ORD_13955,USR_1620,2025-12-28 05:15:42.668533,completed
ORD_13956,USR_1566,2025-12-28 09:29:12.110422,completed
ORD_13957,USR_1703,2025-12-28 13:42:41.552310,returned
ORD_13958,USR_1218,2025-12-28 17:56:10.994198,completed
ORD_13959,USR_1184,2025-12-28 22:09:40.436087,completed
ORD_13960,USR_1068,2025-12-29 02:23:09.877975,completed
ORD_13961,USR_1828,2025-12-29 06:36:39.319863,completed
ORD_13962,USR_1129,2025-12-29 10:50:08.761752,completed
ORD_13963,USR_1566,2025-12-29 15:03:38.203640,completed
ORD_13964,USR_1889,2025-12-29 19:17:07.645529,completed
ORD_13965,USR_1608,2025-12-29 23:30:37.087417,completed
ORD_13966,USR_1847,2025-12-30 03:44:06.529305,completed
ORD_13967,USR_1598,2025-12-30 07:57:35.971194,returned
ORD_13968,USR_1805,2025-12-30 12:11:05.413082,completed
ORD_13969,USR_1630,2025-12-30 16:24:34.854970,completed
ORD_13970,USR_1719,2025-12-30 20:38:04.296859,completed
ORD_13971,USR_1333,2025-12-31 00:51:33.738747,completed
ORD_13972,USR_1924,2025-12-31 05:05:03.180636,returned
ORD_13973,USR_1153,2025-12-31 09:18:32.622524,completed
ORD_13974,USR_1546,2025-12-31 13:32:02.064412,completed
ORD_13975,USR_1078,2025-12-31 17:45:31.506301,completed
ORD_13976,USR_1578,2025-12-31 21:59:00.948189,completed
ORD_13977,USR_1854,2026-01-01 02:12:30.390078,completed
ORD_13978,USR_1412,2026-01-01 06:25:59.831966,returned
ORD_13979,USR_1545,2026-01-01 10:39:29.273854,completed
ORD_13980,USR_1608,2026-01-01 14:52:58.715743,completed
ORD_13981,USR_1168,2026-01-01 19:06:28.157631,completed
ORD_13982,USR_1680,2026-01-01 23:19:57.599519,completed
ORD_13983,USR_1662,2026-01-02 03:33:27.041408,completed
ORD_13984,USR_1582,2026-01-02 07:46:56.483296,completed
ORD_13985,USR_1514,2026-01-02 12:00:25.925185,completed
ORD_13986,USR_1313,2026-01-02 16:13:55.367073,completed
ORD_13987,USR_1031,2026-01-02 20:27:24.808961,completed
ORD_13988,USR_1286,2026-01-03 00:40:54.250850,completed
ORD_13989,USR_1593,2026-01-03 04:54:23.692738,completed
ORD_13990,USR_1042,2026-01-03 09:07:53.134626,completed
ORD_13991,USR_1902,2026-01-03 13:21:22.576515,completed
ORD_13992,USR_1616,2026-01-03 17:34:52.018403,completed
ORD_13993,USR_1000,2026-01-03 21:48:21.460292,completed
ORD_13994,USR_1572,2026-01-04 02:01:50.902180,completed
ORD_13995,USR_1269,2026-01-04 06:15:20.344068,completed
ORD_13996,USR_1179,2026-01-04 10:28:49.785957,completed
ORD_13997,USR_1735,2026-01-04 14:42:19.227845,returned
ORD_13998,USR_1517,2026-01-04 18:55:48.669733,completed
ORD_13999,USR_1102,2026-01-04 23:09:18.111622,completed
ORD_14000,USR_1009,2026-01-05 03:22:47.553510,completed
ORD_14001,USR_1582,2026-01-05 07:36:16.995399,completed
ORD_14002,USR_1089,2026-01-05 11:49:46.437287,completed
ORD_14003,USR_1225,2026-01-05 16:03:15.879175,returned
ORD_14004,USR_1669,2026-01-05 20:16:45.321064,completed
ORD_14005,USR_1739,2026-01-06 00:30:14.762952,completed
ORD_14006,USR_1916,2026-01-06 04:43:44.204840,completed
ORD_14007,USR_1125,2026-01-06 08:57:13.646729,cancelled
ORD_14008,USR_1955,2026-01-06 13:10:43.088617,completed
ORD_14009,USR_1208,2026-01-06 17:24:12.530506,completed
ORD_14010,USR_1096,2026-01-06 21:37:41.972394,completed
ORD_14011,USR_1073,2026-01-07 01:51:11.414282,returned
ORD_14012,USR_1626,2026-01-07 06:04:40.856171,completed
ORD_14013,USR_1190,2026-01-07 10:18:10.298059,completed
ORD_14014,USR_1681,2026-01-07 14:31:39.739947,completed
ORD_14015,USR_1818,2026-01-07 18:45:09.181836,completed
ORD_14016,USR_1959,2026-01-07 22:58:38.623724,completed
ORD_14017,USR_1715,2026-01-08 03:12:08.065613,completed
ORD_14018,USR_1055,2026-01-08 07:25:37.507501,completed
ORD_14019,USR_1719,2026-01-08 11:39:06.949389,completed
ORD_14020,USR_1552,2026-01-08 15:52:36.391278,completed
ORD_14021,USR_1031,2026-01-08 20:06:05.833166,completed
ORD_14022,USR_1526,2026-01-09 00:19:35.275055,completed
ORD_14023,USR_1573,2026-01-09 04:33:04.716943,completed
ORD_14024,USR_1666,2026-01-09 08:46:34.158831,completed
ORD_14025,USR_1283,2026-01-09 13:00:03.600720,completed
ORD_14026,USR_1720,2026-01-09 17:13:33.042608,completed
ORD_14027,USR_1831,2026-01-09 21:27:02.484496,returned
ORD_14028,USR_1493,2026-01-10 01:40:31.926385,completed
ORD_14029,USR_1186,2026-01-10 05:54:01.368273,completed
ORD_14030,USR_1497,2026-01-10 10:07:30.810162,completed
ORD_14031,USR_1441,2026-01-10 14:21:00.252050,completed
ORD_14032,USR_1129,2026-01-10 18:34:29.693938,completed
ORD_14033,USR_1638,2026-01-10 22:47:59.135827,completed
ORD_14034,USR_1291,2026-01-11 03:01:28.577715,completed
ORD_14035,USR_1113,2026-01-11 07:14:58.019603,completed
ORD_14036,USR_1198,2026-01-11 11:28:27.461492,completed
ORD_14037,USR_1012,2026-01-11 15:41:56.903380,completed
ORD_14038,USR_1270,2026-01-11 19:55:26.345269,completed
ORD_14039,USR_1600,2026-01-12 00:08:55.787157,completed
ORD_14040,USR_1214,2026-01-12 04:22:25.229045,returned
ORD_14041,USR_1443,2026-01-12 08:35:54.670934,completed
ORD_14042,USR_1789,2026-01-12 12:49:24.112822,completed
ORD_14043,USR_1511,2026-01-12 17:02:53.554710,completed
ORD_14044,USR_1446,2026-01-12 21:16:22.996599,returned
ORD_14045,USR_1985,2026-01-13 01:29:52.438487,completed
ORD_14046,USR_1992,2026-01-13 05:43:21.880376,completed
ORD_14047,USR_1714,2026-01-13 09:56:51.322264,completed
ORD_14048,USR_1073,2026-01-13 14:10:20.764152,completed
ORD_14049,USR_1536,2026-01-13 18:23:50.206041,cancelled
ORD_14050,USR_1100,2026-01-13 22:37:19.647929,completed
ORD_14051,USR_1175,2026-01-14 02:50:49.089817,cancelled
ORD_14052,USR_1426,2026-01-14 07:04:18.531706,completed
ORD_14053,USR_1116,2026-01-14 11:17:47.973594,completed
ORD_14054,USR_1165,2026-01-14 15:31:17.415483,completed
ORD_14055,USR_1040,2026-01-14 19:44:46.857371,completed
ORD_14056,USR_1428,2026-01-14 23:58:16.299259,returned
ORD_14057,USR_1343,2026-01-15 04:11:45.741148,completed
ORD_14058,USR_1423,2026-01-15 08:25:15.183036,completed
ORD_14059,USR_1365,2026-01-15 12:38:44.624924,cancelled
ORD_14060,USR_1119,2026-01-15 16:52:14.066813,completed
ORD_14061,USR_1608,2026-01-15 21:05:43.508701,completed
ORD_14062,USR_1656,2026-01-16 01:19:12.950590,completed
ORD_14063,USR_1727,2026-01-16 05:32:42.392478,completed
ORD_14064,USR_1228,2026-01-16 09:46:11.834366,completed
ORD_14065,USR_1824,2026-01-16 13:59:41.276255,completed
ORD_14066,USR_1129,2026-01-16 18:13:10.718143,completed
ORD_14067,USR_1351,2026-01-16 22:26:40.160032,completed
ORD_14068,USR_1888,2026-01-17 02:40:09.601920,completed
ORD_14069,USR_1317,2026-01-17 06:53:39.043808,cancelled
ORD_14070,USR_1983,2026-01-17 11:07:08.485697,completed
ORD_14071,USR_1648,2026-01-17 15:20:37.927585,completed
ORD_14072,USR_1835,2026-01-17 19:34:07.369473,completed
ORD_14073,USR_1336,2026-01-17 23:47:36.811362,completed
ORD_14074,USR_1272,2026-01-18 04:01:06.253250,completed
ORD_14075,USR_1116,2026-01-18 08:14:35.695139,completed
ORD_14076,USR_1817,2026-01-18 12:28:05.137027,returned
ORD_14077,USR_1367,2026-01-18 16:41:34.578915,completed
ORD_14078,USR_1093,2026-01-18 20:55:04.020804,completed
ORD_14079,USR_1167,2026-01-19 01:08:33.462692,completed
ORD_14080,USR_1953,2026-01-19 05:22:02.904580,completed
ORD_14081,USR_1714,2026-01-19 09:35:32.346469,completed
ORD_14082,USR_1340,2026-01-19 13:49:01.788357,returned
ORD_14083,USR_1660,2026-01-19 18:02:31.230246,completed
ORD_14084,USR_1913,2026-01-19 22:16:00.672134,cancelled
ORD_14085,USR_1694,2026-01-20 02:29:30.114022,completed
ORD_14086,USR_1924,2026-01-20 06:42:59.555911,completed
ORD_14087,USR_1151,2026-01-20 10:56:28.997799,completed
ORD_14088,USR_1585,2026-01-20 15:09:58.439687,completed
ORD_14089,USR_1876,2026-01-20 19:23:27.881576,completed
ORD_14090,USR_1912,2026-01-20 23:36:57.323464,completed
ORD_14091,USR_1273,2026-01-21 03:50:26.765353,completed
ORD_14092,USR_1553,2026-01-21 08:03:56.207241,completed
ORD_14093,USR_1495,2026-01-21 12:17:25.649129,completed
ORD_14094,USR_1723,2026-01-21 16:30:55.091018,returned
ORD_14095,USR_1100,2026-01-21 20:44:24.532906,completed
ORD_14096,USR_1556,2026-01-22 00:57:53.974794,completed
ORD_14097,USR_1081,2026-01-22 05:11:23.416683,completed
ORD_14098,USR_1528,2026-01-22 09:24:52.858571,completed
ORD_14099,USR_1072,2026-01-22 13:38:22.300460,completed
ORD_14100,USR_1013,2026-01-22 17:51:51.742348,completed
ORD_14101,USR_1432,2026-01-22 22:05:21.184236,completed
ORD_14102,USR_1156,2026-01-23 02:18:50.626125,completed
ORD_14103,USR_1734,2026-01-23 06:32:20.068013,completed
ORD_14104,USR_1131,2026-01-23 10:45:49.509901,completed
ORD_14105,USR_1337,2026-01-23 14:59:18.951790,completed
ORD_14106,USR_1403,2026-01-23 19:12:48.393678,completed
ORD_14107,USR_1375,2026-01-23 23:26:17.835567,completed
ORD_14108,USR_1887,2026-01-24 03:39:47.277455,completed
ORD_14109,USR_1558,2026-01-24 07:53:16.719343,completed
ORD_14110,USR_1106,2026-01-24 12:06:46.161232,completed
ORD_14111,USR_1619,2026-01-24 16:20:15.603120,completed
ORD_14112,USR_1264,2026-01-24 20:33:45.045009,completed
ORD_14113,USR_1204,2026-01-25 00:47:14.486897,completed
ORD_14114,USR_1078,2026-01-25 05:00:43.928785,completed
ORD_14115,USR_1154,2026-01-25 09:14:13.370674,completed
ORD_14116,USR_1782,2026-01-25 13:27:42.812562,completed
ORD_14117,USR_1987,2026-01-25 17:41:12.254450,completed
ORD_14118,USR_1996,2026-01-25 21:54:41.696339,completed
ORD_14119,USR_1246,2026-01-26 02:08:11.138227,returned
ORD_14120,USR_1530,2026-01-26 06:21:40.580116,completed
ORD_14121,USR_1857,2026-01-26 10:35:10.022004,completed
ORD_14122,USR_1947,2026-01-26 14:48:39.463892,completed
ORD_14123,USR_1537,2026-01-26 19:02:08.905781,completed
ORD_14124,USR_1728,2026-01-26 23:15:38.347669,completed
ORD_14125,USR_1153,2026-01-27 03:29:07.789557,completed
ORD_14126,USR_1153,2026-01-27 07:42:37.231446,completed
ORD_14127,USR_1685,2026-01-27 11:56:06.673334,cancelled
ORD_14128,USR_1091,2026-01-27 16:09:36.115223,cancelled
ORD_14129,USR_1432,2026-01-27 20:23:05.557111,completed
ORD_14130,USR_1337,2026-01-28 00:36:34.998999,cancelled
ORD_14131,USR_1479,2026-01-28 04:50:04.440888,completed
ORD_14132,USR_1692,2026-01-28 09:03:33.882776,completed
ORD_14133,USR_1130,2026-01-28 13:17:03.324664,completed
ORD_14134,USR_1449,2026-01-28 17:30:32.766553,completed
ORD_14135,USR_1992,2026-01-28 21:44:02.208441,completed
ORD_14136,USR_1809,2026-01-29 01:57:31.650330,cancelled
ORD_14137,USR_1786,2026-01-29 06:11:01.092218,completed
ORD_14138,USR_1272,2026-01-29 10:24:30.534106,completed
ORD_14139,USR_1928,2026-01-29 14:37:59.975995,returned
ORD_14140,USR_1587,2026-01-29 18:51:29.417883,completed
ORD_14141,USR_1176,2026-01-29 23:04:58.859771,completed
ORD_14142,USR_1695,2026-01-30 03:18:28.301660,completed
ORD_14143,USR_1830,2026-01-30 07:31:57.743548,completed
ORD_14144,USR_1642,2026-01-30 11:45:27.185437,completed
ORD_14145,USR_1874,2026-01-30 15:58:56.627325,completed
ORD_14146,USR_1048,2026-01-30 20:12:26.069213,completed
ORD_14147,USR_1566,2026-01-31 00:25:55.511102,cancelled
ORD_14148,USR_1665,2026-01-31 04:39:24.952990,returned
ORD_14149,USR_1354,2026-01-31 08:52:54.394878,completed
ORD_14150,USR_1711,2026-01-31 13:06:23.836767,completed
ORD_14151,USR_1307,2026-01-31 17:19:53.278655,completed
ORD_14152,USR_1867,2026-01-31 21:33:22.720544,cancelled
ORD_14153,USR_1884,2026-02-01 01:46:52.162432,completed
ORD_14154,USR_1629,2026-02-01 06:00:21.604320,completed
ORD_14155,USR_1774,2026-02-01 10:13:51.046209,completed
ORD_14156,USR_1045,2026-02-01 14:27:20.488097,cancelled
ORD_14157,USR_1301,2026-02-01 18:40:49.929986,completed
ORD_14158,USR_1867,2026-02-01 22:54:19.371874,completed
ORD_14159,USR_1911,2026-02-02 03:07:48.813762,completed
ORD_14160,USR_1407,2026-02-02 07:21:18.255651,completed
ORD_14161,USR_1188,2026-02-02 11:34:47.697539,completed
ORD_14162,USR_1821,2026-02-02 15:48:17.139427,completed
ORD_14163,USR_1829,2026-02-02 20:01:46.581316,completed
ORD_14164,USR_1128,2026-02-03 00:15:16.023204,completed
ORD_14165,USR_1560,2026-02-03 04:28:45.465093,completed
ORD_14166,USR_1536,2026-02-03 08:42:14.906981,completed
ORD_14167,USR_1265,2026-02-03 12:55:44.348869,completed
ORD_14168,USR_1117,2026-02-03 17:09:13.790758,completed
ORD_14169,USR_1463,2026-02-03 21:22:43.232646,completed
ORD_14170,USR_1143,2026-02-04 01:36:12.674534,completed
ORD_14171,USR_1441,2026-02-04 05:49:42.116423,completed
ORD_14172,USR_1199,2026-02-04 10:03:11.558311,completed
ORD_14173,USR_1156,2026-02-04 14:16:41.000200,completed
ORD_14174,USR_1486,2026-02-04 18:30:10.442088,returned
ORD_14175,USR_1859,2026-02-04 22:43:39.883976,completed
ORD_14176,USR_1133,2026-02-05 02:57:09.325865,completed
ORD_14177,USR_1911,2026-02-05 07:10:38.767753,completed
ORD_14178,USR_1147,2026-02-05 11:24:08.209641,completed
ORD_14179,USR_1335,2026-02-05 15:37:37.651530,returned
ORD_14180,USR_1070,2026-02-05 19:51:07.093418,completed
ORD_14181,USR_1232,2026-02-06 00:04:36.535307,completed
ORD_14182,USR_1333,2026-02-06 04:18:05.977195,completed
ORD_14183,USR_1810,2026-02-06 08:31:35.419083,completed
ORD_14184,USR_1665,2026-02-06 12:45:04.860972,completed
ORD_14185,USR_1089,2026-02-06 16:58:34.302860,returned
ORD_14186,USR_1333,2026-02-06 21:12:03.744748,returned
ORD_14187,USR_1198,2026-02-07 01:25:33.186637,completed
ORD_14188,USR_1160,2026-02-07 05:39:02.628525,completed
ORD_14189,USR_1537,2026-02-07 09:52:32.070414,completed
ORD_14190,USR_1120,2026-02-07 14:06:01.512302,completed
ORD_14191,USR_1300,2026-02-07 18:19:30.954190,completed
ORD_14192,USR_1723,2026-02-07 22:33:00.396079,completed
ORD_14193,USR_1574,2026-02-08 02:46:29.837967,returned
ORD_14194,USR_1962,2026-02-08 06:59:59.279855,completed
ORD_14195,USR_1435,2026-02-08 11:13:28.721744,completed
ORD_14196,USR_1067,2026-02-08 15:26:58.163632,returned
ORD_14197,USR_1764,2026-02-08 19:40:27.605521,completed
ORD_14198,USR_1921,2026-02-08 23:53:57.047409,completed
ORD_14199,USR_1458,2026-02-09 04:07:26.489297,completed
ORD_14200,USR_1513,2026-02-09 08:20:55.931186,completed
ORD_14201,USR_1397,2026-02-09 12:34:25.373074,completed
ORD_14202,USR_1619,2026-02-09 16:47:54.814962,completed
ORD_14203,USR_1285,2026-02-09 21:01:24.256851,completed
ORD_14204,USR_1560,2026-02-10 01:14:53.698739,completed
ORD_14205,USR_1139,2026-02-10 05:28:23.140628,cancelled
ORD_14206,USR_1729,2026-02-10 09:41:52.582516,completed
ORD_14207,USR_1555,2026-02-10 13:55:22.024404,completed
ORD_14208,USR_1928,2026-02-10 18:08:51.466293,completed
ORD_14209,USR_1780,2026-02-10 22:22:20.908181,completed
ORD_14210,USR_1589,2026-02-11 02:35:50.350070,completed
ORD_14211,USR_1727,2026-02-11 06:49:19.791958,completed
ORD_14212,USR_1893,2026-02-11 11:02:49.233846,completed
ORD_14213,USR_1609,2026-02-11 15:16:18.675735,completed
ORD_14214,USR_1747,2026-02-11 19:29:48.117623,completed
ORD_14215,USR_1281,2026-02-11 23:43:17.559511,completed
ORD_14216,USR_1660,2026-02-12 03:56:47.001400,completed
ORD_14217,USR_1923,2026-02-12 08:10:16.443288,completed
ORD_14218,USR_1815,2026-02-12 12:23:45.885177,completed
ORD_14219,USR_1995,2026-02-12 16:37:15.327065,completed
ORD_14220,USR_1935,2026-02-12 20:50:44.768953,completed
ORD_14221,USR_1577,2026-02-13 01:04:14.210842,returned
ORD_14222,USR_1745,2026-02-13 05:17:43.652730,completed
ORD_14223,USR_1456,2026-02-13 09:31:13.094618,completed
ORD_14224,USR_1086,2026-02-13 13:44:42.536507,completed
ORD_14225,USR_1078,2026-02-13 17:58:11.978395,returned
ORD_14226,USR_1204,2026-02-13 22:11:41.420284,completed
ORD_14227,USR_1790,2026-02-14 02:25:10.862172,completed
ORD_14228,USR_1336,2026-02-14 06:38:40.304060,completed
ORD_14229,USR_1253,2026-02-14 10:52:09.745949,completed
ORD_14230,USR_1303,2026-02-14 15:05:39.187837,completed
ORD_14231,USR_1379,2026-02-14 19:19:08.629725,returned
ORD_14232,USR_1129,2026-02-14 23:32:38.071614,completed
ORD_14233,USR_1595,2026-02-15 03:46:07.513502,completed
ORD_14234,USR_1275,2026-02-15 07:59:36.955391,completed
ORD_14235,USR_1698,2026-02-15 12:13:06.397279,returned
ORD_14236,USR_1557,2026-02-15 16:26:35.839167,completed
ORD_14237,USR_1898,2026-02-15 20:40:05.281056,completed
ORD_14238,USR_1182,2026-02-16 00:53:34.722944,completed
ORD_14239,USR_1267,2026-02-16 05:07:04.164832,cancelled
ORD_14240,USR_1807,2026-02-16 09:20:33.606721,returned
ORD_14241,USR_1321,2026-02-16 13:34:03.048609,completed
ORD_14242,USR_1511,2026-02-16 17:47:32.490498,completed
ORD_14243,USR_1611,2026-02-16 22:01:01.932386,completed
ORD_14244,USR_1077,2026-02-17 02:14:31.374274,returned
ORD_14245,USR_1783,2026-02-17 06:28:00.816163,completed
ORD_14246,USR_1338,2026-02-17 10:41:30.258051,completed
ORD_14247,USR_1673,2026-02-17 14:54:59.699939,completed
ORD_14248,USR_1555,2026-02-17 19:08:29.141828,returned
ORD_14249,USR_1508,2026-02-17 23:21:58.583716,completed
ORD_14250,USR_1237,2026-02-18 03:35:28.025605,completed
ORD_14251,USR_1133,2026-02-18 07:48:57.467493,completed
ORD_14252,USR_1972,2026-02-18 12:02:26.909381,completed
ORD_14253,USR_1191,2026-02-18 16:15:56.351270,completed
ORD_14254,USR_1355,2026-02-18 20:29:25.793158,cancelled
ORD_14255,USR_1277,2026-02-19 00:42:55.235047,cancelled
ORD_14256,USR_1017,2026-02-19 04:56:24.676935,returned
ORD_14257,USR_1523,2026-02-19 09:09:54.118823,completed
ORD_14258,USR_1179,2026-02-19 13:23:23.560712,completed
ORD_14259,USR_1122,2026-02-19 17:36:53.002600,returned
ORD_14260,USR_1245,2026-02-19 21:50:22.444488,completed
ORD_14261,USR_1733,2026-02-20 02:03:51.886377,completed
ORD_14262,USR_1372,2026-02-20 06:17:21.328265,returned
ORD_14263,USR_1050,2026-02-20 10:30:50.770154,completed
ORD_14264,USR_1999,2026-02-20 14:44:20.212042,completed
ORD_14265,USR_1070,2026-02-20 18:57:49.653930,completed
ORD_14266,USR_1479,2026-02-20 23:11:19.095819,completed
ORD_14267,USR_1559,2026-02-21 03:24:48.537707,completed
ORD_14268,USR_1018,2026-02-21 07:38:17.979595,completed
ORD_14269,USR_1773,2026-02-21 11:51:47.421484,completed
ORD_14270,USR_1083,2026-02-21 16:05:16.863372,completed
ORD_14271,USR_1154,2026-02-21 20:18:46.305261,completed
ORD_14272,USR_1564,2026-02-22 00:32:15.747149,returned
ORD_14273,USR_1618,2026-02-22 04:45:45.189037,cancelled
ORD_14274,USR_1356,2026-02-22 08:59:14.630926,completed
ORD_14275,USR_1815,2026-02-22 13:12:44.072814,completed
ORD_14276,USR_1646,2026-02-22 17:26:13.514702,completed
ORD_14277,USR_1442,2026-02-22 21:39:42.956591,cancelled
ORD_14278,USR_1068,2026-02-23 01:53:12.398479,completed
ORD_14279,USR_1522,2026-02-23 06:06:41.840368,completed
ORD_14280,USR_1142,2026-02-23 10:20:11.282256,returned
ORD_14281,USR_1191,2026-02-23 14:33:40.724144,completed
ORD_14282,USR_1386,2026-02-23 18:47:10.166033,returned
ORD_14283,USR_1377,2026-02-23 23:00:39.607921,returned
ORD_14284,USR_1580,2026-02-24 03:14:09.049809,returned
ORD_14285,USR_1534,2026-02-24 07:27:38.491698,completed
ORD_14286,USR_1692,2026-02-24 11:41:07.933586,completed
ORD_14287,USR_1292,2026-02-24 15:54:37.375475,returned
ORD_14288,USR_1008,2026-02-24 20:08:06.817363,completed
ORD_14289,USR_1270,2026-02-25 00:21:36.259251,completed
ORD_14290,USR_1386,2026-02-25 04:35:05.701140,completed
ORD_14291,USR_1092,2026-02-25 08:48:35.143028,completed
ORD_14292,USR_1965,2026-02-25 13:02:04.584916,completed
ORD_14293,USR_1528,2026-02-25 17:15:34.026805,completed
ORD_14294,USR_1153,2026-02-25 21:29:03.468693,completed
ORD_14295,USR_1404,2026-02-26 01:42:32.910582,completed
ORD_14296,USR_1839,2026-02-26 05:56:02.352470,completed
ORD_14297,USR_1148,2026-02-26 10:09:31.794358,completed
ORD_14298,USR_1888,2026-02-26 14:23:01.236247,completed
ORD_14299,USR_1266,2026-02-26 18:36:30.678135,completed
ORD_14300,USR_1421,2026-02-26 22:50:00.120024,completed
ORD_14301,USR_1839,2026-02-27 03:03:29.561912,completed
ORD_14302,USR_1617,2026-02-27 07:16:59.003800,completed
ORD_14303,USR_1471,2026-02-27 11:30:28.445689,completed
ORD_14304,USR_1892,2026-02-27 15:43:57.887577,completed
ORD_14305,USR_1546,2026-02-27 19:57:27.329465,completed
ORD_14306,USR_1630,2026-02-28 00:10:56.771354,completed
ORD_14307,USR_1525,2026-02-28 04:24:26.213242,completed
ORD_14308,USR_1502,2026-02-28 08:37:55.655131,returned
ORD_14309,USR_1013,2026-02-28 12:51:25.097019,completed
ORD_14310,USR_1777,2026-02-28 17:04:54.538907,cancelled
ORD_14311,USR_1651,2026-02-28 21:18:23.980796,completed
ORD_14312,USR_1805,2026-03-01 01:31:53.422684,completed
ORD_14313,USR_1363,2026-03-01 05:45:22.864572,completed
ORD_14314,USR_1118,2026-03-01 09:58:52.306461,completed
ORD_14315,USR_1237,2026-03-01 14:12:21.748349,completed
ORD_14316,USR_1545,2026-03-01 18:25:51.190238,completed
ORD_14317,USR_1168,2026-03-01 22:39:20.632126,completed
ORD_14318,USR_1521,2026-03-02 02:52:50.074014,completed
ORD_14319,USR_1633,2026-03-02 07:06:19.515903,completed
ORD_14320,USR_1912,2026-03-02 11:19:48.957791,completed
ORD_14321,USR_1656,2026-03-02 15:33:18.399679,returned
ORD_14322,USR_1962,2026-03-02 19:46:47.841568,completed
ORD_14323,USR_1957,2026-03-03 00:00:17.283456,completed
ORD_14324,USR_1734,2026-03-03 04:13:46.725345,completed
ORD_14325,USR_1882,2026-03-03 08:27:16.167233,completed
ORD_14326,USR_1768,2026-03-03 12:40:45.609121,completed
ORD_14327,USR_1779,2026-03-03 16:54:15.051010,completed
ORD_14328,USR_1870,2026-03-03 21:07:44.492898,completed
ORD_14329,USR_1515,2026-03-04 01:21:13.934786,returned
ORD_14330,USR_1937,2026-03-04 05:34:43.376675,completed
ORD_14331,USR_1396,2026-03-04 09:48:12.818563,cancelled
ORD_14332,USR_1865,2026-03-04 14:01:42.260452,cancelled
ORD_14333,USR_1105,2026-03-04 18:15:11.702340,returned
ORD_14334,USR_1084,2026-03-04 22:28:41.144228,completed
ORD_14335,USR_1213,2026-03-05 02:42:10.586117,completed
ORD_14336,USR_1120,2026-03-05 06:55:40.028005,completed
ORD_14337,USR_1131,2026-03-05 11:09:09.469893,completed
ORD_14338,USR_1849,2026-03-05 15:22:38.911782,completed
ORD_14339,USR_1196,2026-03-05 19:36:08.353670,completed
ORD_14340,USR_1018,2026-03-05 23:49:37.795559,completed
ORD_14341,USR_1641,2026-03-06 04:03:07.237447,completed
ORD_14342,USR_1011,2026-03-06 08:16:36.679335,completed
ORD_14343,USR_1080,2026-03-06 12:30:06.121224,completed
ORD_14344,USR_1329,2026-03-06 16:43:35.563112,completed
ORD_14345,USR_1865,2026-03-06 20:57:05.005001,completed
ORD_14346,USR_1773,2026-03-07 01:10:34.446889,completed
ORD_14347,USR_1391,2026-03-07 05:24:03.888777,completed
ORD_14348,USR_1636,2026-03-07 09:37:33.330666,completed
ORD_14349,USR_1306,2026-03-07 13:51:02.772554,completed
ORD_14350,USR_1266,2026-03-07 18:04:32.214442,completed
ORD_14351,USR_1446,2026-03-07 22:18:01.656331,completed
ORD_14352,USR_1440,2026-03-08 02:31:31.098219,completed
ORD_14353,USR_1894,2026-03-08 06:45:00.540108,completed
ORD_14354,USR_1651,2026-03-08 10:58:29.981996,completed
ORD_14355,USR_1840,2026-03-08 15:11:59.423884,completed
ORD_14356,USR_1001,2026-03-08 19:25:28.865773,completed
ORD_14357,USR_1519,2026-03-08 23:38:58.307661,returned
ORD_14358,USR_1761,2026-03-09 03:52:27.749549,completed
ORD_14359,USR_1650,2026-03-09 08:05:57.191438,returned
ORD_14360,USR_1635,2026-03-09 12:19:26.633326,completed
ORD_14361,USR_1308,2026-03-09 16:32:56.075215,completed
ORD_14362,USR_1739,2026-03-09 20:46:25.517103,completed
ORD_14363,USR_1521,2026-03-10 00:59:54.958991,completed
ORD_14364,USR_1468,2026-03-10 05:13:24.400880,completed
ORD_14365,USR_1211,2026-03-10 09:26:53.842768,completed
ORD_14366,USR_1111,2026-03-10 13:40:23.284656,completed
ORD_14367,USR_1007,2026-03-10 17:53:52.726545,completed
ORD_14368,USR_1803,2026-03-10 22:07:22.168433,completed
ORD_14369,USR_1476,2026-03-11 02:20:51.610322,returned
ORD_14370,USR_1873,2026-03-11 06:34:21.052210,completed
ORD_14371,USR_1459,2026-03-11 10:47:50.494098,completed
ORD_14372,USR_1252,2026-03-11 15:01:19.935987,completed
ORD_14373,USR_1525,2026-03-11 19:14:49.377875,completed
ORD_14374,USR_1751,2026-03-11 23:28:18.819763,returned
ORD_14375,USR_1437,2026-03-12 03:41:48.261652,returned
ORD_14376,USR_1753,2026-03-12 07:55:17.703540,completed
ORD_14377,USR_1980,2026-03-12 12:08:47.145429,completed
ORD_14378,USR_1853,2026-03-12 16:22:16.587317,completed
ORD_14379,USR_1660,2026-03-12 20:35:46.029205,completed
ORD_14380,USR_1235,2026-03-13 00:49:15.471094,cancelled
ORD_14381,USR_1305,2026-03-13 05:02:44.912982,completed
ORD_14382,USR_1477,2026-03-13 09:16:14.354870,completed
ORD_14383,USR_1678,2026-03-13 13:29:43.796759,completed
ORD_14384,USR_1019,2026-03-13 17:43:13.238647,completed
ORD_14385,USR_1215,2026-03-13 21:56:42.680536,returned
ORD_14386,USR_1854,2026-03-14 02:10:12.122424,completed
ORD_14387,USR_1134,2026-03-14 06:23:41.564312,completed
ORD_14388,USR_1904,2026-03-14 10:37:11.006201,completed
ORD_14389,USR_1128,2026-03-14 14:50:40.448089,completed
ORD_14390,USR_1409,2026-03-14 19:04:09.889978,completed
ORD_14391,USR_1421,2026-03-14 23:17:39.331866,returned
ORD_14392,USR_1293,2026-03-15 03:31:08.773754,completed
ORD_14393,USR_1245,2026-03-15 07:44:38.215643,completed
ORD_14394,USR_1700,2026-03-15 11:58:07.657531,completed
ORD_14395,USR_1555,2026-03-15 16:11:37.099419,completed
ORD_14396,USR_1085,2026-03-15 20:25:06.541308,returned
ORD_14397,USR_1555,2026-03-16 00:38:35.983196,completed
ORD_14398,USR_1841,2026-03-16 04:52:05.425085,completed
ORD_14399,USR_1374,2026-03-16 09:05:34.866973,completed
ORD_14400,USR_1445,2026-03-16 13:19:04.308861,completed
ORD_14401,USR_1377,2026-03-16 17:32:33.750750,completed
ORD_14402,USR_1389,2026-03-16 21:46:03.192638,completed
ORD_14403,USR_1656,2026-03-17 01:59:32.634526,completed
ORD_14404,USR_1050,2026-03-17 06:13:02.076415,completed
ORD_14405,USR_1241,2026-03-17 10:26:31.518303,completed
ORD_14406,USR_1293,2026-03-17 14:40:00.960192,returned
ORD_14407,USR_1919,2026-03-17 18:53:30.402080,completed
ORD_14408,USR_1562,2026-03-17 23:06:59.843968,completed
ORD_14409,USR_1265,2026-03-18 03:20:29.285857,completed
ORD_14410,USR_1119,2026-03-18 07:33:58.727745,completed
ORD_14411,USR_1711,2026-03-18 11:47:28.169633,completed
ORD_14412,USR_1916,2026-03-18 16:00:57.611522,completed
ORD_14413,USR_1247,2026-03-18 20:14:27.053410,completed
ORD_14414,USR_1069,2026-03-19 00:27:56.495299,completed
ORD_14415,USR_1852,2026-03-19 04:41:25.937187,completed
ORD_14416,USR_1056,2026-03-19 08:54:55.379075,completed
ORD_14417,USR_1381,2026-03-19 13:08:24.820964,completed
ORD_14418,USR_1038,2026-03-19 17:21:54.262852,completed
ORD_14419,USR_1983,2026-03-19 21:35:23.704740,completed
ORD_14420,USR_1800,2026-03-20 01:48:53.146629,completed
ORD_14421,USR_1442,2026-03-20 06:02:22.588517,returned
ORD_14422,USR_1017,2026-03-20 10:15:52.030406,returned
ORD_14423,USR_1951,2026-03-20 14:29:21.472294,completed
ORD_14424,USR_1731,2026-03-20 18:42:50.914182,completed
ORD_14425,USR_1824,2026-03-20 22:56:20.356071,completed
ORD_14426,USR_1755,2026-03-21 03:09:49.797959,completed
ORD_14427,USR_1351,2026-03-21 07:23:19.239847,cancelled
ORD_14428,USR_1971,2026-03-21 11:36:48.681736,completed
ORD_14429,USR_1815,2026-03-21 15:50:18.123624,completed
ORD_14430,USR_1297,2026-03-21 20:03:47.565513,completed
ORD_14431,USR_1282,2026-03-22 00:17:17.007401,completed
ORD_14432,USR_1585,2026-03-22 04:30:46.449289,completed
ORD_14433,USR_1109,2026-03-22 08:44:15.891178,completed
ORD_14434,USR_1179,2026-03-22 12:57:45.333066,completed
ORD_14435,USR_1937,2026-03-22 17:11:14.774954,completed
ORD_14436,USR_1543,2026-03-22 21:24:44.216843,completed
ORD_14437,USR_1745,2026-03-23 01:38:13.658731,completed
ORD_14438,USR_1793,2026-03-23 05:51:43.100620,completed
ORD_14439,USR_1024,2026-03-23 10:05:12.542508,completed
ORD_14440,USR_1842,2026-03-23 14:18:41.984396,returned
ORD_14441,USR_1790,2026-03-23 18:32:11.426285,completed
ORD_14442,USR_1737,2026-03-23 22:45:40.868173,completed
ORD_14443,USR_1056,2026-03-24 02:59:10.310062,completed
ORD_14444,USR_1179,2026-03-24 07:12:39.751950,completed
ORD_14445,USR_1231,2026-03-24 11:26:09.193838,completed
ORD_14446,USR_1893,2026-03-24 15:39:38.635727,completed
ORD_14447,USR_1342,2026-03-24 19:53:08.077615,returned
ORD_14448,USR_1476,2026-03-25 00:06:37.519503,completed
ORD_14449,USR_1798,2026-03-25 04:20:06.961392,cancelled
ORD_14450,USR_1575,2026-03-25 08:33:36.403280,cancelled
ORD_14451,USR_1454,2026-03-25 12:47:05.845169,returned
ORD_14452,USR_1231,2026-03-25 17:00:35.287057,completed
ORD_14453,USR_1288,2026-03-25 21:14:04.728945,completed
ORD_14454,USR_1212,2026-03-26 01:27:34.170834,completed
ORD_14455,USR_1257,2026-03-26 05:41:03.612722,completed
ORD_14456,USR_1529,2026-03-26 09:54:33.054610,completed
ORD_14457,USR_1686,2026-03-26 14:08:02.496499,completed
ORD_14458,USR_1928,2026-03-26 18:21:31.938387,completed
ORD_14459,USR_1228,2026-03-26 22:35:01.380276,returned
ORD_14460,USR_1225,2026-03-27 02:48:30.822164,completed
ORD_14461,USR_1595,2026-03-27 07:02:00.264052,completed
ORD_14462,USR_1802,2026-03-27 11:15:29.705941,completed
ORD_14463,USR_1434,2026-03-27 15:28:59.147829,completed
ORD_14464,USR_1881,2026-03-27 19:42:28.589717,completed
ORD_14465,USR_1757,2026-03-27 23:55:58.031606,cancelled
ORD_14466,USR_1401,2026-03-28 04:09:27.473494,completed
ORD_14467,USR_1621,2026-03-28 08:22:56.915383,completed
ORD_14468,USR_1765,2026-03-28 12:36:26.357271,returned
ORD_14469,USR_1087,2026-03-28 16:49:55.799159,completed
ORD_14470,USR_1583,2026-03-28 21:03:25.241048,completed
ORD_14471,USR_1892,2026-03-29 01:16:54.682936,completed
ORD_14472,USR_1541,2026-03-29 05:30:24.124824,completed
ORD_14473,USR_1683,2026-03-29 09:43:53.566713,completed
ORD_14474,USR_1308,2026-03-29 13:57:23.008601,completed
ORD_14475,USR_1905,2026-03-29 18:10:52.450490,completed
ORD_14476,USR_1342,2026-03-29 22:24:21.892378,returned
ORD_14477,USR_1435,2026-03-30 02:37:51.334266,completed
ORD_14478,USR_1176,2026-03-30 06:51:20.776155,completed
ORD_14479,USR_1138,2026-03-30 11:04:50.218043,returned
ORD_14480,USR_1193,2026-03-30 15:18:19.659931,cancelled
ORD_14481,USR_1185,2026-03-30 19:31:49.101820,returned
ORD_14482,USR_1217,2026-03-30 23:45:18.543708,completed
ORD_14483,USR_1163,2026-03-31 03:58:47.985597,completed
ORD_14484,USR_1160,2026-03-31 08:12:17.427485,completed
ORD_14485,USR_1942,2026-03-31 12:25:46.869373,completed
ORD_14486,USR_1524,2026-03-31 16:39:16.311262,completed
ORD_14487,USR_1807,2026-03-31 20:52:45.753150,completed
ORD_14488,USR_1600,2026-04-01 01:06:15.195039,completed
ORD_14489,USR_1835,2026-04-01 05:19:44.636927,cancelled
ORD_14490,USR_1041,2026-04-01 09:33:14.078815,completed
ORD_14491,USR_1914,2026-04-01 13:46:43.520704,completed
ORD_14492,USR_1209,2026-04-01 18:00:12.962592,completed
ORD_14493,USR_1740,2026-04-01 22:13:42.404480,completed
ORD_14494,USR_1861,2026-04-02 02:27:11.846369,completed
ORD_14495,USR_1274,2026-04-02 06:40:41.288257,completed
ORD_14496,USR_1953,2026-04-02 10:54:10.730146,completed
ORD_14497,USR_1278,2026-04-02 15:07:40.172034,completed
ORD_14498,USR_1250,2026-04-02 19:21:09.613922,completed
ORD_14499,USR_1309,2026-04-02 23:34:39.055811,completed
ORD_14500,USR_1719,2026-04-03 03:48:08.497699,completed
ORD_14501,USR_1832,2026-04-03 08:01:37.939587,completed
ORD_14502,USR_1139,2026-04-03 12:15:07.381476,completed
ORD_14503,USR_1791,2026-04-03 16:28:36.823364,completed
ORD_14504,USR_1545,2026-04-03 20:42:06.265253,completed
ORD_14505,USR_1820,2026-04-04 00:55:35.707141,completed
ORD_14506,USR_1903,2026-04-04 05:09:05.149029,returned
ORD_14507,USR_1529,2026-04-04 09:22:34.590918,completed
ORD_14508,USR_1056,2026-04-04 13:36:04.032806,cancelled
ORD_14509,USR_1111,2026-04-04 17:49:33.474694,completed
ORD_14510,USR_1004,2026-04-04 22:03:02.916583,completed
ORD_14511,USR_1409,2026-04-05 02:16:32.358471,completed
ORD_14512,USR_1413,2026-04-05 06:30:01.800360,completed
ORD_14513,USR_1181,2026-04-05 10:43:31.242248,completed
ORD_14514,USR_1012,2026-04-05 14:57:00.684136,completed
ORD_14515,USR_1338,2026-04-05 19:10:30.126025,completed
ORD_14516,USR_1796,2026-04-05 23:23:59.567913,completed
ORD_14517,USR_1258,2026-04-06 03:37:29.009801,cancelled
ORD_14518,USR_1089,2026-04-06 07:50:58.451690,completed
ORD_14519,USR_1615,2026-04-06 12:04:27.893578,completed
ORD_14520,USR_1890,2026-04-06 16:17:57.335467,completed
ORD_14521,USR_1697,2026-04-06 20:31:26.777355,cancelled
ORD_14522,USR_1249,2026-04-07 00:44:56.219243,completed
ORD_14523,USR_1254,2026-04-07 04:58:25.661132,completed
ORD_14524,USR_1587,2026-04-07 09:11:55.103020,returned
ORD_14525,USR_1897,2026-04-07 13:25:24.544908,completed
ORD_14526,USR_1970,2026-04-07 17:38:53.986797,completed
ORD_14527,USR_1107,2026-04-07 21:52:23.428685,completed
ORD_14528,USR_1667,2026-04-08 02:05:52.870574,completed
ORD_14529,USR_1593,2026-04-08 06:19:22.312462,returned
ORD_14530,USR_1588,2026-04-08 10:32:51.754350,completed
ORD_14531,USR_1484,2026-04-08 14:46:21.196239,cancelled
ORD_14532,USR_1981,2026-04-08 18:59:50.638127,returned
ORD_14533,USR_1971,2026-04-08 23:13:20.080016,completed
ORD_14534,USR_1257,2026-04-09 03:26:49.521904,completed
ORD_14535,USR_1638,2026-04-09 07:40:18.963792,completed
ORD_14536,USR_1996,2026-04-09 11:53:48.405681,completed
ORD_14537,USR_1902,2026-04-09 16:07:17.847569,completed
ORD_14538,USR_1281,2026-04-09 20:20:47.289457,completed
ORD_14539,USR_1985,2026-04-10 00:34:16.731346,completed
ORD_14540,USR_1087,2026-04-10 04:47:46.173234,completed
ORD_14541,USR_1203,2026-04-10 09:01:15.615123,completed
ORD_14542,USR_1015,2026-04-10 13:14:45.057011,cancelled
ORD_14543,USR_1150,2026-04-10 17:28:14.498899,completed
ORD_14544,USR_1935,2026-04-10 21:41:43.940788,returned
ORD_14545,USR_1253,2026-04-11 01:55:13.382676,completed
ORD_14546,USR_1187,2026-04-11 06:08:42.824564,completed
ORD_14547,USR_1328,2026-04-11 10:22:12.266453,completed
ORD_14548,USR_1543,2026-04-11 14:35:41.708341,completed
ORD_14549,USR_1782,2026-04-11 18:49:11.150230,completed
ORD_14550,USR_1996,2026-04-11 23:02:40.592118,completed
ORD_14551,USR_1396,2026-04-12 03:16:10.034006,completed
ORD_14552,USR_1516,2026-04-12 07:29:39.475895,completed
ORD_14553,USR_1458,2026-04-12 11:43:08.917783,completed
ORD_14554,USR_1329,2026-04-12 15:56:38.359671,completed
ORD_14555,USR_1819,2026-04-12 20:10:07.801560,completed
ORD_14556,USR_1844,2026-04-13 00:23:37.243448,completed
ORD_14557,USR_1168,2026-04-13 04:37:06.685337,cancelled
ORD_14558,USR_1692,2026-04-13 08:50:36.127225,returned
ORD_14559,USR_1365,2026-04-13 13:04:05.569113,cancelled
ORD_14560,USR_1177,2026-04-13 17:17:35.011002,completed
ORD_14561,USR_1654,2026-04-13 21:31:04.452890,completed
ORD_14562,USR_1361,2026-04-14 01:44:33.894778,completed
ORD_14563,USR_1759,2026-04-14 05:58:03.336667,completed
ORD_14564,USR_1638,2026-04-14 10:11:32.778555,returned
ORD_14565,USR_1774,2026-04-14 14:25:02.220444,completed
ORD_14566,USR_1039,2026-04-14 18:38:31.662332,completed
ORD_14567,USR_1923,2026-04-14 22:52:01.104220,completed
ORD_14568,USR_1415,2026-04-15 03:05:30.546109,returned
ORD_14569,USR_1354,2026-04-15 07:18:59.987997,completed
ORD_14570,USR_1254,2026-04-15 11:32:29.429885,completed
ORD_14571,USR_1142,2026-04-15 15:45:58.871774,completed
ORD_14572,USR_1751,2026-04-15 19:59:28.313662,completed
ORD_14573,USR_1739,2026-04-16 00:12:57.755551,returned
ORD_14574,USR_1852,2026-04-16 04:26:27.197439,completed
ORD_14575,USR_1709,2026-04-16 08:39:56.639327,completed
ORD_14576,USR_1576,2026-04-16 12:53:26.081216,returned
ORD_14577,USR_1899,2026-04-16 17:06:55.523104,completed
ORD_14578,USR_1010,2026-04-16 21:20:24.964993,completed
ORD_14579,USR_1619,2026-04-17 01:33:54.406881,completed
ORD_14580,USR_1025,2026-04-17 05:47:23.848769,completed
ORD_14581,USR_1956,2026-04-17 10:00:53.290658,completed
ORD_14582,USR_1420,2026-04-17 14:14:22.732546,completed
ORD_14583,USR_1662,2026-04-17 18:27:52.174434,completed
ORD_14584,USR_1220,2026-04-17 22:41:21.616323,completed
ORD_14585,USR_1852,2026-04-18 02:54:51.058211,cancelled
ORD_14586,USR_1495,2026-04-18 07:08:20.500100,completed
ORD_14587,USR_1236,2026-04-18 11:21:49.941988,completed
ORD_14588,USR_1236,2026-04-18 15:35:19.383876,returned
ORD_14589,USR_1218,2026-04-18 19:48:48.825765,completed
ORD_14590,USR_1486,2026-04-19 00:02:18.267653,completed
ORD_14591,USR_1935,2026-04-19 04:15:47.709541,completed
ORD_14592,USR_1460,2026-04-19 08:29:17.151430,completed
ORD_14593,USR_1662,2026-04-19 12:42:46.593318,completed
ORD_14594,USR_1634,2026-04-19 16:56:16.035207,completed
ORD_14595,USR_1143,2026-04-19 21:09:45.477095,completed
ORD_14596,USR_1989,2026-04-20 01:23:14.918983,completed
ORD_14597,USR_1188,2026-04-20 05:36:44.360872,returned
ORD_14598,USR_1254,2026-04-20 09:50:13.802760,returned
ORD_14599,USR_1067,2026-04-20 14:03:43.244648,completed
ORD_14600,USR_1615,2026-04-20 18:17:12.686537,returned
ORD_14601,USR_1335,2026-04-20 22:30:42.128425,completed
ORD_14602,USR_1670,2026-04-21 02:44:11.570314,completed
ORD_14603,USR_1820,2026-04-21 06:57:41.012202,completed
ORD_14604,USR_1873,2026-04-21 11:11:10.454090,completed
ORD_14605,USR_1408,2026-04-21 15:24:39.895979,completed
ORD_14606,USR_1299,2026-04-21 19:38:09.337867,completed
ORD_14607,USR_1907,2026-04-21 23:51:38.779755,completed
ORD_14608,USR_1601,2026-04-22 04:05:08.221644,completed
ORD_14609,USR_1356,2026-04-22 08:18:37.663532,cancelled
ORD_14610,USR_1255,2026-04-22 12:32:07.105421,completed
ORD_14611,USR_1352,2026-04-22 16:45:36.547309,completed
ORD_14612,USR_1731,2026-04-22 20:59:05.989197,completed
ORD_14613,USR_1520,2026-04-23 01:12:35.431086,completed
ORD_14614,USR_1523,2026-04-23 05:26:04.872974,completed
ORD_14615,USR_1836,2026-04-23 09:39:34.314862,completed
ORD_14616,USR_1949,2026-04-23 13:53:03.756751,completed
ORD_14617,USR_1755,2026-04-23 18:06:33.198639,cancelled
ORD_14618,USR_1693,2026-04-23 22:20:02.640528,completed
ORD_14619,USR_1283,2026-04-24 02:33:32.082416,returned
ORD_14620,USR_1311,2026-04-24 06:47:01.524304,returned
ORD_14621,USR_1098,2026-04-24 11:00:30.966193,completed
ORD_14622,USR_1196,2026-04-24 15:14:00.408081,completed
ORD_14623,USR_1481,2026-04-24 19:27:29.849970,completed
ORD_14624,USR_1877,2026-04-24 23:40:59.291858,completed
ORD_14625,USR_1225,2026-04-25 03:54:28.733746,completed
ORD_14626,USR_1844,2026-04-25 08:07:58.175635,completed
ORD_14627,USR_1614,2026-04-25 12:21:27.617523,completed
ORD_14628,USR_1617,2026-04-25 16:34:57.059411,returned
ORD_14629,USR_1364,2026-04-25 20:48:26.501300,completed
ORD_14630,USR_1367,2026-04-26 01:01:55.943188,returned
ORD_14631,USR_1569,2026-04-26 05:15:25.385077,completed
ORD_14632,USR_1589,2026-04-26 09:28:54.826965,returned
ORD_14633,USR_1074,2026-04-26 13:42:24.268853,completed
ORD_14634,USR_1041,2026-04-26 17:55:53.710742,completed
ORD_14635,USR_1421,2026-04-26 22:09:23.152630,completed
ORD_14636,USR_1835,2026-04-27 02:22:52.594518,completed
ORD_14637,USR_1180,2026-04-27 06:36:22.036407,completed
ORD_14638,USR_1544,2026-04-27 10:49:51.478295,completed
ORD_14639,USR_1070,2026-04-27 15:03:20.920184,completed
ORD_14640,USR_1567,2026-04-27 19:16:50.362072,completed
ORD_14641,USR_1104,2026-04-27 23:30:19.803960,completed
ORD_14642,USR_1199,2026-04-28 03:43:49.245849,completed
ORD_14643,USR_1100,2026-04-28 07:57:18.687737,completed
ORD_14644,USR_1767,2026-04-28 12:10:48.129625,cancelled
ORD_14645,USR_1306,2026-04-28 16:24:17.571514,completed
ORD_14646,USR_1585,2026-04-28 20:37:47.013402,completed
ORD_14647,USR_1682,2026-04-29 00:51:16.455291,returned
ORD_14648,USR_1376,2026-04-29 05:04:45.897179,completed
ORD_14649,USR_1654,2026-04-29 09:18:15.339067,completed
ORD_14650,USR_1677,2026-04-29 13:31:44.780956,completed
ORD_14651,USR_1398,2026-04-29 17:45:14.222844,completed
ORD_14652,USR_1772,2026-04-29 21:58:43.664732,completed
ORD_14653,USR_1220,2026-04-30 02:12:13.106621,completed
ORD_14654,USR_1594,2026-04-30 06:25:42.548509,completed
ORD_14655,USR_1181,2026-04-30 10:39:11.990398,completed
ORD_14656,USR_1306,2026-04-30 14:52:41.432286,completed
ORD_14657,USR_1521,2026-04-30 19:06:10.874174,cancelled
ORD_14658,USR_1395,2026-04-30 23:19:40.316063,completed
ORD_14659,USR_1003,2026-05-01 03:33:09.757951,returned
ORD_14660,USR_1862,2026-05-01 07:46:39.199839,cancelled
ORD_14661,USR_1913,2026-05-01 12:00:08.641728,completed
ORD_14662,USR_1847,2026-05-01 16:13:38.083616,completed
ORD_14663,USR_1999,2026-05-01 20:27:07.525505,completed
ORD_14664,USR_1803,2026-05-02 00:40:36.967393,returned
ORD_14665,USR_1280,2026-05-02 04:54:06.409281,completed
ORD_14666,USR_1214,2026-05-02 09:07:35.851170,cancelled
ORD_14667,USR_1971,2026-05-02 13:21:05.293058,completed
ORD_14668,USR_1609,2026-05-02 17:34:34.734946,completed
ORD_14669,USR_1419,2026-05-02 21:48:04.176835,completed
ORD_14670,USR_1100,2026-05-03 02:01:33.618723,completed
ORD_14671,USR_1962,2026-05-03 06:15:03.060612,completed
ORD_14672,USR_1520,2026-05-03 10:28:32.502500,completed
ORD_14673,USR_1572,2026-05-03 14:42:01.944388,completed
ORD_14674,USR_1308,2026-05-03 18:55:31.386277,completed
ORD_14675,USR_1657,2026-05-03 23:09:00.828165,returned
ORD_14676,USR_1938,2026-05-04 03:22:30.270054,returned
ORD_14677,USR_1930,2026-05-04 07:35:59.711942,completed
ORD_14678,USR_1509,2026-05-04 11:49:29.153830,completed
ORD_14679,USR_1062,2026-05-04 16:02:58.595719,completed
ORD_14680,USR_1632,2026-05-04 20:16:28.037607,completed
ORD_14681,USR_1225,2026-05-05 00:29:57.479495,completed
ORD_14682,USR_1104,2026-05-05 04:43:26.921384,completed
ORD_14683,USR_1973,2026-05-05 08:56:56.363272,returned
ORD_14684,USR_1771,2026-05-05 13:10:25.805161,returned
ORD_14685,USR_1860,2026-05-05 17:23:55.247049,completed
ORD_14686,USR_1424,2026-05-05 21:37:24.688937,completed
ORD_14687,USR_1254,2026-05-06 01:50:54.130826,completed
ORD_14688,USR_1428,2026-05-06 06:04:23.572714,completed
ORD_14689,USR_1433,2026-05-06 10:17:53.014602,completed
ORD_14690,USR_1206,2026-05-06 14:31:22.456491,completed
ORD_14691,USR_1027,2026-05-06 18:44:51.898379,completed
ORD_14692,USR_1681,2026-05-06 22:58:21.340268,returned
ORD_14693,USR_1335,2026-05-07 03:11:50.782156,completed
ORD_14694,USR_1587,2026-05-07 07:25:20.224044,returned
ORD_14695,USR_1627,2026-05-07 11:38:49.665933,completed
ORD_14696,USR_1068,2026-05-07 15:52:19.107821,cancelled
ORD_14697,USR_1865,2026-05-07 20:05:48.549709,completed
ORD_14698,USR_1745,2026-05-08 00:19:17.991598,completed
ORD_14699,USR_1512,2026-05-08 04:32:47.433486,completed
ORD_14700,USR_1166,2026-05-08 08:46:16.875375,completed
ORD_14701,USR_1863,2026-05-08 12:59:46.317263,completed
ORD_14702,USR_1729,2026-05-08 17:13:15.759151,completed
ORD_14703,USR_1784,2026-05-08 21:26:45.201040,completed
ORD_14704,USR_1367,2026-05-09 01:40:14.642928,completed
ORD_14705,USR_1250,2026-05-09 05:53:44.084816,returned
ORD_14706,USR_1858,2026-05-09 10:07:13.526705,completed
ORD_14707,USR_1855,2026-05-09 14:20:42.968593,completed
ORD_14708,USR_1930,2026-05-09 18:34:12.410482,completed
ORD_14709,USR_1685,2026-05-09 22:47:41.852370,completed
ORD_14710,USR_1169,2026-05-10 03:01:11.294258,completed
ORD_14711,USR_1757,2026-05-10 07:14:40.736147,completed
ORD_14712,USR_1934,2026-05-10 11:28:10.178035,completed
ORD_14713,USR_1089,2026-05-10 15:41:39.619923,completed
ORD_14714,USR_1560,2026-05-10 19:55:09.061812,completed
ORD_14715,USR_1445,2026-05-11 00:08:38.503700,completed
ORD_14716,USR_1293,2026-05-11 04:22:07.945589,completed
ORD_14717,USR_1918,2026-05-11 08:35:37.387477,completed
ORD_14718,USR_1149,2026-05-11 12:49:06.829365,completed
ORD_14719,USR_1131,2026-05-11 17:02:36.271254,cancelled
ORD_14720,USR_1432,2026-05-11 21:16:05.713142,cancelled
ORD_14721,USR_1058,2026-05-12 01:29:35.155031,completed
ORD_14722,USR_1968,2026-05-12 05:43:04.596919,completed
ORD_14723,USR_1835,2026-05-12 09:56:34.038807,completed
ORD_14724,USR_1198,2026-05-12 14:10:03.480696,completed
ORD_14725,USR_1214,2026-05-12 18:23:32.922584,completed
ORD_14726,USR_1897,2026-05-12 22:37:02.364472,completed
ORD_14727,USR_1560,2026-05-13 02:50:31.806361,completed
ORD_14728,USR_1471,2026-05-13 07:04:01.248249,completed
ORD_14729,USR_1743,2026-05-13 11:17:30.690138,completed
ORD_14730,USR_1246,2026-05-13 15:31:00.132026,completed
ORD_14731,USR_1381,2026-05-13 19:44:29.573914,completed
ORD_14732,USR_1990,2026-05-13 23:57:59.015803,completed
ORD_14733,USR_1238,2026-05-14 04:11:28.457691,completed
ORD_14734,USR_1926,2026-05-14 08:24:57.899579,completed
ORD_14735,USR_1366,2026-05-14 12:38:27.341468,completed
ORD_14736,USR_1167,2026-05-14 16:51:56.783356,completed
ORD_14737,USR_1559,2026-05-14 21:05:26.225245,completed
ORD_14738,USR_1050,2026-05-15 01:18:55.667133,completed
ORD_14739,USR_1810,2026-05-15 05:32:25.109021,completed
ORD_14740,USR_1609,2026-05-15 09:45:54.550910,completed
ORD_14741,USR_1950,2026-05-15 13:59:23.992798,completed
ORD_14742,USR_1727,2026-05-15 18:12:53.434686,completed
ORD_14743,USR_1688,2026-05-15 22:26:22.876575,returned
ORD_14744,USR_1379,2026-05-16 02:39:52.318463,cancelled
ORD_14745,USR_1473,2026-05-16 06:53:21.760352,completed
ORD_14746,USR_1079,2026-05-16 11:06:51.202240,cancelled
ORD_14747,USR_1696,2026-05-16 15:20:20.644128,completed
ORD_14748,USR_1366,2026-05-16 19:33:50.086017,completed
ORD_14749,USR_1460,2026-05-16 23:47:19.527905,completed
ORD_14750,USR_1910,2026-05-17 04:00:48.969793,returned
ORD_14751,USR_1538,2026-05-17 08:14:18.411682,completed
ORD_14752,USR_1451,2026-05-17 12:27:47.853570,returned
ORD_14753,USR_1463,2026-05-17 16:41:17.295459,completed
ORD_14754,USR_1959,2026-05-17 20:54:46.737347,completed
ORD_14755,USR_1477,2026-05-18 01:08:16.179235,completed
ORD_14756,USR_1925,2026-05-18 05:21:45.621124,completed
ORD_14757,USR_1419,2026-05-18 09:35:15.063012,completed
ORD_14758,USR_1706,2026-05-18 13:48:44.504900,completed
ORD_14759,USR_1213,2026-05-18 18:02:13.946789,completed
ORD_14760,USR_1368,2026-05-18 22:15:43.388677,completed
ORD_14761,USR_1853,2026-05-19 02:29:12.830566,completed
ORD_14762,USR_1113,2026-05-19 06:42:42.272454,returned
ORD_14763,USR_1753,2026-05-19 10:56:11.714342,completed
ORD_14764,USR_1502,2026-05-19 15:09:41.156231,completed
ORD_14765,USR_1635,2026-05-19 19:23:10.598119,completed
ORD_14766,USR_1816,2026-05-19 23:36:40.040008,completed
ORD_14767,USR_1587,2026-05-20 03:50:09.481896,returned
ORD_14768,USR_1310,2026-05-20 08:03:38.923784,returned
ORD_14769,USR_1468,2026-05-20 12:17:08.365673,completed
ORD_14770,USR_1823,2026-05-20 16:30:37.807561,completed
ORD_14771,USR_1707,2026-05-20 20:44:07.249449,returned
ORD_14772,USR_1862,2026-05-21 00:57:36.691338,returned
ORD_14773,USR_1043,2026-05-21 05:11:06.133226,returned
ORD_14774,USR_1414,2026-05-21 09:24:35.575115,returned
ORD_14775,USR_1697,2026-05-21 13:38:05.017003,completed
ORD_14776,USR_1854,2026-05-21 17:51:34.458891,completed
ORD_14777,USR_1245,2026-05-21 22:05:03.900780,completed
ORD_14778,USR_1948,2026-05-22 02:18:33.342668,completed
ORD_14779,USR_1083,2026-05-22 06:32:02.784556,completed
ORD_14780,USR_1206,2026-05-22 10:45:32.226445,completed
ORD_14781,USR_1150,2026-05-22 14:59:01.668333,completed
ORD_14782,USR_1667,2026-05-22 19:12:31.110222,completed
ORD_14783,USR_1527,2026-05-22 23:26:00.552110,completed
ORD_14784,USR_1164,2026-05-23 03:39:29.993998,completed
ORD_14785,USR_1916,2026-05-23 07:52:59.435887,completed
ORD_14786,USR_1974,2026-05-23 12:06:28.877775,completed
ORD_14787,USR_1144,2026-05-23 16:19:58.319663,returned
ORD_14788,USR_1036,2026-05-23 20:33:27.761552,completed
ORD_14789,USR_1332,2026-05-24 00:46:57.203440,completed
ORD_14790,USR_1402,2026-05-24 05:00:26.645329,completed
ORD_14791,USR_1413,2026-05-24 09:13:56.087217,completed
ORD_14792,USR_1044,2026-05-24 13:27:25.529105,completed
ORD_14793,USR_1401,2026-05-24 17:40:54.970994,completed
ORD_14794,USR_1205,2026-05-24 21:54:24.412882,returned
ORD_14795,USR_1061,2026-05-25 02:07:53.854770,completed
ORD_14796,USR_1419,2026-05-25 06:21:23.296659,completed
ORD_14797,USR_1867,2026-05-25 10:34:52.738547,completed
ORD_14798,USR_1467,2026-05-25 14:48:22.180436,completed
ORD_14799,USR_1819,2026-05-25 19:01:51.622324,completed
ORD_14800,USR_1018,2026-05-25 23:15:21.064212,returned
ORD_14801,USR_1364,2026-05-26 03:28:50.506101,completed
ORD_14802,USR_1299,2026-05-26 07:42:19.947989,completed
ORD_14803,USR_1006,2026-05-26 11:55:49.389877,completed
ORD_14804,USR_1760,2026-05-26 16:09:18.831766,completed
ORD_14805,USR_1427,2026-05-26 20:22:48.273654,completed
ORD_14806,USR_1116,2026-05-27 00:36:17.715543,completed
ORD_14807,USR_1579,2026-05-27 04:49:47.157431,completed
ORD_14808,USR_1506,2026-05-27 09:03:16.599319,completed
ORD_14809,USR_1545,2026-05-27 13:16:46.041208,returned
ORD_14810,USR_1705,2026-05-27 17:30:15.483096,completed
ORD_14811,USR_1324,2026-05-27 21:43:44.924985,completed
ORD_14812,USR_1054,2026-05-28 01:57:14.366873,completed
ORD_14813,USR_1777,2026-05-28 06:10:43.808761,completed
ORD_14814,USR_1991,2026-05-28 10:24:13.250650,completed
ORD_14815,USR_1041,2026-05-28 14:37:42.692538,completed
ORD_14816,USR_1296,2026-05-28 18:51:12.134426,completed
ORD_14817,USR_1972,2026-05-28 23:04:41.576315,completed
ORD_14818,USR_1230,2026-05-29 03:18:11.018203,completed
ORD_14819,USR_1452,2026-05-29 07:31:40.460092,completed
ORD_14820,USR_1889,2026-05-29 11:45:09.901980,completed
ORD_14821,USR_1393,2026-05-29 15:58:39.343868,completed
ORD_14822,USR_1521,2026-05-29 20:12:08.785757,cancelled
ORD_14823,USR_1357,2026-05-30 00:25:38.227645,completed
ORD_14824,USR_1986,2026-05-30 04:39:07.669533,completed
ORD_14825,USR_1443,2026-05-30 08:52:37.111422,completed
ORD_14826,USR_1127,2026-05-30 13:06:06.553310,completed
ORD_14827,USR_1690,2026-05-30 17:19:35.995199,completed
ORD_14828,USR_1404,2026-05-30 21:33:05.437087,returned
ORD_14829,USR_1391,2026-05-31 01:46:34.878975,completed
ORD_14830,USR_1192,2026-05-31 06:00:04.320864,cancelled
ORD_14831,USR_1603,2026-05-31 10:13:33.762752,completed
ORD_14832,USR_1880,2026-05-31 14:27:03.204640,completed
ORD_14833,USR_1742,2026-05-31 18:40:32.646529,completed
ORD_14834,USR_1077,2026-05-31 22:54:02.088417,completed
ORD_14835,USR_1084,2026-06-01 03:07:31.530306,completed
ORD_14836,USR_1029,2026-06-01 07:21:00.972194,returned
ORD_14837,USR_1724,2026-06-01 11:34:30.414082,completed
ORD_14838,USR_1048,2026-06-01 15:47:59.855971,returned
ORD_14839,USR_1776,2026-06-01 20:01:29.297859,returned
ORD_14840,USR_1144,2026-06-02 00:14:58.739747,cancelled
ORD_14841,USR_1068,2026-06-02 04:28:28.181636,completed
ORD_14842,USR_1057,2026-06-02 08:41:57.623524,completed
ORD_14843,USR_1696,2026-06-02 12:55:27.065413,completed
ORD_14844,USR_1573,2026-06-02 17:08:56.507301,completed
ORD_14845,USR_1478,2026-06-02 21:22:25.949189,completed
ORD_14846,USR_1819,2026-06-03 01:35:55.391078,completed
ORD_14847,USR_1444,2026-06-03 05:49:24.832966,completed
ORD_14848,USR_1295,2026-06-03 10:02:54.274854,returned
ORD_14849,USR_1677,2026-06-03 14:16:23.716743,returned
ORD_14850,USR_1170,2026-06-03 18:29:53.158631,completed
ORD_14851,USR_1574,2026-06-03 22:43:22.600520,completed
ORD_14852,USR_1146,2026-06-04 02:56:52.042408,completed
ORD_14853,USR_1483,2026-06-04 07:10:21.484296,completed
ORD_14854,USR_1305,2026-06-04 11:23:50.926185,completed
ORD_14855,USR_1672,2026-06-04 15:37:20.368073,completed
ORD_14856,USR_1652,2026-06-04 19:50:49.809962,completed
ORD_14857,USR_1845,2026-06-05 00:04:19.251850,completed
ORD_14858,USR_1608,2026-06-05 04:17:48.693738,completed
ORD_14859,USR_1445,2026-06-05 08:31:18.135627,completed
ORD_14860,USR_1220,2026-06-05 12:44:47.577515,cancelled
ORD_14861,USR_1554,2026-06-05 16:58:17.019403,completed
ORD_14862,USR_1944,2026-06-05 21:11:46.461292,completed
ORD_14863,USR_1803,2026-06-06 01:25:15.903180,completed
ORD_14864,USR_1377,2026-06-06 05:38:45.345069,completed
ORD_14865,USR_1619,2026-06-06 09:52:14.786957,completed
ORD_14866,USR_1265,2026-06-06 14:05:44.228845,completed
ORD_14867,USR_1094,2026-06-06 18:19:13.670734,completed
ORD_14868,USR_1261,2026-06-06 22:32:43.112622,completed
ORD_14869,USR_1824,2026-06-07 02:46:12.554510,completed
ORD_14870,USR_1896,2026-06-07 06:59:41.996399,completed
ORD_14871,USR_1070,2026-06-07 11:13:11.438287,completed
ORD_14872,USR_1953,2026-06-07 15:26:40.880176,completed
ORD_14873,USR_1218,2026-06-07 19:40:10.322064,completed
ORD_14874,USR_1532,2026-06-07 23:53:39.763952,returned
ORD_14875,USR_1091,2026-06-08 04:07:09.205841,returned
ORD_14876,USR_1126,2026-06-08 08:20:38.647729,completed
ORD_14877,USR_1079,2026-06-08 12:34:08.089617,returned
ORD_14878,USR_1823,2026-06-08 16:47:37.531506,completed
ORD_14879,USR_1237,2026-06-08 21:01:06.973394,returned
ORD_14880,USR_1982,2026-06-09 01:14:36.415283,completed
ORD_14881,USR_1371,2026-06-09 05:28:05.857171,completed
ORD_14882,USR_1915,2026-06-09 09:41:35.299059,returned
ORD_14883,USR_1485,2026-06-09 13:55:04.740948,completed
ORD_14884,USR_1693,2026-06-09 18:08:34.182836,completed
ORD_14885,USR_1024,2026-06-09 22:22:03.624724,completed
ORD_14886,USR_1155,2026-06-10 02:35:33.066613,completed
ORD_14887,USR_1516,2026-06-10 06:49:02.508501,completed
ORD_14888,USR_1631,2026-06-10 11:02:31.950390,completed
ORD_14889,USR_1788,2026-06-10 15:16:01.392278,returned
ORD_14890,USR_1529,2026-06-10 19:29:30.834166,completed
ORD_14891,USR_1942,2026-06-10 23:43:00.276055,cancelled
ORD_14892,USR_1709,2026-06-11 03:56:29.717943,returned
ORD_14893,USR_1056,2026-06-11 08:09:59.159831,completed
ORD_14894,USR_1604,2026-06-11 12:23:28.601720,completed
ORD_14895,USR_1018,2026-06-11 16:36:58.043608,completed
ORD_14896,USR_1383,2026-06-11 20:50:27.485497,completed
ORD_14897,USR_1864,2026-06-12 01:03:56.927385,completed
ORD_14898,USR_1192,2026-06-12 05:17:26.369273,completed
ORD_14899,USR_1236,2026-06-12 09:30:55.811162,completed
ORD_14900,USR_1386,2026-06-12 13:44:25.253050,completed
ORD_14901,USR_1425,2026-06-12 17:57:54.694938,completed
ORD_14902,USR_1276,2026-06-12 22:11:24.136827,completed
ORD_14903,USR_1226,2026-06-13 02:24:53.578715,completed
ORD_14904,USR_1744,2026-06-13 06:38:23.020604,completed
ORD_14905,USR_1551,2026-06-13 10:51:52.462492,completed
ORD_14906,USR_1322,2026-06-13 15:05:21.904380,cancelled
ORD_14907,USR_1152,2026-06-13 19:18:51.346269,completed
ORD_14908,USR_1638,2026-06-13 23:32:20.788157,completed
ORD_14909,USR_1236,2026-06-14 03:45:50.230046,completed
ORD_14910,USR_1997,2026-06-14 07:59:19.671934,cancelled
ORD_14911,USR_1054,2026-06-14 12:12:49.113822,completed
ORD_14912,USR_1979,2026-06-14 16:26:18.555711,completed
ORD_14913,USR_1435,2026-06-14 20:39:47.997599,cancelled
ORD_14914,USR_1683,2026-06-15 00:53:17.439487,completed
ORD_14915,USR_1108,2026-06-15 05:06:46.881376,completed
ORD_14916,USR_1865,2026-06-15 09:20:16.323264,completed
ORD_14917,USR_1980,2026-06-15 13:33:45.765153,returned
ORD_14918,USR_1183,2026-06-15 17:47:15.207041,completed
ORD_14919,USR_1950,2026-06-15 22:00:44.648929,completed
ORD_14920,USR_1367,2026-06-16 02:14:14.090818,returned
ORD_14921,USR_1982,2026-06-16 06:27:43.532706,completed
ORD_14922,USR_1197,2026-06-16 10:41:12.974594,completed
ORD_14923,USR_1370,2026-06-16 14:54:42.416483,completed
ORD_14924,USR_1372,2026-06-16 19:08:11.858371,completed
ORD_14925,USR_1972,2026-06-16 23:21:41.300260,completed
ORD_14926,USR_1496,2026-06-17 03:35:10.742148,completed
ORD_14927,USR_1598,2026-06-17 07:48:40.184036,completed
ORD_14928,USR_1200,2026-06-17 12:02:09.625925,completed
ORD_14929,USR_1848,2026-06-17 16:15:39.067813,completed
ORD_14930,USR_1508,2026-06-17 20:29:08.509701,completed
ORD_14931,USR_1321,2026-06-18 00:42:37.951590,completed
ORD_14932,USR_1274,2026-06-18 04:56:07.393478,completed
ORD_14933,USR_1210,2026-06-18 09:09:36.835367,completed
ORD_14934,USR_1503,2026-06-18 13:23:06.277255,completed
ORD_14935,USR_1902,2026-06-18 17:36:35.719143,completed
ORD_14936,USR_1117,2026-06-18 21:50:05.161032,completed
ORD_14937,USR_1702,2026-06-19 02:03:34.602920,returned
ORD_14938,USR_1553,2026-06-19 06:17:04.044808,completed
ORD_14939,USR_1041,2026-06-19 10:30:33.486697,completed
ORD_14940,USR_1314,2026-06-19 14:44:02.928585,cancelled
ORD_14941,USR_1787,2026-06-19 18:57:32.370474,completed
ORD_14942,USR_1328,2026-06-19 23:11:01.812362,completed
ORD_14943,USR_1016,2026-06-20 03:24:31.254250,completed
ORD_14944,USR_1282,2026-06-20 07:38:00.696139,completed
ORD_14945,USR_1942,2026-06-20 11:51:30.138027,completed
ORD_14946,USR_1257,2026-06-20 16:04:59.579915,completed
ORD_14947,USR_1574,2026-06-20 20:18:29.021804,completed
ORD_14948,USR_1573,2026-06-21 00:31:58.463692,completed
ORD_14949,USR_1611,2026-06-21 04:45:27.905581,completed
ORD_14950,USR_1018,2026-06-21 08:58:57.347469,cancelled
ORD_14951,USR_1528,2026-06-21 13:12:26.789357,completed
ORD_14952,USR_1836,2026-06-21 17:25:56.231246,completed
ORD_14953,USR_1422,2026-06-21 21:39:25.673134,completed
ORD_14954,USR_1465,2026-06-22 01:52:55.115023,completed
ORD_14955,USR_1372,2026-06-22 06:06:24.556911,completed
ORD_14956,USR_1757,2026-06-22 10:19:53.998799,completed
ORD_14957,USR_1762,2026-06-22 14:33:23.440688,completed
ORD_14958,USR_1966,2026-06-22 18:46:52.882576,completed
ORD_14959,USR_1080,2026-06-22 23:00:22.324464,completed
ORD_14960,USR_1550,2026-06-23 03:13:51.766353,completed
ORD_14961,USR_1547,2026-06-23 07:27:21.208241,returned
ORD_14962,USR_1423,2026-06-23 11:40:50.650130,cancelled
ORD_14963,USR_1428,2026-06-23 15:54:20.092018,completed
ORD_14964,USR_1387,2026-06-23 20:07:49.533906,completed
ORD_14965,USR_1997,2026-06-24 00:21:18.975795,completed
ORD_14966,USR_1920,2026-06-24 04:34:48.417683,completed
ORD_14967,USR_1708,2026-06-24 08:48:17.859571,cancelled
ORD_14968,USR_1669,2026-06-24 13:01:47.301460,completed
ORD_14969,USR_1203,2026-06-24 17:15:16.743348,returned
ORD_14970,USR_1195,2026-06-24 21:28:46.185237,cancelled
ORD_14971,USR_1727,2026-06-25 01:42:15.627125,returned
ORD_14972,USR_1284,2026-06-25 05:55:45.069013,completed
ORD_14973,USR_1968,2026-06-25 10:09:14.510902,completed
ORD_14974,USR_1195,2026-06-25 14:22:43.952790,completed
ORD_14975,USR_1306,2026-06-25 18:36:13.394678,completed
ORD_14976,USR_1663,2026-06-25 22:49:42.836567,completed
ORD_14977,USR_1013,2026-06-26 03:03:12.278455,completed
ORD_14978,USR_1836,2026-06-26 07:16:41.720344,completed
ORD_14979,USR_1145,2026-06-26 11:30:11.162232,completed
ORD_14980,USR_1937,2026-06-26 15:43:40.604120,completed
ORD_14981,USR_1056,2026-06-26 19:57:10.046009,completed
ORD_14982,USR_1722,2026-06-27 00:10:39.487897,completed
ORD_14983,USR_1779,2026-06-27 04:24:08.929785,completed
ORD_14984,USR_1209,2026-06-27 08:37:38.371674,completed
ORD_14985,USR_1528,2026-06-27 12:51:07.813562,completed
ORD_14986,USR_1797,2026-06-27 17:04:37.255451,completed
ORD_14987,USR_1343,2026-06-27 21:18:06.697339,completed
ORD_14988,USR_1714,2026-06-28 01:31:36.139227,completed
ORD_14989,USR_1610,2026-06-28 05:45:05.581116,completed
ORD_14990,USR_1278,2026-06-28 09:58:35.023004,completed
ORD_14991,USR_1208,2026-06-28 14:12:04.464892,completed
ORD_14992,USR_1640,2026-06-28 18:25:33.906781,completed
ORD_14993,USR_1334,2026-06-28 22:39:03.348669,completed
ORD_14994,USR_1287,2026-06-29 02:52:32.790558,completed
ORD_14995,USR_1251,2026-06-29 07:06:02.232446,completed
ORD_14996,USR_1264,2026-06-29 11:19:31.674334,cancelled
ORD_14997,USR_1270,2026-06-29 15:33:01.116223,completed
ORD_14998,USR_1923,2026-06-29 19:46:30.558111,completed
ORD_14999,USR_1919,2026-06-30 00:00:00.000000,completed
