[0m21:29:04.733411 [debug] [MainThread]: Sending event: {'category': 'dbt', 'action': 'invocation', 'label': 'start', 'context': [<snowplow_tracker.self_describing_json.SelfDescribingJson object at 0x000001C3E2CD6780>, <snowplow_tracker.self_describing_json.SelfDescribingJson object at 0x000001C3E217A780>, <snowplow_tracker.self_describing_json.SelfDescribingJson object at 0x000001C3E1F911C0>]}


============================== 21:29:04.742347 | 8b09f085-8514-41d6-982e-ccc326a352c6 ==============================
[0m21:29:04.742347 [info ] [MainThread]: Running with dbt=1.11.7
[0m21:29:04.743360 [debug] [MainThread]: running dbt with arguments {'version_check': 'True', 'no_print': 'None', 'static_parser': 'True', 'target_path': 'None', 'warn_error_options': 'WarnErrorOptionsV2(error=[], warn=[], silence=[])', 'printer_width': '80', 'write_json': 'True', 'introspect': 'True', 'log_cache_events': 'False', 'empty': 'None', 'cache_selected_only': 'False', 'log_format': 'default', 'debug': 'False', 'fail_fast': 'False', 'partial_parse': 'True', 'send_anonymous_usage_stats': 'True', 'quiet': 'False', 'warn_error': 'None', 'profiles_dir': '.', 'invocation_command': 'dbt debug --profiles-dir .', 'use_colors': 'True', 'indirect_selection': 'eager', 'use_experimental_parser': 'False', 'log_path': 'C:\\Users\\ZELİHA TUTAR\\OneDrive\\Desktop\\ecommerce-retention-analytics\\logs'}
[0m21:29:04.810978 [info ] [MainThread]: dbt version: 1.11.7
[0m21:29:04.811977 [info ] [MainThread]: python version: 3.12.0
[0m21:29:04.812976 [info ] [MainThread]: python path: C:\Users\ZELİHA TUTAR\AppData\Local\Programs\Python\Python312\python.exe
[0m21:29:04.813976 [info ] [MainThread]: os info: Windows-11-10.0.26200-SP0
[0m21:29:04.820864 [info ] [MainThread]: Using profiles dir at .
[0m21:29:04.821864 [info ] [MainThread]: Using profiles.yml file at .\profiles.yml
[0m21:29:04.823064 [info ] [MainThread]: Using dbt_project.yml file at C:\Users\ZELİHA TUTAR\OneDrive\Desktop\ecommerce-retention-analytics\dbt_project.yml
[0m21:29:05.053690 [info ] [MainThread]: Configuration:
[0m21:29:05.056681 [info ] [MainThread]:   profiles.yml file [[31mERROR invalid[0m]
[0m21:29:05.057681 [info ] [MainThread]:   dbt_project.yml file [[32mOK found and valid[0m]
[0m21:29:05.058681 [info ] [MainThread]: Required dependencies:
[0m21:29:05.059680 [debug] [MainThread]: Executing "git --help"
[0m21:29:05.125683 [debug] [MainThread]: STDOUT: "b"usage: git [-v | --version] [-h | --help] [-C <path>] [-c <name>=<value>]\n           [--exec-path[=<path>]] [--html-path] [--man-path] [--info-path]\n           [-p | --paginate | -P | --no-pager] [--no-replace-objects] [--no-lazy-fetch]\n           [--no-optional-locks] [--no-advice] [--bare] [--git-dir=<path>]\n           [--work-tree=<path>] [--namespace=<name>] [--config-env=<name>=<envvar>]\n           <command> [<args>]\n\nThese are common Git commands used in various situations:\n\nstart a working area (see also: git help tutorial)\n   clone      Clone a repository into a new directory\n   init       Create an empty Git repository or reinitialize an existing one\n\nwork on the current change (see also: git help everyday)\n   add        Add file contents to the index\n   mv         Move or rename a file, a directory, or a symlink\n   restore    Restore working tree files\n   rm         Remove files from the working tree and from the index\n\nexamine the history and state (see also: git help revisions)\n   bisect     Use binary search to find the commit that introduced a bug\n   diff       Show changes between commits, commit and working tree, etc\n   grep       Print lines matching a pattern\n   log        Show commit logs\n   show       Show various types of objects\n   status     Show the working tree status\n\ngrow, mark and tweak your common history\n   backfill   Download missing objects in a partial clone\n   branch     List, create, or delete branches\n   commit     Record changes to the repository\n   merge      Join two or more development histories together\n   rebase     Reapply commits on top of another base tip\n   reset      Reset current HEAD to the specified state\n   switch     Switch branches\n   tag        Create, list, delete or verify tags\n\ncollaborate (see also: git help workflows)\n   fetch      Download objects and refs from another repository\n   pull       Fetch from and integrate with another repository or a local branch\n   push       Update remote refs along with associated objects\n\n'git help -a' and 'git help -g' list available subcommands and some\nconcept guides. See 'git help <command>' or 'git help <concept>'\nto read about a specific subcommand or concept.\nSee 'git help git' for an overview of the system.\n""
[0m21:29:05.126681 [debug] [MainThread]: STDERR: "b''"
[0m21:29:05.126681 [info ] [MainThread]:  - git [[32mOK found[0m]

[0m21:29:05.127682 [info ] [MainThread]: Connection test skipped since no profile was found
[0m21:29:05.128683 [info ] [MainThread]: [31m1 check failed:[0m
[0m21:29:05.129682 [info ] [MainThread]: Profile loading failed for the following reason:
Runtime Error
  Could not find profile named 'ecommerce_profile'


[0m21:29:05.130682 [debug] [MainThread]: Command `dbt debug` failed at 21:29:05.130682 after 0.66 seconds
[0m21:29:05.131682 [debug] [MainThread]: Sending event: {'category': 'dbt', 'action': 'invocation', 'label': 'end', 'context': [<snowplow_tracker.self_describing_json.SelfDescribingJson object at 0x000001C3E14F6B70>, <snowplow_tracker.self_describing_json.SelfDescribingJson object at 0x000001C3E1FE6A20>, <snowplow_tracker.self_describing_json.SelfDescribingJson object at 0x000001C3DEF000E0>]}
[0m21:29:05.132681 [debug] [MainThread]: Flushing usage events
[0m21:29:06.279976 [debug] [MainThread]: An error was encountered while trying to flush usage events
[0m21:30:29.457163 [debug] [MainThread]: Sending event: {'category': 'dbt', 'action': 'invocation', 'label': 'start', 'context': [<snowplow_tracker.self_describing_json.SelfDescribingJson object at 0x0000018AC9089F70>, <snowplow_tracker.self_describing_json.SelfDescribingJson object at 0x0000018ACC5F0230>, <snowplow_tracker.self_describing_json.SelfDescribingJson object at 0x0000018AC854D160>]}


============================== 21:30:29.464157 | 21ad191f-b22d-4995-92ae-e7be61599298 ==============================
[0m21:30:29.464157 [info ] [MainThread]: Running with dbt=1.11.7
[0m21:30:29.466157 [debug] [MainThread]: running dbt with arguments {'static_parser': 'True', 'no_print': 'None', 'version_check': 'True', 'warn_error_options': 'WarnErrorOptionsV2(error=[], warn=[], silence=[])', 'target_path': 'None', 'printer_width': '80', 'write_json': 'True', 'empty': 'None', 'log_cache_events': 'False', 'introspect': 'True', 'cache_selected_only': 'False', 'fail_fast': 'False', 'debug': 'False', 'log_format': 'default', 'profiles_dir': '.', 'send_anonymous_usage_stats': 'True', 'quiet': 'False', 'warn_error': 'None', 'partial_parse': 'True', 'indirect_selection': 'eager', 'use_colors': 'True', 'invocation_command': 'dbt debug --profiles-dir .', 'use_experimental_parser': 'False', 'log_path': 'C:\\Users\\ZELİHA TUTAR\\OneDrive\\Desktop\\ecommerce-retention-analytics\\logs'}
[0m21:30:29.492156 [info ] [MainThread]: dbt version: 1.11.7
[0m21:30:29.493158 [info ] [MainThread]: python version: 3.12.0
[0m21:30:29.494155 [info ] [MainThread]: python path: C:\Users\ZELİHA TUTAR\AppData\Local\Programs\Python\Python312\python.exe
[0m21:30:29.495153 [info ] [MainThread]: os info: Windows-11-10.0.26200-SP0
[0m21:30:30.920589 [info ] [MainThread]: Using profiles dir at .
[0m21:30:30.921589 [info ] [MainThread]: Using profiles.yml file at .\profiles.yml
[0m21:30:30.922590 [info ] [MainThread]: Using dbt_project.yml file at C:\Users\ZELİHA TUTAR\OneDrive\Desktop\ecommerce-retention-analytics\dbt_project.yml
[0m21:30:30.922590 [info ] [MainThread]: adapter type: bigquery
[0m21:30:30.923595 [info ] [MainThread]: adapter version: 1.11.1
[0m21:30:31.118937 [info ] [MainThread]: Configuration:
[0m21:30:31.120938 [info ] [MainThread]:   profiles.yml file [[32mOK found and valid[0m]
[0m21:30:31.120938 [info ] [MainThread]:   dbt_project.yml file [[32mOK found and valid[0m]
[0m21:30:31.121938 [info ] [MainThread]: Required dependencies:
[0m21:30:31.122933 [debug] [MainThread]: Executing "git --help"
[0m21:30:31.189347 [debug] [MainThread]: STDOUT: "b"usage: git [-v | --version] [-h | --help] [-C <path>] [-c <name>=<value>]\n           [--exec-path[=<path>]] [--html-path] [--man-path] [--info-path]\n           [-p | --paginate | -P | --no-pager] [--no-replace-objects] [--no-lazy-fetch]\n           [--no-optional-locks] [--no-advice] [--bare] [--git-dir=<path>]\n           [--work-tree=<path>] [--namespace=<name>] [--config-env=<name>=<envvar>]\n           <command> [<args>]\n\nThese are common Git commands used in various situations:\n\nstart a working area (see also: git help tutorial)\n   clone      Clone a repository into a new directory\n   init       Create an empty Git repository or reinitialize an existing one\n\nwork on the current change (see also: git help everyday)\n   add        Add file contents to the index\n   mv         Move or rename a file, a directory, or a symlink\n   restore    Restore working tree files\n   rm         Remove files from the working tree and from the index\n\nexamine the history and state (see also: git help revisions)\n   bisect     Use binary search to find the commit that introduced a bug\n   diff       Show changes between commits, commit and working tree, etc\n   grep       Print lines matching a pattern\n   log        Show commit logs\n   show       Show various types of objects\n   status     Show the working tree status\n\ngrow, mark and tweak your common history\n   backfill   Download missing objects in a partial clone\n   branch     List, create, or delete branches\n   commit     Record changes to the repository\n   merge      Join two or more development histories together\n   rebase     Reapply commits on top of another base tip\n   reset      Reset current HEAD to the specified state\n   switch     Switch branches\n   tag        Create, list, delete or verify tags\n\ncollaborate (see also: git help workflows)\n   fetch      Download objects and refs from another repository\n   pull       Fetch from and integrate with another repository or a local branch\n   push       Update remote refs along with associated objects\n\n'git help -a' and 'git help -g' list available subcommands and some\nconcept guides. See 'git help <command>' or 'git help <concept>'\nto read about a specific subcommand or concept.\nSee 'git help git' for an overview of the system.\n""
[0m21:30:31.190348 [debug] [MainThread]: STDERR: "b''"
[0m21:30:31.191346 [info ] [MainThread]:  - git [[32mOK found[0m]

[0m21:30:31.192345 [info ] [MainThread]: Connection:
[0m21:30:31.193348 [info ] [MainThread]:   method: oauth
[0m21:30:31.193348 [info ] [MainThread]:   database: project-505e76f5-40a4-4295-b57
[0m21:30:31.194346 [info ] [MainThread]:   execution_project: project-505e76f5-40a4-4295-b57
[0m21:30:31.195347 [info ] [MainThread]:   schema: ecom_staging
[0m21:30:31.195347 [info ] [MainThread]:   location: EU
[0m21:30:31.196348 [info ] [MainThread]:   priority: None
[0m21:30:31.197349 [info ] [MainThread]:   maximum_bytes_billed: None
[0m21:30:31.198349 [info ] [MainThread]:   impersonate_service_account: None
[0m21:30:31.198349 [info ] [MainThread]:   job_retry_deadline_seconds: None
[0m21:30:31.199346 [info ] [MainThread]:   job_retries: 1
[0m21:30:31.199346 [info ] [MainThread]:   job_creation_timeout_seconds: None
[0m21:30:31.200347 [info ] [MainThread]:   job_execution_timeout_seconds: None
[0m21:30:31.200347 [info ] [MainThread]:   timeout_seconds: None
[0m21:30:31.201347 [info ] [MainThread]:   client_id: None
[0m21:30:31.201347 [info ] [MainThread]:   token_uri: None
[0m21:30:31.201347 [info ] [MainThread]:   compute_region: None
[0m21:30:31.202348 [info ] [MainThread]:   dataproc_cluster_name: None
[0m21:30:31.202348 [info ] [MainThread]:   gcs_bucket: None
[0m21:30:31.203348 [info ] [MainThread]:   dataproc_batch: None
[0m21:30:31.204347 [info ] [MainThread]: Registered adapter: bigquery=1.11.1
[0m21:30:31.973105 [debug] [MainThread]: Acquiring new bigquery connection 'debug'
[0m21:30:31.974104 [debug] [MainThread]: On debug: select 1 as id
[0m21:30:31.974104 [debug] [MainThread]: Opening a new connection, currently in state init
[0m21:30:35.208651 [debug] [MainThread]: BigQuery adapter: https://console.cloud.google.com/bigquery?project=project-505e76f5-40a4-4295-b57&j=bq:EU:11823889-af76-4f03-9737-57ade3e94f36&page=queryresults
[0m21:30:35.524387 [debug] [MainThread]: SQL status: OK in 0.314 seconds
[0m21:30:37.514592 [info ] [MainThread]:   Connection test: [[32mOK connection ok[0m]

[0m21:30:37.516591 [info ] [MainThread]: [32mAll checks passed![0m
[0m21:30:37.518588 [debug] [MainThread]: Command `dbt debug` succeeded at 21:30:37.517588 after 8.32 seconds
[0m21:30:37.518588 [debug] [MainThread]: Connection 'debug' was properly closed.
[0m21:30:37.519587 [debug] [MainThread]: Sending event: {'category': 'dbt', 'action': 'invocation', 'label': 'end', 'context': [<snowplow_tracker.self_describing_json.SelfDescribingJson object at 0x0000018ACD762C90>, <snowplow_tracker.self_describing_json.SelfDescribingJson object at 0x0000018AC8784080>, <snowplow_tracker.self_describing_json.SelfDescribingJson object at 0x0000018ACBF91C70>]}
[0m21:30:37.520585 [debug] [MainThread]: Flushing usage events
[0m21:30:38.696852 [debug] [MainThread]: An error was encountered while trying to flush usage events
[0m21:31:36.544338 [debug] [MainThread]: Sending event: {'category': 'dbt', 'action': 'invocation', 'label': 'start', 'context': [<snowplow_tracker.self_describing_json.SelfDescribingJson object at 0x000001F6D4821BE0>, <snowplow_tracker.self_describing_json.SelfDescribingJson object at 0x000001F6D423D070>, <snowplow_tracker.self_describing_json.SelfDescribingJson object at 0x000001F6D0AA0140>]}


============================== 21:31:36.557324 | aa9ce073-f909-459c-9150-4602c256aedb ==============================
[0m21:31:36.557324 [info ] [MainThread]: Running with dbt=1.11.7
[0m21:31:36.559324 [debug] [MainThread]: running dbt with arguments {'static_parser': 'True', 'no_print': 'None', 'version_check': 'True', 'target_path': 'None', 'warn_error_options': 'WarnErrorOptionsV2(error=[], warn=[], silence=[])', 'printer_width': '80', 'write_json': 'True', 'introspect': 'True', 'log_cache_events': 'False', 'empty': 'False', 'cache_selected_only': 'False', 'log_format': 'default', 'debug': 'False', 'fail_fast': 'False', 'partial_parse': 'True', 'send_anonymous_usage_stats': 'True', 'quiet': 'False', 'warn_error': 'None', 'profiles_dir': '.', 'use_colors': 'True', 'invocation_command': 'dbt run --profiles-dir .', 'indirect_selection': 'eager', 'use_experimental_parser': 'False', 'log_path': 'C:\\Users\\ZELİHA TUTAR\\OneDrive\\Desktop\\ecommerce-retention-analytics\\logs'}
[0m21:31:40.281262 [debug] [MainThread]: Sending event: {'category': 'dbt', 'action': 'project_id', 'label': 'aa9ce073-f909-459c-9150-4602c256aedb', 'context': [<snowplow_tracker.self_describing_json.SelfDescribingJson object at 0x000001F686847D40>]}
[0m21:31:40.486265 [debug] [MainThread]: Sending event: {'category': 'dbt', 'action': 'adapter_info', 'label': 'aa9ce073-f909-459c-9150-4602c256aedb', 'context': [<snowplow_tracker.self_describing_json.SelfDescribingJson object at 0x000001F6863425D0>]}
[0m21:31:40.488263 [info ] [MainThread]: Registered adapter: bigquery=1.11.1
[0m21:31:41.568969 [debug] [MainThread]: checksum: b80718358155fc17c3559352095564dd56ada1cc1a1c0ef2e62c857e71583775, vars: {}, profile: , target: , version: 1.11.7
[0m21:31:41.572975 [info ] [MainThread]: Unable to do partial parsing because saved manifest not found. Starting full parse.
[0m21:31:41.573973 [debug] [MainThread]: Sending event: {'category': 'dbt', 'action': 'partial_parser', 'label': 'aa9ce073-f909-459c-9150-4602c256aedb', 'context': [<snowplow_tracker.self_describing_json.SelfDescribingJson object at 0x000001F68725B050>]}
[0m21:31:46.185784 [error] [MainThread]: Encountered an error:
Compilation Error
  Model 'model.ecommerce_retention_analytics.stg_orders' (models\staging\stg_orders.sql) depends on a node named 'raw_orders' which was not found
[0m21:31:46.186788 [debug] [MainThread]: Command `dbt run` failed at 21:31:46.186788 after 9.90 seconds
[0m21:31:46.187793 [debug] [MainThread]: Sending event: {'category': 'dbt', 'action': 'invocation', 'label': 'end', 'context': [<snowplow_tracker.self_describing_json.SelfDescribingJson object at 0x000001F6D4318920>, <snowplow_tracker.self_describing_json.SelfDescribingJson object at 0x000001F68885D940>, <snowplow_tracker.self_describing_json.SelfDescribingJson object at 0x000001F687211F10>]}
[0m21:31:46.187793 [debug] [MainThread]: Flushing usage events
[0m21:31:47.199767 [debug] [MainThread]: An error was encountered while trying to flush usage events
[0m21:33:35.446092 [debug] [MainThread]: Sending event: {'category': 'dbt', 'action': 'invocation', 'label': 'start', 'context': [<snowplow_tracker.self_describing_json.SelfDescribingJson object at 0x000002284B95E780>, <snowplow_tracker.self_describing_json.SelfDescribingJson object at 0x000002284B95DF40>, <snowplow_tracker.self_describing_json.SelfDescribingJson object at 0x00000228481C4080>]}


============================== 21:33:35.453091 | 41346859-3cda-4d3b-9a9a-50a81378d467 ==============================
[0m21:33:35.453091 [info ] [MainThread]: Running with dbt=1.11.7
[0m21:33:35.455090 [debug] [MainThread]: running dbt with arguments {'static_parser': 'True', 'no_print': 'None', 'version_check': 'True', 'target_path': 'None', 'warn_error_options': 'WarnErrorOptionsV2(error=[], warn=[], silence=[])', 'printer_width': '80', 'write_json': 'True', 'empty': 'False', 'log_cache_events': 'False', 'introspect': 'True', 'cache_selected_only': 'False', 'log_format': 'default', 'debug': 'False', 'fail_fast': 'False', 'profiles_dir': '.', 'send_anonymous_usage_stats': 'True', 'quiet': 'False', 'warn_error': 'None', 'partial_parse': 'True', 'invocation_command': 'dbt run --profiles-dir .', 'indirect_selection': 'eager', 'use_colors': 'True', 'use_experimental_parser': 'False', 'log_path': 'C:\\Users\\ZELİHA TUTAR\\OneDrive\\Desktop\\ecommerce-retention-analytics\\logs'}
[0m21:33:36.974386 [debug] [MainThread]: Sending event: {'category': 'dbt', 'action': 'project_id', 'label': '41346859-3cda-4d3b-9a9a-50a81378d467', 'context': [<snowplow_tracker.self_describing_json.SelfDescribingJson object at 0x000002284B8D2900>]}
[0m21:33:37.061390 [debug] [MainThread]: Sending event: {'category': 'dbt', 'action': 'adapter_info', 'label': '41346859-3cda-4d3b-9a9a-50a81378d467', 'context': [<snowplow_tracker.self_describing_json.SelfDescribingJson object at 0x000002284B3004A0>]}
[0m21:33:37.063378 [info ] [MainThread]: Registered adapter: bigquery=1.11.1
[0m21:33:37.464789 [debug] [MainThread]: checksum: b80718358155fc17c3559352095564dd56ada1cc1a1c0ef2e62c857e71583775, vars: {}, profile: , target: , version: 1.11.7
[0m21:33:37.466799 [info ] [MainThread]: Unable to do partial parsing because saved manifest not found. Starting full parse.
[0m21:33:37.467810 [debug] [MainThread]: Sending event: {'category': 'dbt', 'action': 'partial_parser', 'label': '41346859-3cda-4d3b-9a9a-50a81378d467', 'context': [<snowplow_tracker.self_describing_json.SelfDescribingJson object at 0x000002284B300F20>]}
[0m21:33:38.650602 [error] [MainThread]: Encountered an error:
Compilation Error
  Model 'model.ecommerce_retention_analytics.stg_orders' (models\staging\stg_orders.sql) depends on a node named 'raw_orders' which was not found
[0m21:33:38.652607 [debug] [MainThread]: Command `dbt run` failed at 21:33:38.652607 after 3.42 seconds
[0m21:33:38.653605 [debug] [MainThread]: Sending event: {'category': 'dbt', 'action': 'invocation', 'label': 'end', 'context': [<snowplow_tracker.self_describing_json.SelfDescribingJson object at 0x000002284D1E4C20>, <snowplow_tracker.self_describing_json.SelfDescribingJson object at 0x000002287BD2C7D0>, <snowplow_tracker.self_describing_json.SelfDescribingJson object at 0x000002287D1EC530>]}
[0m21:33:38.654602 [debug] [MainThread]: Flushing usage events
[0m21:33:38.750194 [debug] [MainThread]: An error was encountered while trying to flush usage events
[0m21:36:21.005812 [debug] [MainThread]: Sending event: {'category': 'dbt', 'action': 'invocation', 'label': 'start', 'context': [<snowplow_tracker.self_describing_json.SelfDescribingJson object at 0x000002374FF11C10>, <snowplow_tracker.self_describing_json.SelfDescribingJson object at 0x0000023753381BB0>, <snowplow_tracker.self_describing_json.SelfDescribingJson object at 0x0000023752E1F860>]}


============================== 21:36:21.012807 | 4e009707-92b3-4809-92ae-53d89f8cbd6e ==============================
[0m21:36:21.012807 [info ] [MainThread]: Running with dbt=1.11.7
[0m21:36:21.014816 [debug] [MainThread]: running dbt with arguments {'static_parser': 'True', 'no_print': 'None', 'version_check': 'True', 'warn_error_options': 'WarnErrorOptionsV2(error=[], warn=[], silence=[])', 'target_path': 'None', 'printer_width': '80', 'write_json': 'True', 'empty': 'False', 'log_cache_events': 'False', 'introspect': 'True', 'cache_selected_only': 'False', 'log_format': 'default', 'debug': 'False', 'fail_fast': 'False', 'profiles_dir': '.', 'send_anonymous_usage_stats': 'True', 'quiet': 'False', 'warn_error': 'None', 'partial_parse': 'True', 'indirect_selection': 'eager', 'invocation_command': 'dbt run --profiles-dir .', 'use_colors': 'True', 'use_experimental_parser': 'False', 'log_path': 'C:\\Users\\ZELİHA TUTAR\\OneDrive\\Desktop\\ecommerce-retention-analytics\\logs'}
[0m21:36:22.884328 [debug] [MainThread]: Sending event: {'category': 'dbt', 'action': 'project_id', 'label': '4e009707-92b3-4809-92ae-53d89f8cbd6e', 'context': [<snowplow_tracker.self_describing_json.SelfDescribingJson object at 0x0000023704FC84A0>]}
[0m21:36:22.964321 [debug] [MainThread]: Sending event: {'category': 'dbt', 'action': 'adapter_info', 'label': '4e009707-92b3-4809-92ae-53d89f8cbd6e', 'context': [<snowplow_tracker.self_describing_json.SelfDescribingJson object at 0x00000237526C1280>]}
[0m21:36:22.965323 [info ] [MainThread]: Registered adapter: bigquery=1.11.1
[0m21:36:23.275529 [debug] [MainThread]: checksum: b80718358155fc17c3559352095564dd56ada1cc1a1c0ef2e62c857e71583775, vars: {}, profile: , target: , version: 1.11.7
[0m21:36:23.276527 [info ] [MainThread]: Unable to do partial parsing because saved manifest not found. Starting full parse.
[0m21:36:23.278530 [debug] [MainThread]: Sending event: {'category': 'dbt', 'action': 'partial_parser', 'label': '4e009707-92b3-4809-92ae-53d89f8cbd6e', 'context': [<snowplow_tracker.self_describing_json.SelfDescribingJson object at 0x00000237052034D0>]}
[0m21:36:24.524610 [error] [MainThread]: Encountered an error:
Compilation Error
  Model 'model.ecommerce_retention_analytics.stg_orders' (models\staging\stg_orders.sql) depends on a source named 'ecom_raw.raw_orders' which was not found
[0m21:36:24.527609 [debug] [MainThread]: Command `dbt run` failed at 21:36:24.526611 after 3.73 seconds
[0m21:36:24.528608 [debug] [MainThread]: Sending event: {'category': 'dbt', 'action': 'invocation', 'label': 'end', 'context': [<snowplow_tracker.self_describing_json.SelfDescribingJson object at 0x00000237534B3F50>, <snowplow_tracker.self_describing_json.SelfDescribingJson object at 0x00000237066262A0>, <snowplow_tracker.self_describing_json.SelfDescribingJson object at 0x00000237067DB590>]}
[0m21:36:24.529608 [debug] [MainThread]: Flushing usage events
[0m21:36:25.659342 [debug] [MainThread]: An error was encountered while trying to flush usage events
[0m21:38:20.969016 [debug] [MainThread]: Sending event: {'category': 'dbt', 'action': 'invocation', 'label': 'start', 'context': [<snowplow_tracker.self_describing_json.SelfDescribingJson object at 0x000002018AA8FB30>, <snowplow_tracker.self_describing_json.SelfDescribingJson object at 0x000002018B341C40>, <snowplow_tracker.self_describing_json.SelfDescribingJson object at 0x0000020187DD9EB0>]}


============================== 21:38:20.974095 | 35f24550-2f9e-4d76-aaf5-a2255ec6bc02 ==============================
[0m21:38:20.974095 [info ] [MainThread]: Running with dbt=1.11.7
[0m21:38:20.975009 [debug] [MainThread]: running dbt with arguments {'version_check': 'True', 'no_print': 'None', 'static_parser': 'True', 'warn_error_options': 'WarnErrorOptionsV2(error=[], warn=[], silence=[])', 'target_path': 'None', 'printer_width': '80', 'write_json': 'True', 'introspect': 'True', 'log_cache_events': 'False', 'empty': 'None', 'cache_selected_only': 'False', 'log_format': 'default', 'debug': 'False', 'fail_fast': 'False', 'profiles_dir': 'C:\\Users\\ZELİHA TUTAR\\.dbt', 'send_anonymous_usage_stats': 'True', 'quiet': 'False', 'warn_error': 'None', 'partial_parse': 'True', 'use_colors': 'True', 'indirect_selection': 'eager', 'invocation_command': 'dbt clean', 'use_experimental_parser': 'False', 'log_path': 'C:\\Users\\ZELİHA TUTAR\\OneDrive\\Desktop\\ecommerce-retention-analytics\\logs'}
[0m21:38:21.161916 [debug] [MainThread]: Sending event: {'category': 'dbt', 'action': 'project_id', 'label': '35f24550-2f9e-4d76-aaf5-a2255ec6bc02', 'context': [<snowplow_tracker.self_describing_json.SelfDescribingJson object at 0x000002018A9A8C80>]}
[0m21:38:21.195842 [debug] [MainThread]: Command `dbt clean` succeeded at 21:38:21.195842 after 0.44 seconds
[0m21:38:21.196843 [debug] [MainThread]: Sending event: {'category': 'dbt', 'action': 'invocation', 'label': 'end', 'context': [<snowplow_tracker.self_describing_json.SelfDescribingJson object at 0x000002018B1773E0>, <snowplow_tracker.self_describing_json.SelfDescribingJson object at 0x000002018C69F8C0>, <snowplow_tracker.self_describing_json.SelfDescribingJson object at 0x000002018C629250>]}
[0m21:38:21.196843 [debug] [MainThread]: Flushing usage events
[0m21:38:22.360185 [debug] [MainThread]: An error was encountered while trying to flush usage events
[0m21:38:43.704845 [debug] [MainThread]: Sending event: {'category': 'dbt', 'action': 'invocation', 'label': 'start', 'context': [<snowplow_tracker.self_describing_json.SelfDescribingJson object at 0x0000016B8452A4B0>, <snowplow_tracker.self_describing_json.SelfDescribingJson object at 0x0000016BFFAD2000>, <snowplow_tracker.self_describing_json.SelfDescribingJson object at 0x0000016B84389730>]}


============================== 21:38:43.711004 | 44fd44f1-295a-4eb2-af60-069ce195b233 ==============================
[0m21:38:43.711004 [info ] [MainThread]: Running with dbt=1.11.7
[0m21:38:43.713005 [debug] [MainThread]: running dbt with arguments {'version_check': 'True', 'no_print': 'None', 'static_parser': 'True', 'warn_error_options': 'WarnErrorOptionsV2(error=[], warn=[], silence=[])', 'target_path': 'None', 'printer_width': '80', 'write_json': 'True', 'empty': 'None', 'log_cache_events': 'False', 'introspect': 'True', 'cache_selected_only': 'False', 'log_format': 'default', 'debug': 'False', 'fail_fast': 'False', 'profiles_dir': 'C:\\Users\\ZELİHA TUTAR\\.dbt', 'send_anonymous_usage_stats': 'True', 'quiet': 'False', 'warn_error': 'None', 'partial_parse': 'True', 'invocation_command': 'dbt clean', 'use_colors': 'True', 'indirect_selection': 'eager', 'use_experimental_parser': 'False', 'log_path': 'C:\\Users\\ZELİHA TUTAR\\OneDrive\\Desktop\\ecommerce-retention-analytics\\logs'}
[0m21:38:43.952856 [debug] [MainThread]: Sending event: {'category': 'dbt', 'action': 'project_id', 'label': '44fd44f1-295a-4eb2-af60-069ce195b233', 'context': [<snowplow_tracker.self_describing_json.SelfDescribingJson object at 0x0000016B8464F590>]}
[0m21:38:43.988881 [debug] [MainThread]: Command `dbt clean` succeeded at 21:38:43.988881 after 0.49 seconds
[0m21:38:43.989850 [debug] [MainThread]: Sending event: {'category': 'dbt', 'action': 'invocation', 'label': 'end', 'context': [<snowplow_tracker.self_describing_json.SelfDescribingJson object at 0x0000016B861576E0>, <snowplow_tracker.self_describing_json.SelfDescribingJson object at 0x0000016B8605F8C0>, <snowplow_tracker.self_describing_json.SelfDescribingJson object at 0x0000016B86009250>]}
[0m21:38:43.990857 [debug] [MainThread]: Flushing usage events
[0m21:38:44.989529 [debug] [MainThread]: An error was encountered while trying to flush usage events
[0m21:38:47.970959 [debug] [MainThread]: Sending event: {'category': 'dbt', 'action': 'invocation', 'label': 'start', 'context': [<snowplow_tracker.self_describing_json.SelfDescribingJson object at 0x000001A1B560D370>, <snowplow_tracker.self_describing_json.SelfDescribingJson object at 0x000001A1B560D160>, <snowplow_tracker.self_describing_json.SelfDescribingJson object at 0x000001A1B560D3A0>]}


============================== 21:38:47.977961 | 8b0ece7a-01d0-43ef-a2a4-898393ec61f9 ==============================
[0m21:38:47.977961 [info ] [MainThread]: Running with dbt=1.11.7
[0m21:38:47.978968 [debug] [MainThread]: running dbt with arguments {'version_check': 'True', 'no_print': 'None', 'static_parser': 'True', 'warn_error_options': 'WarnErrorOptionsV2(error=[], warn=[], silence=[])', 'target_path': 'None', 'printer_width': '80', 'write_json': 'True', 'introspect': 'True', 'log_cache_events': 'False', 'empty': 'False', 'cache_selected_only': 'False', 'log_format': 'default', 'debug': 'False', 'fail_fast': 'False', 'partial_parse': 'True', 'send_anonymous_usage_stats': 'True', 'quiet': 'False', 'warn_error': 'None', 'profiles_dir': '.', 'invocation_command': 'dbt run --profiles-dir .', 'indirect_selection': 'eager', 'use_colors': 'True', 'use_experimental_parser': 'False', 'log_path': 'C:\\Users\\ZELİHA TUTAR\\OneDrive\\Desktop\\ecommerce-retention-analytics\\logs'}
[0m21:38:47.981966 [error] [MainThread]: Encountered an error:
Runtime Error
  Could not find profile named 'ecommerce_profile'
[0m21:38:47.982974 [debug] [MainThread]: Command `dbt run` failed at 21:38:47.982974 after 0.23 seconds
[0m21:38:47.983961 [debug] [MainThread]: Sending event: {'category': 'dbt', 'action': 'invocation', 'label': 'end', 'context': [<snowplow_tracker.self_describing_json.SelfDescribingJson object at 0x000001A1B55F30B0>, <snowplow_tracker.self_describing_json.SelfDescribingJson object at 0x000001A1B4327D70>, <snowplow_tracker.self_describing_json.SelfDescribingJson object at 0x000001A1B4456CF0>]}
[0m21:38:47.983961 [debug] [MainThread]: Flushing usage events
[0m21:38:49.085929 [debug] [MainThread]: An error was encountered while trying to flush usage events
[0m21:39:34.574154 [debug] [MainThread]: Sending event: {'category': 'dbt', 'action': 'invocation', 'label': 'start', 'context': [<snowplow_tracker.self_describing_json.SelfDescribingJson object at 0x000002A408AFA270>, <snowplow_tracker.self_describing_json.SelfDescribingJson object at 0x000002A4081EC500>, <snowplow_tracker.self_describing_json.SelfDescribingJson object at 0x000002A40BF36330>]}


============================== 21:39:34.582147 | 12edb235-9a61-43d0-9c84-373f1460b7a2 ==============================
[0m21:39:34.582147 [info ] [MainThread]: Running with dbt=1.11.7
[0m21:39:34.584203 [debug] [MainThread]: running dbt with arguments {'version_check': 'True', 'no_print': 'None', 'static_parser': 'True', 'warn_error_options': 'WarnErrorOptionsV2(error=[], warn=[], silence=[])', 'target_path': 'None', 'printer_width': '80', 'write_json': 'True', 'empty': 'False', 'log_cache_events': 'False', 'introspect': 'True', 'cache_selected_only': 'False', 'fail_fast': 'False', 'debug': 'False', 'log_format': 'default', 'profiles_dir': '.', 'send_anonymous_usage_stats': 'True', 'quiet': 'False', 'warn_error': 'None', 'partial_parse': 'True', 'use_colors': 'True', 'invocation_command': 'dbt run --profiles-dir .', 'indirect_selection': 'eager', 'use_experimental_parser': 'False', 'log_path': 'C:\\Users\\ZELİHA TUTAR\\OneDrive\\Desktop\\ecommerce-retention-analytics\\logs'}
[0m21:39:34.588152 [error] [MainThread]: Encountered an error:
Runtime Error
  Could not find profile named 'ecommerce_profile'
[0m21:39:34.590150 [debug] [MainThread]: Command `dbt run` failed at 21:39:34.590150 after 0.24 seconds
[0m21:39:34.591145 [debug] [MainThread]: Sending event: {'category': 'dbt', 'action': 'invocation', 'label': 'end', 'context': [<snowplow_tracker.self_describing_json.SelfDescribingJson object at 0x000002A40B9FC110>, <snowplow_tracker.self_describing_json.SelfDescribingJson object at 0x000002A40D229850>, <snowplow_tracker.self_describing_json.SelfDescribingJson object at 0x000002A40D2808C0>]}
[0m21:39:34.592158 [debug] [MainThread]: Flushing usage events
[0m21:39:35.865554 [debug] [MainThread]: An error was encountered while trying to flush usage events
[0m21:46:25.595006 [debug] [MainThread]: Sending event: {'category': 'dbt', 'action': 'invocation', 'label': 'start', 'context': [<snowplow_tracker.self_describing_json.SelfDescribingJson object at 0x00000226FAA62210>, <snowplow_tracker.self_describing_json.SelfDescribingJson object at 0x00000226FAA63020>, <snowplow_tracker.self_describing_json.SelfDescribingJson object at 0x00000226FAA9C290>]}


============================== 21:46:25.603000 | b35f8aac-8156-437a-b907-d4a25d91122b ==============================
[0m21:46:25.603000 [info ] [MainThread]: Running with dbt=1.11.7
[0m21:46:25.604013 [debug] [MainThread]: running dbt with arguments {'static_parser': 'True', 'no_print': 'None', 'version_check': 'True', 'warn_error_options': 'WarnErrorOptionsV2(error=[], warn=[], silence=[])', 'target_path': 'None', 'printer_width': '80', 'write_json': 'True', 'empty': 'False', 'log_cache_events': 'False', 'introspect': 'True', 'cache_selected_only': 'False', 'log_format': 'default', 'debug': 'False', 'fail_fast': 'False', 'profiles_dir': '.', 'send_anonymous_usage_stats': 'True', 'quiet': 'False', 'warn_error': 'None', 'partial_parse': 'True', 'invocation_command': 'dbt run --profiles-dir .', 'indirect_selection': 'eager', 'use_colors': 'True', 'use_experimental_parser': 'False', 'log_path': 'C:\\Users\\ZELİHA TUTAR\\OneDrive\\Desktop\\ecommerce-retention-analytics\\logs'}
[0m21:46:25.609014 [error] [MainThread]: Encountered an error:
Runtime Error
  Could not find profile named 'ecommerce_profile'
[0m21:46:25.609999 [debug] [MainThread]: Command `dbt run` failed at 21:46:25.609999 after 0.24 seconds
[0m21:46:25.610997 [debug] [MainThread]: Sending event: {'category': 'dbt', 'action': 'invocation', 'label': 'end', 'context': [<snowplow_tracker.self_describing_json.SelfDescribingJson object at 0x00000226FAFC62A0>, <snowplow_tracker.self_describing_json.SelfDescribingJson object at 0x00000226FC273560>, <snowplow_tracker.self_describing_json.SelfDescribingJson object at 0x00000226FA84FD70>]}
[0m21:46:25.612011 [debug] [MainThread]: Flushing usage events
[0m21:46:26.707233 [debug] [MainThread]: An error was encountered while trying to flush usage events
[0m21:47:34.578641 [debug] [MainThread]: Sending event: {'category': 'dbt', 'action': 'invocation', 'label': 'start', 'context': [<snowplow_tracker.self_describing_json.SelfDescribingJson object at 0x000002194127A6C0>, <snowplow_tracker.self_describing_json.SelfDescribingJson object at 0x000002193D239E80>, <snowplow_tracker.self_describing_json.SelfDescribingJson object at 0x00000219412BC320>]}


============================== 21:47:34.583640 | da543ec6-0a87-43de-b22f-b00df31770ad ==============================
[0m21:47:34.583640 [info ] [MainThread]: Running with dbt=1.11.7
[0m21:47:34.584640 [debug] [MainThread]: running dbt with arguments {'version_check': 'True', 'no_print': 'None', 'static_parser': 'True', 'target_path': 'None', 'warn_error_options': 'WarnErrorOptionsV2(error=[], warn=[], silence=[])', 'printer_width': '80', 'write_json': 'True', 'empty': 'False', 'log_cache_events': 'False', 'introspect': 'True', 'cache_selected_only': 'False', 'log_format': 'default', 'debug': 'False', 'fail_fast': 'False', 'profiles_dir': 'C:\\Users\\ZELİHA TUTAR\\.dbt', 'send_anonymous_usage_stats': 'True', 'quiet': 'False', 'warn_error': 'None', 'partial_parse': 'True', 'indirect_selection': 'eager', 'use_colors': 'True', 'invocation_command': 'dbt run', 'use_experimental_parser': 'False', 'log_path': 'C:\\Users\\ZELİHA TUTAR\\OneDrive\\Desktop\\ecommerce-retention-analytics\\logs'}
[0m21:47:39.616415 [debug] [MainThread]: Sending event: {'category': 'dbt', 'action': 'project_id', 'label': 'da543ec6-0a87-43de-b22f-b00df31770ad', 'context': [<snowplow_tracker.self_describing_json.SelfDescribingJson object at 0x0000021972239AF0>]}
[0m21:47:39.675413 [debug] [MainThread]: Sending event: {'category': 'dbt', 'action': 'adapter_info', 'label': 'da543ec6-0a87-43de-b22f-b00df31770ad', 'context': [<snowplow_tracker.self_describing_json.SelfDescribingJson object at 0x0000021972BD09E0>]}
[0m21:47:39.676412 [info ] [MainThread]: Registered adapter: bigquery=1.11.1
[0m21:47:40.101271 [debug] [MainThread]: checksum: b80718358155fc17c3559352095564dd56ada1cc1a1c0ef2e62c857e71583775, vars: {}, profile: , target: , version: 1.11.7
[0m21:47:40.102271 [info ] [MainThread]: Unable to do partial parsing because saved manifest not found. Starting full parse.
[0m21:47:40.102271 [debug] [MainThread]: Sending event: {'category': 'dbt', 'action': 'partial_parser', 'label': 'da543ec6-0a87-43de-b22f-b00df31770ad', 'context': [<snowplow_tracker.self_describing_json.SelfDescribingJson object at 0x0000021972B92630>]}
[0m21:47:41.231730 [error] [MainThread]: Encountered an error:
Compilation Error
  Model 'model.ecommerce_retention_analytics.stg_users' (models\staging\stg_users.sql) depends on a node named 'raw_users' which was not found
[0m21:47:41.232728 [debug] [MainThread]: Command `dbt run` failed at 21:47:41.232728 after 6.79 seconds
[0m21:47:41.232728 [debug] [MainThread]: Sending event: {'category': 'dbt', 'action': 'invocation', 'label': 'end', 'context': [<snowplow_tracker.self_describing_json.SelfDescribingJson object at 0x0000021941ED9B50>, <snowplow_tracker.self_describing_json.SelfDescribingJson object at 0x0000021972F58530>, <snowplow_tracker.self_describing_json.SelfDescribingJson object at 0x000002197309F020>]}
[0m21:47:41.232728 [debug] [MainThread]: Flushing usage events
[0m21:47:42.079222 [debug] [MainThread]: An error was encountered while trying to flush usage events
[0m21:49:35.665842 [debug] [MainThread]: Sending event: {'category': 'dbt', 'action': 'invocation', 'label': 'start', 'context': [<snowplow_tracker.self_describing_json.SelfDescribingJson object at 0x000001D96E923470>, <snowplow_tracker.self_describing_json.SelfDescribingJson object at 0x000001D96E9235F0>, <snowplow_tracker.self_describing_json.SelfDescribingJson object at 0x000001D96E9230E0>]}


============================== 21:49:35.669847 | 3c89d8be-fa9c-40a8-aadc-e9408ab985c5 ==============================
[0m21:49:35.669847 [info ] [MainThread]: Running with dbt=1.11.7
[0m21:49:35.670844 [debug] [MainThread]: running dbt with arguments {'version_check': 'True', 'no_print': 'None', 'static_parser': 'True', 'warn_error_options': 'WarnErrorOptionsV2(error=[], warn=[], silence=[])', 'target_path': 'None', 'printer_width': '80', 'write_json': 'True', 'introspect': 'True', 'log_cache_events': 'False', 'empty': 'False', 'cache_selected_only': 'False', 'log_format': 'default', 'debug': 'False', 'fail_fast': 'False', 'profiles_dir': 'C:\\Users\\ZELİHA TUTAR\\.dbt', 'send_anonymous_usage_stats': 'True', 'quiet': 'False', 'warn_error': 'None', 'partial_parse': 'True', 'indirect_selection': 'eager', 'invocation_command': 'dbt run', 'use_colors': 'True', 'use_experimental_parser': 'False', 'log_path': 'C:\\Users\\ZELİHA TUTAR\\OneDrive\\Desktop\\ecommerce-retention-analytics\\logs'}
[0m21:49:36.685107 [debug] [MainThread]: Sending event: {'category': 'dbt', 'action': 'project_id', 'label': '3c89d8be-fa9c-40a8-aadc-e9408ab985c5', 'context': [<snowplow_tracker.self_describing_json.SelfDescribingJson object at 0x000001D91E536FC0>]}
[0m21:49:36.747594 [debug] [MainThread]: Sending event: {'category': 'dbt', 'action': 'adapter_info', 'label': '3c89d8be-fa9c-40a8-aadc-e9408ab985c5', 'context': [<snowplow_tracker.self_describing_json.SelfDescribingJson object at 0x000001D96AA28380>]}
[0m21:49:36.748594 [info ] [MainThread]: Registered adapter: bigquery=1.11.1
[0m21:49:36.982318 [debug] [MainThread]: checksum: b80718358155fc17c3559352095564dd56ada1cc1a1c0ef2e62c857e71583775, vars: {}, profile: , target: , version: 1.11.7
[0m21:49:36.983317 [info ] [MainThread]: Unable to do partial parsing because saved manifest not found. Starting full parse.
[0m21:49:36.984450 [debug] [MainThread]: Sending event: {'category': 'dbt', 'action': 'partial_parser', 'label': '3c89d8be-fa9c-40a8-aadc-e9408ab985c5', 'context': [<snowplow_tracker.self_describing_json.SelfDescribingJson object at 0x000001D91F222120>]}
[0m21:49:37.845506 [debug] [MainThread]: Sending event: {'category': 'dbt', 'action': 'load_project', 'label': '3c89d8be-fa9c-40a8-aadc-e9408ab985c5', 'context': [<snowplow_tracker.self_describing_json.SelfDescribingJson object at 0x000001D91F608560>]}
[0m21:49:37.897347 [debug] [MainThread]: Wrote artifact WritableManifest to C:\Users\ZELİHA TUTAR\OneDrive\Desktop\ecommerce-retention-analytics\target\manifest.json
[0m21:49:37.927718 [debug] [MainThread]: Wrote artifact SemanticManifest to C:\Users\ZELİHA TUTAR\OneDrive\Desktop\ecommerce-retention-analytics\target\semantic_manifest.json
[0m21:49:37.956323 [debug] [MainThread]: Sending event: {'category': 'dbt', 'action': 'resource_counts', 'label': '3c89d8be-fa9c-40a8-aadc-e9408ab985c5', 'context': [<snowplow_tracker.self_describing_json.SelfDescribingJson object at 0x000001D920A53D10>]}
[0m21:49:37.956323 [info ] [MainThread]: Found 4 models, 4 sources, 539 macros
[0m21:49:37.957328 [debug] [MainThread]: Sending event: {'category': 'dbt', 'action': 'runnable_timing', 'label': '3c89d8be-fa9c-40a8-aadc-e9408ab985c5', 'context': [<snowplow_tracker.self_describing_json.SelfDescribingJson object at 0x000001D91F6303E0>]}
[0m21:49:37.958333 [info ] [MainThread]: 
[0m21:49:37.959335 [info ] [MainThread]: Concurrency: 4 threads (target='dev')
[0m21:49:37.960331 [info ] [MainThread]: 
[0m21:49:37.960331 [debug] [MainThread]: Acquiring new bigquery connection 'master'
[0m21:49:37.963329 [debug] [ThreadPool]: Acquiring new bigquery connection 'list_project-505e76f5-40a4-4295-b57'
[0m21:49:37.964331 [debug] [ThreadPool]: Opening a new connection, currently in state init
[0m21:49:48.672355 [debug] [ThreadPool]: Re-using an available connection from the pool (formerly list_project-505e76f5-40a4-4295-b57, now create_project-505e76f5-40a4-4295-b57_ecom_staging)
[0m21:49:48.675353 [debug] [ThreadPool]: Creating schema "database: "project-505e76f5-40a4-4295-b57"
schema: "ecom_staging"
"
[0m21:49:48.681352 [debug] [ThreadPool]: On create_project-505e76f5-40a4-4295-b57_ecom_staging: /* {"app": "dbt", "dbt_version": "1.11.7", "profile_name": "ecommerce_profile", "target_name": "dev", "connection_name": "create_project-505e76f5-40a4-4295-b57_ecom_staging"} */
create schema if not exists `project-505e76f5-40a4-4295-b57`.`ecom_staging`
  
[0m21:49:48.682355 [debug] [ThreadPool]: Opening a new connection, currently in state closed
[0m21:49:49.421361 [debug] [ThreadPool]: BigQuery adapter: https://console.cloud.google.com/bigquery?project=project-505e76f5-40a4-4295-b57&j=bq:EU:efc1e302-2cd4-49e8-a9c2-0fb7e624a042&page=queryresults
[0m21:49:51.501450 [debug] [ThreadPool]: SQL status: OK in 2.078 seconds
[0m21:49:52.892973 [debug] [ThreadPool]: Acquiring new bigquery connection 'list_project-505e76f5-40a4-4295-b57_ecom_staging'
[0m21:49:52.893980 [debug] [ThreadPool]: Opening a new connection, currently in state init
[0m21:49:53.669430 [debug] [MainThread]: Sending event: {'category': 'dbt', 'action': 'runnable_timing', 'label': '3c89d8be-fa9c-40a8-aadc-e9408ab985c5', 'context': [<snowplow_tracker.self_describing_json.SelfDescribingJson object at 0x000001D920821550>]}
[0m21:49:53.671139 [debug] [MainThread]: Opening a new connection, currently in state init
[0m21:49:53.679145 [debug] [Thread-1 (]: Began running node model.ecommerce_retention_analytics.stg_order_items
[0m21:49:53.679145 [debug] [Thread-2 (]: Began running node model.ecommerce_retention_analytics.stg_orders
[0m21:49:53.680145 [debug] [Thread-3 (]: Began running node model.ecommerce_retention_analytics.stg_users
[0m21:49:53.680145 [info ] [Thread-1 (]: 1 of 4 START sql view model ecom_staging.stg_order_items ....................... [RUN]
[0m21:49:53.681153 [info ] [Thread-2 (]: 2 of 4 START sql view model ecom_staging.stg_orders ............................ [RUN]
[0m21:49:53.682146 [info ] [Thread-3 (]: 3 of 4 START sql view model ecom_staging.stg_users ............................. [RUN]
[0m21:49:53.682146 [debug] [Thread-1 (]: Acquiring new bigquery connection 'model.ecommerce_retention_analytics.stg_order_items'
[0m21:49:53.683152 [debug] [Thread-2 (]: Acquiring new bigquery connection 'model.ecommerce_retention_analytics.stg_orders'
[0m21:49:53.683152 [debug] [Thread-3 (]: Acquiring new bigquery connection 'model.ecommerce_retention_analytics.stg_users'
[0m21:49:53.684144 [debug] [Thread-1 (]: Began compiling node model.ecommerce_retention_analytics.stg_order_items
[0m21:49:53.684144 [debug] [Thread-2 (]: Began compiling node model.ecommerce_retention_analytics.stg_orders
[0m21:49:53.684144 [debug] [Thread-3 (]: Began compiling node model.ecommerce_retention_analytics.stg_users
[0m21:49:53.690589 [debug] [Thread-1 (]: Writing injected SQL for node "model.ecommerce_retention_analytics.stg_order_items"
[0m21:49:53.693585 [debug] [Thread-2 (]: Writing injected SQL for node "model.ecommerce_retention_analytics.stg_orders"
[0m21:49:53.698604 [debug] [Thread-3 (]: Writing injected SQL for node "model.ecommerce_retention_analytics.stg_users"
[0m21:49:53.702349 [debug] [Thread-2 (]: Began executing node model.ecommerce_retention_analytics.stg_orders
[0m21:49:53.715460 [debug] [Thread-3 (]: Began executing node model.ecommerce_retention_analytics.stg_users
[0m21:49:53.715460 [debug] [Thread-1 (]: Began executing node model.ecommerce_retention_analytics.stg_order_items
[0m21:49:53.726224 [debug] [Thread-2 (]: Writing runtime sql for node "model.ecommerce_retention_analytics.stg_orders"
[0m21:49:53.729225 [debug] [Thread-3 (]: Writing runtime sql for node "model.ecommerce_retention_analytics.stg_users"
[0m21:49:53.731225 [debug] [Thread-1 (]: Writing runtime sql for node "model.ecommerce_retention_analytics.stg_order_items"
[0m21:49:53.734478 [debug] [Thread-3 (]: On model.ecommerce_retention_analytics.stg_users: /* {"app": "dbt", "dbt_version": "1.11.7", "profile_name": "ecommerce_profile", "target_name": "dev", "node_id": "model.ecommerce_retention_analytics.stg_users"} */


  create or replace view `project-505e76f5-40a4-4295-b57`.`ecom_staging`.`stg_users`
  OPTIONS()
  as with source as (
    select * from `project-505e76f5-40a4-4295-b57`.`ecom_raw`.`raw_users`
),

renamed as (
    select
        cast(user_id as string) as user_id,
        cast(signup_date as timestamp) as signup_timestamp,
        upper(country) as country_code,
        lower(acquisition_channel) as acquisition_channel,
        cast(age as integer) as user_age
    from source
)

select * from renamed;


[0m21:49:53.735486 [debug] [Thread-1 (]: On model.ecommerce_retention_analytics.stg_order_items: /* {"app": "dbt", "dbt_version": "1.11.7", "profile_name": "ecommerce_profile", "target_name": "dev", "node_id": "model.ecommerce_retention_analytics.stg_order_items"} */


  create or replace view `project-505e76f5-40a4-4295-b57`.`ecom_staging`.`stg_order_items`
  OPTIONS()
  as with source as (
    select * from `project-505e76f5-40a4-4295-b57`.`ecom_raw`.`raw_order_items`
),

renamed as (
    select
        cast(order_item_id as string) as order_item_id,
        cast(order_id as string) as order_id,
        cast(product_id as string) as product_id,
        cast(price as numeric) as price
    from source
)

select * from renamed;


[0m21:49:53.735486 [debug] [Thread-2 (]: On model.ecommerce_retention_analytics.stg_orders: /* {"app": "dbt", "dbt_version": "1.11.7", "profile_name": "ecommerce_profile", "target_name": "dev", "node_id": "model.ecommerce_retention_analytics.stg_orders"} */


  create or replace view `project-505e76f5-40a4-4295-b57`.`ecom_staging`.`stg_orders`
  OPTIONS()
  as with source as (
    select * from `project-505e76f5-40a4-4295-b57`.`ecom_raw`.`raw_orders`
),

renamed as (
    select
        cast(order_id as string) as order_id,
        cast(user_id as string) as user_id,
        cast(order_date as timestamp) as order_timestamp,
        lower(status) as order_status
    from source
)

select * from renamed;


[0m21:49:53.736492 [debug] [Thread-3 (]: Opening a new connection, currently in state init
[0m21:49:53.736492 [debug] [Thread-1 (]: Opening a new connection, currently in state init
[0m21:49:53.736492 [debug] [Thread-2 (]: Opening a new connection, currently in state init
[0m21:49:55.244226 [debug] [Thread-2 (]: BigQuery adapter: https://console.cloud.google.com/bigquery?project=project-505e76f5-40a4-4295-b57&j=bq:EU:c223b987-5243-461b-b93d-a4a0e08c2ff9&page=queryresults
[0m21:49:55.274226 [debug] [Thread-3 (]: BigQuery adapter: https://console.cloud.google.com/bigquery?project=project-505e76f5-40a4-4295-b57&j=bq:EU:379fd668-1d60-432b-8c03-8365ba180477&page=queryresults
[0m21:49:55.279224 [debug] [Thread-1 (]: BigQuery adapter: https://console.cloud.google.com/bigquery?project=project-505e76f5-40a4-4295-b57&j=bq:EU:8689ce3d-80d6-4318-a610-5f156aeb71b3&page=queryresults
[0m21:49:55.440603 [error] [Thread-1 (]: BigQuery adapter: https://console.cloud.google.com/bigquery?project=project-505e76f5-40a4-4295-b57&j=bq:EU:8689ce3d-80d6-4318-a610-5f156aeb71b3&page=queryresults
[0m21:49:55.699865 [debug] [Thread-1 (]: Database Error in model stg_order_items (models\staging\stg_order_items.sql)
  Unrecognized name: order_item_id at [12:14]
  compiled code at target\run\ecommerce_retention_analytics\models\staging\stg_order_items.sql
[0m21:49:55.703878 [debug] [Thread-1 (]: Sending event: {'category': 'dbt', 'action': 'run_model', 'label': '3c89d8be-fa9c-40a8-aadc-e9408ab985c5', 'context': [<snowplow_tracker.self_describing_json.SelfDescribingJson object at 0x000001D9209FE720>]}
[0m21:49:55.705872 [error] [Thread-1 (]: 1 of 4 ERROR creating sql view model ecom_staging.stg_order_items .............. [[31mERROR[0m in 2.02s]
[0m21:49:55.705872 [debug] [Thread-1 (]: Finished running node model.ecommerce_retention_analytics.stg_order_items
[0m21:49:55.706872 [debug] [Thread-7 (]: Marking all children of 'model.ecommerce_retention_analytics.stg_order_items' to be skipped because of status 'error'.  Reason: Database Error in model stg_order_items (models\staging\stg_order_items.sql)
  Unrecognized name: order_item_id at [12:14]
  compiled code at target\run\ecommerce_retention_analytics\models\staging\stg_order_items.sql.
[0m21:49:55.877029 [debug] [Thread-3 (]: SQL status: OK in 0.602 seconds
[0m21:49:55.894065 [debug] [Thread-3 (]: Sending event: {'category': 'dbt', 'action': 'run_model', 'label': '3c89d8be-fa9c-40a8-aadc-e9408ab985c5', 'context': [<snowplow_tracker.self_describing_json.SelfDescribingJson object at 0x000001D91EF77EF0>]}
[0m21:49:55.895065 [debug] [Thread-2 (]: SQL status: OK in 0.651 seconds
[0m21:49:55.896066 [info ] [Thread-3 (]: 3 of 4 OK created sql view model ecom_staging.stg_users ........................ [[32mCREATE VIEW (0 processed)[0m in 2.21s]
[0m21:49:55.899072 [debug] [Thread-2 (]: Sending event: {'category': 'dbt', 'action': 'run_model', 'label': '3c89d8be-fa9c-40a8-aadc-e9408ab985c5', 'context': [<snowplow_tracker.self_describing_json.SelfDescribingJson object at 0x000001D91F608230>]}
[0m21:49:55.900246 [debug] [Thread-3 (]: Finished running node model.ecommerce_retention_analytics.stg_users
[0m21:49:55.900246 [info ] [Thread-2 (]: 2 of 4 OK created sql view model ecom_staging.stg_orders ....................... [[32mCREATE VIEW (0 processed)[0m in 2.22s]
[0m21:49:55.901678 [debug] [Thread-2 (]: Finished running node model.ecommerce_retention_analytics.stg_orders
[0m21:49:55.903035 [debug] [Thread-4 (]: Began running node model.ecommerce_retention_analytics.dim_customers
[0m21:49:55.903035 [info ] [Thread-4 (]: 4 of 4 SKIP relation ecom_staging.dim_customers ................................ [[33mSKIP[0m]
[0m21:49:55.904158 [debug] [Thread-4 (]: Finished running node model.ecommerce_retention_analytics.dim_customers
[0m21:49:55.906164 [debug] [MainThread]: Opening a new connection, currently in state closed
[0m21:49:55.906164 [debug] [MainThread]: Connection 'master' was properly closed.
[0m21:49:55.906164 [debug] [MainThread]: Connection 'create_project-505e76f5-40a4-4295-b57_ecom_staging' was properly closed.
[0m21:49:55.907164 [debug] [MainThread]: Connection 'list_project-505e76f5-40a4-4295-b57_ecom_staging' was properly closed.
[0m21:49:55.907164 [debug] [MainThread]: Connection 'model.ecommerce_retention_analytics.stg_order_items' was properly closed.
[0m21:49:55.907164 [debug] [MainThread]: Connection 'model.ecommerce_retention_analytics.stg_orders' was properly closed.
[0m21:49:55.907164 [debug] [MainThread]: Connection 'model.ecommerce_retention_analytics.stg_users' was properly closed.
[0m21:49:55.908164 [info ] [MainThread]: 
[0m21:49:55.908164 [info ] [MainThread]: Finished running 1 table model, 3 view models in 0 hours 0 minutes and 17.95 seconds (17.95s).
[0m21:49:55.909164 [debug] [MainThread]: Command end result
[0m21:49:55.935677 [debug] [MainThread]: Wrote artifact WritableManifest to C:\Users\ZELİHA TUTAR\OneDrive\Desktop\ecommerce-retention-analytics\target\manifest.json
[0m21:49:55.938679 [debug] [MainThread]: Wrote artifact SemanticManifest to C:\Users\ZELİHA TUTAR\OneDrive\Desktop\ecommerce-retention-analytics\target\semantic_manifest.json
[0m21:49:55.945893 [debug] [MainThread]: Wrote artifact RunExecutionResult to C:\Users\ZELİHA TUTAR\OneDrive\Desktop\ecommerce-retention-analytics\target\run_results.json
[0m21:49:55.945893 [info ] [MainThread]: 
[0m21:49:55.945893 [info ] [MainThread]: [31mCompleted with 1 error, 0 partial successes, and 0 warnings:[0m
[0m21:49:55.946902 [info ] [MainThread]: 
[0m21:49:55.946902 [error] [MainThread]: [31mFailure in model stg_order_items (models\staging\stg_order_items.sql)[0m
[0m21:49:55.947904 [error] [MainThread]:   Database Error in model stg_order_items (models\staging\stg_order_items.sql)
  Unrecognized name: order_item_id at [12:14]
  compiled code at target\run\ecommerce_retention_analytics\models\staging\stg_order_items.sql
[0m21:49:55.947904 [info ] [MainThread]: 
[0m21:49:55.948901 [info ] [MainThread]:   compiled code at target\compiled\ecommerce_retention_analytics\models\staging\stg_order_items.sql
[0m21:49:55.948901 [info ] [MainThread]: 
[0m21:49:55.948901 [info ] [MainThread]: Done. PASS=2 WARN=0 ERROR=1 SKIP=1 NO-OP=0 TOTAL=4
[0m21:49:55.949901 [debug] [MainThread]: Command `dbt run` failed at 21:49:55.949901 after 20.40 seconds
[0m21:49:55.950902 [debug] [MainThread]: Sending event: {'category': 'dbt', 'action': 'invocation', 'label': 'end', 'context': [<snowplow_tracker.self_describing_json.SelfDescribingJson object at 0x000001D96E993EF0>, <snowplow_tracker.self_describing_json.SelfDescribingJson object at 0x000001D91F26A9F0>, <snowplow_tracker.self_describing_json.SelfDescribingJson object at 0x000001D920CB3F80>]}
[0m21:49:55.950902 [debug] [MainThread]: Flushing usage events
[0m21:49:56.911523 [debug] [MainThread]: An error was encountered while trying to flush usage events
[0m21:51:44.244343 [debug] [MainThread]: Sending event: {'category': 'dbt', 'action': 'invocation', 'label': 'start', 'context': [<snowplow_tracker.self_describing_json.SelfDescribingJson object at 0x000001F67E5897C0>, <snowplow_tracker.self_describing_json.SelfDescribingJson object at 0x000001F601B3EA20>, <snowplow_tracker.self_describing_json.SelfDescribingJson object at 0x000001F601B3DDF0>]}


============================== 21:51:44.248348 | b4d0b175-0de0-4404-9048-cf73643500bd ==============================
[0m21:51:44.248348 [info ] [MainThread]: Running with dbt=1.11.7
[0m21:51:44.249349 [debug] [MainThread]: running dbt with arguments {'static_parser': 'True', 'no_print': 'None', 'version_check': 'True', 'warn_error_options': 'WarnErrorOptionsV2(error=[], warn=[], silence=[])', 'target_path': 'None', 'printer_width': '80', 'write_json': 'True', 'introspect': 'True', 'log_cache_events': 'False', 'empty': 'False', 'cache_selected_only': 'False', 'fail_fast': 'False', 'debug': 'False', 'log_format': 'default', 'profiles_dir': 'C:\\Users\\ZELİHA TUTAR\\.dbt', 'send_anonymous_usage_stats': 'True', 'quiet': 'False', 'warn_error': 'None', 'partial_parse': 'True', 'indirect_selection': 'eager', 'invocation_command': 'dbt run', 'use_colors': 'True', 'use_experimental_parser': 'False', 'log_path': 'C:\\Users\\ZELİHA TUTAR\\OneDrive\\Desktop\\ecommerce-retention-analytics\\logs'}
[0m21:51:45.346328 [debug] [MainThread]: Sending event: {'category': 'dbt', 'action': 'project_id', 'label': 'b4d0b175-0de0-4404-9048-cf73643500bd', 'context': [<snowplow_tracker.self_describing_json.SelfDescribingJson object at 0x000001F632EC9C70>]}
[0m21:51:45.411330 [debug] [MainThread]: Sending event: {'category': 'dbt', 'action': 'adapter_info', 'label': 'b4d0b175-0de0-4404-9048-cf73643500bd', 'context': [<snowplow_tracker.self_describing_json.SelfDescribingJson object at 0x000001F601A1FB30>]}
[0m21:51:45.412328 [info ] [MainThread]: Registered adapter: bigquery=1.11.1
[0m21:51:45.672205 [debug] [MainThread]: checksum: b80718358155fc17c3559352095564dd56ada1cc1a1c0ef2e62c857e71583775, vars: {}, profile: , target: , version: 1.11.7
[0m21:51:45.761401 [debug] [MainThread]: Partial parsing enabled: 0 files deleted, 0 files added, 1 files changed.
[0m21:51:45.761401 [debug] [MainThread]: Partial parsing: updated file: ecommerce_retention_analytics://models\staging\stg_order_items.sql
[0m21:51:45.988031 [debug] [MainThread]: Sending event: {'category': 'dbt', 'action': 'load_project', 'label': 'b4d0b175-0de0-4404-9048-cf73643500bd', 'context': [<snowplow_tracker.self_describing_json.SelfDescribingJson object at 0x000001F634845280>]}
[0m21:51:46.034269 [debug] [MainThread]: Wrote artifact WritableManifest to C:\Users\ZELİHA TUTAR\OneDrive\Desktop\ecommerce-retention-analytics\target\manifest.json
[0m21:51:46.036637 [debug] [MainThread]: Wrote artifact SemanticManifest to C:\Users\ZELİHA TUTAR\OneDrive\Desktop\ecommerce-retention-analytics\target\semantic_manifest.json
[0m21:51:46.058847 [debug] [MainThread]: Sending event: {'category': 'dbt', 'action': 'resource_counts', 'label': 'b4d0b175-0de0-4404-9048-cf73643500bd', 'context': [<snowplow_tracker.self_describing_json.SelfDescribingJson object at 0x000001F6333ED5E0>]}
[0m21:51:46.058847 [info ] [MainThread]: Found 4 models, 4 sources, 539 macros
[0m21:51:46.059848 [debug] [MainThread]: Sending event: {'category': 'dbt', 'action': 'runnable_timing', 'label': 'b4d0b175-0de0-4404-9048-cf73643500bd', 'context': [<snowplow_tracker.self_describing_json.SelfDescribingJson object at 0x000001F6346A55E0>]}
[0m21:51:46.061849 [info ] [MainThread]: 
[0m21:51:46.061849 [info ] [MainThread]: Concurrency: 4 threads (target='dev')
[0m21:51:46.061849 [info ] [MainThread]: 
[0m21:51:46.063282 [debug] [MainThread]: Acquiring new bigquery connection 'master'
[0m21:51:46.066291 [debug] [ThreadPool]: Acquiring new bigquery connection 'list_project-505e76f5-40a4-4295-b57'
[0m21:51:46.067288 [debug] [ThreadPool]: Opening a new connection, currently in state init
[0m21:51:48.013528 [debug] [ThreadPool]: Acquiring new bigquery connection 'list_project-505e76f5-40a4-4295-b57_ecom_staging'
[0m21:51:48.013528 [debug] [ThreadPool]: Opening a new connection, currently in state init
[0m21:51:48.805477 [debug] [MainThread]: Sending event: {'category': 'dbt', 'action': 'runnable_timing', 'label': 'b4d0b175-0de0-4404-9048-cf73643500bd', 'context': [<snowplow_tracker.self_describing_json.SelfDescribingJson object at 0x000001F6330C9A00>]}
[0m21:51:48.805477 [debug] [MainThread]: Opening a new connection, currently in state init
[0m21:51:48.809486 [debug] [Thread-1 (]: Began running node model.ecommerce_retention_analytics.stg_order_items
[0m21:51:48.809486 [debug] [Thread-2 (]: Began running node model.ecommerce_retention_analytics.stg_orders
[0m21:51:48.810483 [debug] [Thread-3 (]: Began running node model.ecommerce_retention_analytics.stg_users
[0m21:51:48.810483 [info ] [Thread-1 (]: 1 of 4 START sql view model ecom_staging.stg_order_items ....................... [RUN]
[0m21:51:48.811483 [info ] [Thread-2 (]: 2 of 4 START sql view model ecom_staging.stg_orders ............................ [RUN]
[0m21:51:48.811483 [info ] [Thread-3 (]: 3 of 4 START sql view model ecom_staging.stg_users ............................. [RUN]
[0m21:51:48.812483 [debug] [Thread-1 (]: Acquiring new bigquery connection 'model.ecommerce_retention_analytics.stg_order_items'
[0m21:51:48.812483 [debug] [Thread-2 (]: Acquiring new bigquery connection 'model.ecommerce_retention_analytics.stg_orders'
[0m21:51:48.812483 [debug] [Thread-3 (]: Acquiring new bigquery connection 'model.ecommerce_retention_analytics.stg_users'
[0m21:51:48.813484 [debug] [Thread-1 (]: Began compiling node model.ecommerce_retention_analytics.stg_order_items
[0m21:51:48.813484 [debug] [Thread-2 (]: Began compiling node model.ecommerce_retention_analytics.stg_orders
[0m21:51:48.813484 [debug] [Thread-3 (]: Began compiling node model.ecommerce_retention_analytics.stg_users
[0m21:51:48.818483 [debug] [Thread-1 (]: Writing injected SQL for node "model.ecommerce_retention_analytics.stg_order_items"
[0m21:51:48.820483 [debug] [Thread-2 (]: Writing injected SQL for node "model.ecommerce_retention_analytics.stg_orders"
[0m21:51:48.822484 [debug] [Thread-3 (]: Writing injected SQL for node "model.ecommerce_retention_analytics.stg_users"
[0m21:51:48.824489 [debug] [Thread-2 (]: Began executing node model.ecommerce_retention_analytics.stg_orders
[0m21:51:48.824489 [debug] [Thread-1 (]: Began executing node model.ecommerce_retention_analytics.stg_order_items
[0m21:51:48.825851 [debug] [Thread-3 (]: Began executing node model.ecommerce_retention_analytics.stg_users
[0m21:51:48.844862 [debug] [Thread-2 (]: Writing runtime sql for node "model.ecommerce_retention_analytics.stg_orders"
[0m21:51:48.846877 [debug] [Thread-1 (]: Writing runtime sql for node "model.ecommerce_retention_analytics.stg_order_items"
[0m21:51:48.848870 [debug] [Thread-3 (]: Writing runtime sql for node "model.ecommerce_retention_analytics.stg_users"
[0m21:51:48.850857 [debug] [Thread-2 (]: On model.ecommerce_retention_analytics.stg_orders: /* {"app": "dbt", "dbt_version": "1.11.7", "profile_name": "ecommerce_profile", "target_name": "dev", "node_id": "model.ecommerce_retention_analytics.stg_orders"} */


  create or replace view `project-505e76f5-40a4-4295-b57`.`ecom_staging`.`stg_orders`
  OPTIONS()
  as with source as (
    select * from `project-505e76f5-40a4-4295-b57`.`ecom_raw`.`raw_orders`
),

renamed as (
    select
        cast(order_id as string) as order_id,
        cast(user_id as string) as user_id,
        cast(order_date as timestamp) as order_timestamp,
        lower(status) as order_status
    from source
)

select * from renamed;


[0m21:51:48.850857 [debug] [Thread-2 (]: Opening a new connection, currently in state init
[0m21:51:48.851858 [debug] [Thread-1 (]: On model.ecommerce_retention_analytics.stg_order_items: /* {"app": "dbt", "dbt_version": "1.11.7", "profile_name": "ecommerce_profile", "target_name": "dev", "node_id": "model.ecommerce_retention_analytics.stg_order_items"} */


  create or replace view `project-505e76f5-40a4-4295-b57`.`ecom_staging`.`stg_order_items`
  OPTIONS()
  as with source as (
    select * from `project-505e76f5-40a4-4295-b57`.`ecom_raw`.`raw_order_items`
),

renamed as (
    select
        cast(order_id as string) as order_id,
        cast(product_id as string) as product_id,
        cast(price as numeric) as price
    from source
)

select * from renamed;


[0m21:51:48.852858 [debug] [Thread-3 (]: On model.ecommerce_retention_analytics.stg_users: /* {"app": "dbt", "dbt_version": "1.11.7", "profile_name": "ecommerce_profile", "target_name": "dev", "node_id": "model.ecommerce_retention_analytics.stg_users"} */


  create or replace view `project-505e76f5-40a4-4295-b57`.`ecom_staging`.`stg_users`
  OPTIONS()
  as with source as (
    select * from `project-505e76f5-40a4-4295-b57`.`ecom_raw`.`raw_users`
),

renamed as (
    select
        cast(user_id as string) as user_id,
        cast(signup_date as timestamp) as signup_timestamp,
        upper(country) as country_code,
        lower(acquisition_channel) as acquisition_channel,
        cast(age as integer) as user_age
    from source
)

select * from renamed;


[0m21:51:48.852858 [debug] [Thread-1 (]: Opening a new connection, currently in state init
[0m21:51:48.853861 [debug] [Thread-3 (]: Opening a new connection, currently in state init
[0m21:51:49.786259 [debug] [Thread-3 (]: BigQuery adapter: https://console.cloud.google.com/bigquery?project=project-505e76f5-40a4-4295-b57&j=bq:EU:931bb9a1-6c6d-4e36-ba4d-4b467ae6118e&page=queryresults
[0m21:51:49.827567 [debug] [Thread-2 (]: BigQuery adapter: https://console.cloud.google.com/bigquery?project=project-505e76f5-40a4-4295-b57&j=bq:EU:c1d956d6-590b-4e85-ae5e-52c3ad67055d&page=queryresults
[0m21:51:50.023518 [debug] [Thread-1 (]: BigQuery adapter: https://console.cloud.google.com/bigquery?project=project-505e76f5-40a4-4295-b57&j=bq:EU:34b1b51f-3914-4dea-a490-6d93770f275a&page=queryresults
[0m21:51:50.173086 [error] [Thread-1 (]: BigQuery adapter: https://console.cloud.google.com/bigquery?project=project-505e76f5-40a4-4295-b57&j=bq:EU:34b1b51f-3914-4dea-a490-6d93770f275a&page=queryresults
[0m21:51:50.178079 [debug] [Thread-3 (]: SQL status: OK in 0.391 seconds
[0m21:51:50.186438 [debug] [Thread-1 (]: Database Error in model stg_order_items (models\staging\stg_order_items.sql)
  Unrecognized name: price at [14:14]
  compiled code at target\run\ecommerce_retention_analytics\models\staging\stg_order_items.sql
[0m21:51:50.188437 [debug] [Thread-1 (]: Sending event: {'category': 'dbt', 'action': 'run_model', 'label': 'b4d0b175-0de0-4404-9048-cf73643500bd', 'context': [<snowplow_tracker.self_describing_json.SelfDescribingJson object at 0x000001F6349BEBD0>]}
[0m21:51:50.189437 [error] [Thread-1 (]: 1 of 4 ERROR creating sql view model ecom_staging.stg_order_items .............. [[31mERROR[0m in 1.37s]
[0m21:51:50.190436 [debug] [Thread-1 (]: Finished running node model.ecommerce_retention_analytics.stg_order_items
[0m21:51:50.190436 [debug] [Thread-7 (]: Marking all children of 'model.ecommerce_retention_analytics.stg_order_items' to be skipped because of status 'error'.  Reason: Database Error in model stg_order_items (models\staging\stg_order_items.sql)
  Unrecognized name: price at [14:14]
  compiled code at target\run\ecommerce_retention_analytics\models\staging\stg_order_items.sql.
[0m21:51:50.238437 [debug] [Thread-3 (]: Sending event: {'category': 'dbt', 'action': 'run_model', 'label': 'b4d0b175-0de0-4404-9048-cf73643500bd', 'context': [<snowplow_tracker.self_describing_json.SelfDescribingJson object at 0x000001F63489A780>]}
[0m21:51:50.238437 [info ] [Thread-3 (]: 3 of 4 OK created sql view model ecom_staging.stg_users ........................ [[32mCREATE VIEW (0 processed)[0m in 1.43s]
[0m21:51:50.239437 [debug] [Thread-3 (]: Finished running node model.ecommerce_retention_analytics.stg_users
[0m21:51:50.332087 [debug] [Thread-2 (]: SQL status: OK in 0.505 seconds
[0m21:51:50.335082 [debug] [Thread-2 (]: Sending event: {'category': 'dbt', 'action': 'run_model', 'label': 'b4d0b175-0de0-4404-9048-cf73643500bd', 'context': [<snowplow_tracker.self_describing_json.SelfDescribingJson object at 0x000001F63489A780>]}
[0m21:51:50.336081 [info ] [Thread-2 (]: 2 of 4 OK created sql view model ecom_staging.stg_orders ....................... [[32mCREATE VIEW (0 processed)[0m in 1.52s]
[0m21:51:50.336081 [debug] [Thread-2 (]: Finished running node model.ecommerce_retention_analytics.stg_orders
[0m21:51:50.337082 [debug] [Thread-4 (]: Began running node model.ecommerce_retention_analytics.dim_customers
[0m21:51:50.337082 [info ] [Thread-4 (]: 4 of 4 SKIP relation ecom_staging.dim_customers ................................ [[33mSKIP[0m]
[0m21:51:50.338086 [debug] [Thread-4 (]: Finished running node model.ecommerce_retention_analytics.dim_customers
[0m21:51:50.339083 [debug] [MainThread]: Opening a new connection, currently in state closed
[0m21:51:50.340094 [debug] [MainThread]: Connection 'master' was properly closed.
[0m21:51:50.340094 [debug] [MainThread]: Connection 'list_project-505e76f5-40a4-4295-b57' was properly closed.
[0m21:51:50.340094 [debug] [MainThread]: Connection 'list_project-505e76f5-40a4-4295-b57_ecom_staging' was properly closed.
[0m21:51:50.340094 [debug] [MainThread]: Connection 'model.ecommerce_retention_analytics.stg_order_items' was properly closed.
[0m21:51:50.341094 [debug] [MainThread]: Connection 'model.ecommerce_retention_analytics.stg_orders' was properly closed.
[0m21:51:50.341094 [debug] [MainThread]: Connection 'model.ecommerce_retention_analytics.stg_users' was properly closed.
[0m21:51:50.341094 [info ] [MainThread]: 
[0m21:51:50.341094 [info ] [MainThread]: Finished running 1 table model, 3 view models in 0 hours 0 minutes and 4.28 seconds (4.28s).
[0m21:51:50.342080 [debug] [MainThread]: Command end result
[0m21:51:50.357599 [debug] [MainThread]: Wrote artifact WritableManifest to C:\Users\ZELİHA TUTAR\OneDrive\Desktop\ecommerce-retention-analytics\target\manifest.json
[0m21:51:50.359597 [debug] [MainThread]: Wrote artifact SemanticManifest to C:\Users\ZELİHA TUTAR\OneDrive\Desktop\ecommerce-retention-analytics\target\semantic_manifest.json
[0m21:51:50.366231 [debug] [MainThread]: Wrote artifact RunExecutionResult to C:\Users\ZELİHA TUTAR\OneDrive\Desktop\ecommerce-retention-analytics\target\run_results.json
[0m21:51:50.367241 [info ] [MainThread]: 
[0m21:51:50.367241 [info ] [MainThread]: [31mCompleted with 1 error, 0 partial successes, and 0 warnings:[0m
[0m21:51:50.368240 [info ] [MainThread]: 
[0m21:51:50.368240 [error] [MainThread]: [31mFailure in model stg_order_items (models\staging\stg_order_items.sql)[0m
[0m21:51:50.369239 [error] [MainThread]:   Database Error in model stg_order_items (models\staging\stg_order_items.sql)
  Unrecognized name: price at [14:14]
  compiled code at target\run\ecommerce_retention_analytics\models\staging\stg_order_items.sql
[0m21:51:50.369239 [info ] [MainThread]: 
[0m21:51:50.369239 [info ] [MainThread]:   compiled code at target\compiled\ecommerce_retention_analytics\models\staging\stg_order_items.sql
[0m21:51:50.370239 [info ] [MainThread]: 
[0m21:51:50.370239 [info ] [MainThread]: Done. PASS=2 WARN=0 ERROR=1 SKIP=1 NO-OP=0 TOTAL=4
[0m21:51:50.371238 [debug] [MainThread]: Command `dbt run` failed at 21:51:50.371238 after 6.23 seconds
[0m21:51:50.371238 [debug] [MainThread]: Sending event: {'category': 'dbt', 'action': 'invocation', 'label': 'end', 'context': [<snowplow_tracker.self_describing_json.SelfDescribingJson object at 0x000001F603582DB0>, <snowplow_tracker.self_describing_json.SelfDescribingJson object at 0x000001F6016BC410>, <snowplow_tracker.self_describing_json.SelfDescribingJson object at 0x000001F6016BC470>]}
[0m21:51:50.371238 [debug] [MainThread]: Flushing usage events
[0m21:51:51.222604 [debug] [MainThread]: An error was encountered while trying to flush usage events
[0m21:52:33.138334 [debug] [MainThread]: Sending event: {'category': 'dbt', 'action': 'invocation', 'label': 'start', 'context': [<snowplow_tracker.self_describing_json.SelfDescribingJson object at 0x0000024664C8E030>, <snowplow_tracker.self_describing_json.SelfDescribingJson object at 0x0000024664763D40>, <snowplow_tracker.self_describing_json.SelfDescribingJson object at 0x0000024664763CB0>]}


============================== 21:52:33.143334 | 81f77f4e-b3f3-4679-8b69-0225923211c8 ==============================
[0m21:52:33.143334 [info ] [MainThread]: Running with dbt=1.11.7
[0m21:52:33.143334 [debug] [MainThread]: running dbt with arguments {'static_parser': 'True', 'no_print': 'None', 'version_check': 'True', 'target_path': 'None', 'warn_error_options': 'WarnErrorOptionsV2(error=[], warn=[], silence=[])', 'printer_width': '80', 'write_json': 'True', 'introspect': 'True', 'log_cache_events': 'False', 'empty': 'False', 'cache_selected_only': 'False', 'log_format': 'default', 'debug': 'False', 'fail_fast': 'False', 'profiles_dir': 'C:\\Users\\ZELİHA TUTAR\\.dbt', 'send_anonymous_usage_stats': 'True', 'quiet': 'False', 'warn_error': 'None', 'partial_parse': 'True', 'invocation_command': 'dbt run', 'use_colors': 'True', 'indirect_selection': 'eager', 'use_experimental_parser': 'False', 'log_path': 'C:\\Users\\ZELİHA TUTAR\\OneDrive\\Desktop\\ecommerce-retention-analytics\\logs'}
[0m21:52:34.164951 [debug] [MainThread]: Sending event: {'category': 'dbt', 'action': 'project_id', 'label': '81f77f4e-b3f3-4679-8b69-0225923211c8', 'context': [<snowplow_tracker.self_describing_json.SelfDescribingJson object at 0x000002466486DAC0>]}
[0m21:52:34.225951 [debug] [MainThread]: Sending event: {'category': 'dbt', 'action': 'adapter_info', 'label': '81f77f4e-b3f3-4679-8b69-0225923211c8', 'context': [<snowplow_tracker.self_describing_json.SelfDescribingJson object at 0x00000246150FA840>]}
[0m21:52:34.226951 [info ] [MainThread]: Registered adapter: bigquery=1.11.1
[0m21:52:34.481064 [debug] [MainThread]: checksum: b80718358155fc17c3559352095564dd56ada1cc1a1c0ef2e62c857e71583775, vars: {}, profile: , target: , version: 1.11.7
[0m21:52:34.569911 [debug] [MainThread]: Partial parsing enabled: 0 files deleted, 0 files added, 1 files changed.
[0m21:52:34.570912 [debug] [MainThread]: Partial parsing: updated file: ecommerce_retention_analytics://models\staging\stg_order_items.sql
[0m21:52:34.866349 [debug] [MainThread]: Sending event: {'category': 'dbt', 'action': 'load_project', 'label': '81f77f4e-b3f3-4679-8b69-0225923211c8', 'context': [<snowplow_tracker.self_describing_json.SelfDescribingJson object at 0x0000024617975430>]}
[0m21:52:34.936448 [debug] [MainThread]: Wrote artifact WritableManifest to C:\Users\ZELİHA TUTAR\OneDrive\Desktop\ecommerce-retention-analytics\target\manifest.json
[0m21:52:34.940904 [debug] [MainThread]: Wrote artifact SemanticManifest to C:\Users\ZELİHA TUTAR\OneDrive\Desktop\ecommerce-retention-analytics\target\semantic_manifest.json
[0m21:52:34.962800 [debug] [MainThread]: Sending event: {'category': 'dbt', 'action': 'resource_counts', 'label': '81f77f4e-b3f3-4679-8b69-0225923211c8', 'context': [<snowplow_tracker.self_describing_json.SelfDescribingJson object at 0x0000024616143D10>]}
[0m21:52:34.962800 [info ] [MainThread]: Found 4 models, 4 sources, 539 macros
[0m21:52:34.963814 [debug] [MainThread]: Sending event: {'category': 'dbt', 'action': 'runnable_timing', 'label': '81f77f4e-b3f3-4679-8b69-0225923211c8', 'context': [<snowplow_tracker.self_describing_json.SelfDescribingJson object at 0x0000024615CE6930>]}
[0m21:52:34.964808 [info ] [MainThread]: 
[0m21:52:34.965816 [info ] [MainThread]: Concurrency: 4 threads (target='dev')
[0m21:52:34.965816 [info ] [MainThread]: 
[0m21:52:34.966811 [debug] [MainThread]: Acquiring new bigquery connection 'master'
[0m21:52:34.970809 [debug] [ThreadPool]: Acquiring new bigquery connection 'list_project-505e76f5-40a4-4295-b57'
[0m21:52:34.970809 [debug] [ThreadPool]: Opening a new connection, currently in state init
[0m21:52:37.779877 [debug] [ThreadPool]: Acquiring new bigquery connection 'list_project-505e76f5-40a4-4295-b57_ecom_staging'
[0m21:52:37.780902 [debug] [ThreadPool]: Opening a new connection, currently in state init
[0m21:52:39.362179 [debug] [MainThread]: Sending event: {'category': 'dbt', 'action': 'runnable_timing', 'label': '81f77f4e-b3f3-4679-8b69-0225923211c8', 'context': [<snowplow_tracker.self_describing_json.SelfDescribingJson object at 0x0000024616060770>]}
[0m21:52:39.363160 [debug] [MainThread]: Opening a new connection, currently in state init
[0m21:52:39.368157 [debug] [Thread-1 (]: Began running node model.ecommerce_retention_analytics.stg_order_items
[0m21:52:39.368157 [debug] [Thread-2 (]: Began running node model.ecommerce_retention_analytics.stg_orders
[0m21:52:39.368157 [debug] [Thread-3 (]: Began running node model.ecommerce_retention_analytics.stg_users
[0m21:52:39.369157 [info ] [Thread-1 (]: 1 of 4 START sql view model ecom_staging.stg_order_items ....................... [RUN]
[0m21:52:39.369157 [info ] [Thread-2 (]: 2 of 4 START sql view model ecom_staging.stg_orders ............................ [RUN]
[0m21:52:39.370157 [info ] [Thread-3 (]: 3 of 4 START sql view model ecom_staging.stg_users ............................. [RUN]
[0m21:52:39.370157 [debug] [Thread-1 (]: Acquiring new bigquery connection 'model.ecommerce_retention_analytics.stg_order_items'
[0m21:52:39.370157 [debug] [Thread-2 (]: Acquiring new bigquery connection 'model.ecommerce_retention_analytics.stg_orders'
[0m21:52:39.371156 [debug] [Thread-3 (]: Acquiring new bigquery connection 'model.ecommerce_retention_analytics.stg_users'
[0m21:52:39.371156 [debug] [Thread-1 (]: Began compiling node model.ecommerce_retention_analytics.stg_order_items
[0m21:52:39.371156 [debug] [Thread-2 (]: Began compiling node model.ecommerce_retention_analytics.stg_orders
[0m21:52:39.372157 [debug] [Thread-3 (]: Began compiling node model.ecommerce_retention_analytics.stg_users
[0m21:52:39.379159 [debug] [Thread-2 (]: Writing injected SQL for node "model.ecommerce_retention_analytics.stg_orders"
[0m21:52:39.377162 [debug] [Thread-1 (]: Writing injected SQL for node "model.ecommerce_retention_analytics.stg_order_items"
[0m21:52:39.382159 [debug] [Thread-3 (]: Writing injected SQL for node "model.ecommerce_retention_analytics.stg_users"
[0m21:52:39.383157 [debug] [Thread-2 (]: Began executing node model.ecommerce_retention_analytics.stg_orders
[0m21:52:39.383157 [debug] [Thread-1 (]: Began executing node model.ecommerce_retention_analytics.stg_order_items
[0m21:52:39.404623 [debug] [Thread-2 (]: Writing runtime sql for node "model.ecommerce_retention_analytics.stg_orders"
[0m21:52:39.405624 [debug] [Thread-3 (]: Began executing node model.ecommerce_retention_analytics.stg_users
[0m21:52:39.407623 [debug] [Thread-1 (]: Writing runtime sql for node "model.ecommerce_retention_analytics.stg_order_items"
[0m21:52:39.409628 [debug] [Thread-3 (]: Writing runtime sql for node "model.ecommerce_retention_analytics.stg_users"
[0m21:52:39.409628 [debug] [Thread-2 (]: On model.ecommerce_retention_analytics.stg_orders: /* {"app": "dbt", "dbt_version": "1.11.7", "profile_name": "ecommerce_profile", "target_name": "dev", "node_id": "model.ecommerce_retention_analytics.stg_orders"} */


  create or replace view `project-505e76f5-40a4-4295-b57`.`ecom_staging`.`stg_orders`
  OPTIONS()
  as with source as (
    select * from `project-505e76f5-40a4-4295-b57`.`ecom_raw`.`raw_orders`
),

renamed as (
    select
        cast(order_id as string) as order_id,
        cast(user_id as string) as user_id,
        cast(order_date as timestamp) as order_timestamp,
        lower(status) as order_status
    from source
)

select * from renamed;


[0m21:52:39.410945 [debug] [Thread-2 (]: Opening a new connection, currently in state init
[0m21:52:39.412093 [debug] [Thread-1 (]: On model.ecommerce_retention_analytics.stg_order_items: /* {"app": "dbt", "dbt_version": "1.11.7", "profile_name": "ecommerce_profile", "target_name": "dev", "node_id": "model.ecommerce_retention_analytics.stg_order_items"} */


  create or replace view `project-505e76f5-40a4-4295-b57`.`ecom_staging`.`stg_order_items`
  OPTIONS()
  as with source as (
    select * from `project-505e76f5-40a4-4295-b57`.`ecom_raw`.`raw_order_items`
),

renamed as (
    select
        cast(order_id as string) as order_id,
        cast(product_id as string) as product_id
    from source
)

select * from renamed;


[0m21:52:39.412093 [debug] [Thread-1 (]: Opening a new connection, currently in state init
[0m21:52:39.414167 [debug] [Thread-3 (]: On model.ecommerce_retention_analytics.stg_users: /* {"app": "dbt", "dbt_version": "1.11.7", "profile_name": "ecommerce_profile", "target_name": "dev", "node_id": "model.ecommerce_retention_analytics.stg_users"} */


  create or replace view `project-505e76f5-40a4-4295-b57`.`ecom_staging`.`stg_users`
  OPTIONS()
  as with source as (
    select * from `project-505e76f5-40a4-4295-b57`.`ecom_raw`.`raw_users`
),

renamed as (
    select
        cast(user_id as string) as user_id,
        cast(signup_date as timestamp) as signup_timestamp,
        upper(country) as country_code,
        lower(acquisition_channel) as acquisition_channel,
        cast(age as integer) as user_age
    from source
)

select * from renamed;


[0m21:52:39.415167 [debug] [Thread-3 (]: Opening a new connection, currently in state init
[0m21:52:40.425251 [debug] [Thread-2 (]: BigQuery adapter: https://console.cloud.google.com/bigquery?project=project-505e76f5-40a4-4295-b57&j=bq:EU:8a5ef101-4ad8-40d0-9114-b4e3e2f2afc7&page=queryresults
[0m21:52:40.435530 [debug] [Thread-1 (]: BigQuery adapter: https://console.cloud.google.com/bigquery?project=project-505e76f5-40a4-4295-b57&j=bq:EU:5b4855b7-0d4e-4119-8357-eed40352c360&page=queryresults
[0m21:52:40.475695 [debug] [Thread-3 (]: BigQuery adapter: https://console.cloud.google.com/bigquery?project=project-505e76f5-40a4-4295-b57&j=bq:EU:314ede2a-ec3b-4765-a1bd-22a1102c54a0&page=queryresults
[0m21:52:40.820383 [debug] [Thread-1 (]: SQL status: OK in 0.384 seconds
[0m21:52:40.867352 [debug] [Thread-1 (]: Sending event: {'category': 'dbt', 'action': 'run_model', 'label': '81f77f4e-b3f3-4679-8b69-0225923211c8', 'context': [<snowplow_tracker.self_describing_json.SelfDescribingJson object at 0x00000246647B6360>]}
[0m21:52:40.867352 [info ] [Thread-1 (]: 1 of 4 OK created sql view model ecom_staging.stg_order_items .................. [[32mCREATE VIEW (0 processed)[0m in 1.50s]
[0m21:52:40.868353 [debug] [Thread-1 (]: Finished running node model.ecommerce_retention_analytics.stg_order_items
[0m21:52:40.916634 [debug] [Thread-3 (]: SQL status: OK in 0.440 seconds
[0m21:52:40.920631 [debug] [Thread-3 (]: Sending event: {'category': 'dbt', 'action': 'run_model', 'label': '81f77f4e-b3f3-4679-8b69-0225923211c8', 'context': [<snowplow_tracker.self_describing_json.SelfDescribingJson object at 0x0000024617A79F10>]}
[0m21:52:40.921629 [info ] [Thread-3 (]: 3 of 4 OK created sql view model ecom_staging.stg_users ........................ [[32mCREATE VIEW (0 processed)[0m in 1.55s]
[0m21:52:40.922630 [debug] [Thread-3 (]: Finished running node model.ecommerce_retention_analytics.stg_users
[0m21:52:41.274654 [debug] [Thread-2 (]: SQL status: OK in 0.848 seconds
[0m21:52:41.277655 [debug] [Thread-2 (]: Sending event: {'category': 'dbt', 'action': 'run_model', 'label': '81f77f4e-b3f3-4679-8b69-0225923211c8', 'context': [<snowplow_tracker.self_describing_json.SelfDescribingJson object at 0x0000024617B58AA0>]}
[0m21:52:41.278656 [info ] [Thread-2 (]: 2 of 4 OK created sql view model ecom_staging.stg_orders ....................... [[32mCREATE VIEW (0 processed)[0m in 1.91s]
[0m21:52:41.279656 [debug] [Thread-2 (]: Finished running node model.ecommerce_retention_analytics.stg_orders
[0m21:52:41.280656 [debug] [Thread-4 (]: Began running node model.ecommerce_retention_analytics.dim_customers
[0m21:52:41.281655 [info ] [Thread-4 (]: 4 of 4 START sql table model ecom_staging.dim_customers ........................ [RUN]
[0m21:52:41.282655 [debug] [Thread-4 (]: Acquiring new bigquery connection 'model.ecommerce_retention_analytics.dim_customers'
[0m21:52:41.282655 [debug] [Thread-4 (]: Began compiling node model.ecommerce_retention_analytics.dim_customers
[0m21:52:41.286654 [debug] [Thread-4 (]: Writing injected SQL for node "model.ecommerce_retention_analytics.dim_customers"
[0m21:52:41.287654 [debug] [Thread-4 (]: Began executing node model.ecommerce_retention_analytics.dim_customers
[0m21:52:41.314081 [debug] [Thread-4 (]: Writing runtime sql for node "model.ecommerce_retention_analytics.dim_customers"
[0m21:52:41.316402 [debug] [Thread-4 (]: On model.ecommerce_retention_analytics.dim_customers: /* {"app": "dbt", "dbt_version": "1.11.7", "profile_name": "ecommerce_profile", "target_name": "dev", "node_id": "model.ecommerce_retention_analytics.dim_customers"} */

  
    

    create or replace table `project-505e76f5-40a4-4295-b57`.`ecom_staging`.`dim_customers`
      
    
    

    
    OPTIONS()
    as (
      with users as (
    select * from `project-505e76f5-40a4-4295-b57`.`ecom_staging`.`stg_users`
),

orders as (
    select * from `project-505e76f5-40a4-4295-b57`.`ecom_staging`.`stg_orders`
),

order_items as (
    select * from `project-505e76f5-40a4-4295-b57`.`ecom_staging`.`stg_order_items`
),

customer_orders as (
    select
        o.user_id,
        count(distinct o.order_id) as total_orders,
        min(o.order_timestamp) as first_order_at,
        max(o.order_timestamp) as most_recent_order_at,
        sum(i.quantity * i.unit_price * (1 - i.discount_rate)) as lifetime_value_ltv
    from orders o
    left join order_items i on o.order_id = i.order_id
    where o.order_status = 'completed'
    group by 1
)

select
    u.user_id,
    u.country_code,
    u.acquisition_channel,
    u.user_age,
    coalesce(co.total_orders, 0) as total_orders,
    co.first_order_at,
    co.most_recent_order_at,
    coalesce(co.lifetime_value_ltv, 0) as lifetime_value_ltv,
    case 
        when co.most_recent_order_at < timestamp_sub(current_timestamp(), interval 180 day) then true 
        else false 
    end as is_churned
from users u
left join customer_orders co on u.user_id = co.user_id
    );
  
[0m21:52:41.317402 [debug] [Thread-4 (]: Opening a new connection, currently in state init
[0m21:52:42.414222 [debug] [Thread-4 (]: BigQuery adapter: https://console.cloud.google.com/bigquery?project=project-505e76f5-40a4-4295-b57&j=bq:EU:d2df45b1-22ad-4593-a90a-4fa4d4d33a87&page=queryresults
[0m21:52:42.619702 [error] [Thread-4 (]: BigQuery adapter: https://console.cloud.google.com/bigquery?project=project-505e76f5-40a4-4295-b57&j=bq:EU:d2df45b1-22ad-4593-a90a-4fa4d4d33a87&page=queryresults
[0m21:52:42.624700 [debug] [Thread-4 (]: Database Error in model dim_customers (models\marts\dim_customers.sql)
  Name quantity not found inside i at [32:15]
  compiled code at target\run\ecommerce_retention_analytics\models\marts\dim_customers.sql
[0m21:52:42.625706 [debug] [Thread-4 (]: Sending event: {'category': 'dbt', 'action': 'run_model', 'label': '81f77f4e-b3f3-4679-8b69-0225923211c8', 'context': [<snowplow_tracker.self_describing_json.SelfDescribingJson object at 0x0000024617E152B0>]}
[0m21:52:42.626706 [error] [Thread-4 (]: 4 of 4 ERROR creating sql table model ecom_staging.dim_customers ............... [[31mERROR[0m in 1.34s]
[0m21:52:42.627708 [debug] [Thread-4 (]: Finished running node model.ecommerce_retention_analytics.dim_customers
[0m21:52:42.627708 [debug] [Thread-7 (]: Marking all children of 'model.ecommerce_retention_analytics.dim_customers' to be skipped because of status 'error'.  Reason: Database Error in model dim_customers (models\marts\dim_customers.sql)
  Name quantity not found inside i at [32:15]
  compiled code at target\run\ecommerce_retention_analytics\models\marts\dim_customers.sql.
[0m21:52:42.629705 [debug] [MainThread]: Opening a new connection, currently in state closed
[0m21:52:42.630707 [debug] [MainThread]: Connection 'master' was properly closed.
[0m21:52:42.630707 [debug] [MainThread]: Connection 'list_project-505e76f5-40a4-4295-b57' was properly closed.
[0m21:52:42.630707 [debug] [MainThread]: Connection 'list_project-505e76f5-40a4-4295-b57_ecom_staging' was properly closed.
[0m21:52:42.631708 [debug] [MainThread]: Connection 'model.ecommerce_retention_analytics.stg_order_items' was properly closed.
[0m21:52:42.631708 [debug] [MainThread]: Connection 'model.ecommerce_retention_analytics.stg_orders' was properly closed.
[0m21:52:42.631708 [debug] [MainThread]: Connection 'model.ecommerce_retention_analytics.stg_users' was properly closed.
[0m21:52:42.631708 [debug] [MainThread]: Connection 'model.ecommerce_retention_analytics.dim_customers' was properly closed.
[0m21:52:42.632707 [info ] [MainThread]: 
[0m21:52:42.633705 [info ] [MainThread]: Finished running 1 table model, 3 view models in 0 hours 0 minutes and 7.67 seconds (7.67s).
[0m21:52:42.634707 [debug] [MainThread]: Command end result
[0m21:52:42.651912 [debug] [MainThread]: Wrote artifact WritableManifest to C:\Users\ZELİHA TUTAR\OneDrive\Desktop\ecommerce-retention-analytics\target\manifest.json
[0m21:52:42.653912 [debug] [MainThread]: Wrote artifact SemanticManifest to C:\Users\ZELİHA TUTAR\OneDrive\Desktop\ecommerce-retention-analytics\target\semantic_manifest.json
[0m21:52:42.658912 [debug] [MainThread]: Wrote artifact RunExecutionResult to C:\Users\ZELİHA TUTAR\OneDrive\Desktop\ecommerce-retention-analytics\target\run_results.json
[0m21:52:42.658912 [info ] [MainThread]: 
[0m21:52:42.659913 [info ] [MainThread]: [31mCompleted with 1 error, 0 partial successes, and 0 warnings:[0m
[0m21:52:42.659913 [info ] [MainThread]: 
[0m21:52:42.659913 [error] [MainThread]: [31mFailure in model dim_customers (models\marts\dim_customers.sql)[0m
[0m21:52:42.660913 [error] [MainThread]:   Database Error in model dim_customers (models\marts\dim_customers.sql)
  Name quantity not found inside i at [32:15]
  compiled code at target\run\ecommerce_retention_analytics\models\marts\dim_customers.sql
[0m21:52:42.660913 [info ] [MainThread]: 
[0m21:52:42.660913 [info ] [MainThread]:   compiled code at target\compiled\ecommerce_retention_analytics\models\marts\dim_customers.sql
[0m21:52:42.661913 [info ] [MainThread]: 
[0m21:52:42.661913 [info ] [MainThread]: Done. PASS=3 WARN=0 ERROR=1 SKIP=0 NO-OP=0 TOTAL=4
[0m21:52:42.662912 [debug] [MainThread]: Command `dbt run` failed at 21:52:42.662912 after 9.64 seconds
[0m21:52:42.662912 [debug] [MainThread]: Sending event: {'category': 'dbt', 'action': 'invocation', 'label': 'end', 'context': [<snowplow_tracker.self_describing_json.SelfDescribingJson object at 0x0000024666733C20>, <snowplow_tracker.self_describing_json.SelfDescribingJson object at 0x0000024664EDEFF0>, <snowplow_tracker.self_describing_json.SelfDescribingJson object at 0x0000024661FDA030>]}
[0m21:52:42.663912 [debug] [MainThread]: Flushing usage events
[0m21:52:43.479296 [debug] [MainThread]: An error was encountered while trying to flush usage events
[0m21:53:44.005868 [debug] [MainThread]: Sending event: {'category': 'dbt', 'action': 'invocation', 'label': 'start', 'context': [<snowplow_tracker.self_describing_json.SelfDescribingJson object at 0x0000016F7F9B64E0>, <snowplow_tracker.self_describing_json.SelfDescribingJson object at 0x0000016F7CDC9D60>, <snowplow_tracker.self_describing_json.SelfDescribingJson object at 0x0000016F7FCCEDB0>]}


============================== 21:53:44.010012 | af095e26-7d02-4ef1-97f9-b5c8e6e14e9b ==============================
[0m21:53:44.010012 [info ] [MainThread]: Running with dbt=1.11.7
[0m21:53:44.010012 [debug] [MainThread]: running dbt with arguments {'version_check': 'True', 'no_print': 'None', 'static_parser': 'True', 'target_path': 'None', 'warn_error_options': 'WarnErrorOptionsV2(error=[], warn=[], silence=[])', 'printer_width': '80', 'write_json': 'True', 'introspect': 'True', 'log_cache_events': 'False', 'empty': 'False', 'cache_selected_only': 'False', 'log_format': 'default', 'debug': 'False', 'fail_fast': 'False', 'profiles_dir': 'C:\\Users\\ZELİHA TUTAR\\.dbt', 'send_anonymous_usage_stats': 'True', 'quiet': 'False', 'warn_error': 'None', 'partial_parse': 'True', 'use_colors': 'True', 'indirect_selection': 'eager', 'invocation_command': 'dbt run', 'use_experimental_parser': 'False', 'log_path': 'C:\\Users\\ZELİHA TUTAR\\OneDrive\\Desktop\\ecommerce-retention-analytics\\logs'}
[0m21:53:44.949442 [debug] [MainThread]: Sending event: {'category': 'dbt', 'action': 'project_id', 'label': 'af095e26-7d02-4ef1-97f9-b5c8e6e14e9b', 'context': [<snowplow_tracker.self_describing_json.SelfDescribingJson object at 0x0000016F7F65DB20>]}
[0m21:53:45.008585 [debug] [MainThread]: Sending event: {'category': 'dbt', 'action': 'adapter_info', 'label': 'af095e26-7d02-4ef1-97f9-b5c8e6e14e9b', 'context': [<snowplow_tracker.self_describing_json.SelfDescribingJson object at 0x0000016F30455580>]}
[0m21:53:45.009586 [info ] [MainThread]: Registered adapter: bigquery=1.11.1
[0m21:53:45.242760 [debug] [MainThread]: checksum: b80718358155fc17c3559352095564dd56ada1cc1a1c0ef2e62c857e71583775, vars: {}, profile: , target: , version: 1.11.7
[0m21:53:45.321245 [debug] [MainThread]: Partial parsing enabled: 0 files deleted, 0 files added, 1 files changed.
[0m21:53:45.322247 [debug] [MainThread]: Partial parsing: updated file: ecommerce_retention_analytics://models\staging\stg_order_items.sql
[0m21:53:45.533741 [debug] [MainThread]: Sending event: {'category': 'dbt', 'action': 'load_project', 'label': 'af095e26-7d02-4ef1-97f9-b5c8e6e14e9b', 'context': [<snowplow_tracker.self_describing_json.SelfDescribingJson object at 0x0000016F32785190>]}
[0m21:53:45.583741 [debug] [MainThread]: Wrote artifact WritableManifest to C:\Users\ZELİHA TUTAR\OneDrive\Desktop\ecommerce-retention-analytics\target\manifest.json
[0m21:53:45.585747 [debug] [MainThread]: Wrote artifact SemanticManifest to C:\Users\ZELİHA TUTAR\OneDrive\Desktop\ecommerce-retention-analytics\target\semantic_manifest.json
[0m21:53:45.605089 [debug] [MainThread]: Sending event: {'category': 'dbt', 'action': 'resource_counts', 'label': 'af095e26-7d02-4ef1-97f9-b5c8e6e14e9b', 'context': [<snowplow_tracker.self_describing_json.SelfDescribingJson object at 0x0000016F327854C0>]}
[0m21:53:45.606084 [info ] [MainThread]: Found 4 models, 4 sources, 539 macros
[0m21:53:45.607084 [debug] [MainThread]: Sending event: {'category': 'dbt', 'action': 'runnable_timing', 'label': 'af095e26-7d02-4ef1-97f9-b5c8e6e14e9b', 'context': [<snowplow_tracker.self_describing_json.SelfDescribingJson object at 0x0000016F325EADB0>]}
[0m21:53:45.608087 [info ] [MainThread]: 
[0m21:53:45.609088 [info ] [MainThread]: Concurrency: 4 threads (target='dev')
[0m21:53:45.609088 [info ] [MainThread]: 
[0m21:53:45.610084 [debug] [MainThread]: Acquiring new bigquery connection 'master'
[0m21:53:45.613083 [debug] [ThreadPool]: Acquiring new bigquery connection 'list_project-505e76f5-40a4-4295-b57'
[0m21:53:45.613083 [debug] [ThreadPool]: Opening a new connection, currently in state init
[0m21:53:47.865629 [debug] [ThreadPool]: Acquiring new bigquery connection 'list_project-505e76f5-40a4-4295-b57_ecom_staging'
[0m21:53:47.865629 [debug] [ThreadPool]: Opening a new connection, currently in state init
[0m21:53:48.419756 [debug] [MainThread]: Sending event: {'category': 'dbt', 'action': 'runnable_timing', 'label': 'af095e26-7d02-4ef1-97f9-b5c8e6e14e9b', 'context': [<snowplow_tracker.self_describing_json.SelfDescribingJson object at 0x0000016F3270E090>]}
[0m21:53:48.419756 [debug] [MainThread]: Opening a new connection, currently in state init
[0m21:53:48.423755 [debug] [Thread-1 (]: Began running node model.ecommerce_retention_analytics.stg_order_items
[0m21:53:48.423755 [debug] [Thread-2 (]: Began running node model.ecommerce_retention_analytics.stg_orders
[0m21:53:48.424757 [debug] [Thread-3 (]: Began running node model.ecommerce_retention_analytics.stg_users
[0m21:53:48.424757 [info ] [Thread-1 (]: 1 of 4 START sql view model ecom_staging.stg_order_items ....................... [RUN]
[0m21:53:48.424757 [info ] [Thread-2 (]: 2 of 4 START sql view model ecom_staging.stg_orders ............................ [RUN]
[0m21:53:48.425757 [info ] [Thread-3 (]: 3 of 4 START sql view model ecom_staging.stg_users ............................. [RUN]
[0m21:53:48.425757 [debug] [Thread-1 (]: Acquiring new bigquery connection 'model.ecommerce_retention_analytics.stg_order_items'
[0m21:53:48.426756 [debug] [Thread-2 (]: Acquiring new bigquery connection 'model.ecommerce_retention_analytics.stg_orders'
[0m21:53:48.426756 [debug] [Thread-3 (]: Acquiring new bigquery connection 'model.ecommerce_retention_analytics.stg_users'
[0m21:53:48.426756 [debug] [Thread-1 (]: Began compiling node model.ecommerce_retention_analytics.stg_order_items
[0m21:53:48.426756 [debug] [Thread-2 (]: Began compiling node model.ecommerce_retention_analytics.stg_orders
[0m21:53:48.427756 [debug] [Thread-3 (]: Began compiling node model.ecommerce_retention_analytics.stg_users
[0m21:53:48.431756 [debug] [Thread-1 (]: Writing injected SQL for node "model.ecommerce_retention_analytics.stg_order_items"
[0m21:53:48.433757 [debug] [Thread-2 (]: Writing injected SQL for node "model.ecommerce_retention_analytics.stg_orders"
[0m21:53:48.435756 [debug] [Thread-3 (]: Writing injected SQL for node "model.ecommerce_retention_analytics.stg_users"
[0m21:53:48.436760 [debug] [Thread-1 (]: Began executing node model.ecommerce_retention_analytics.stg_order_items
[0m21:53:48.457331 [debug] [Thread-1 (]: Writing runtime sql for node "model.ecommerce_retention_analytics.stg_order_items"
[0m21:53:48.459343 [debug] [Thread-2 (]: Began executing node model.ecommerce_retention_analytics.stg_orders
[0m21:53:48.459343 [debug] [Thread-3 (]: Began executing node model.ecommerce_retention_analytics.stg_users
[0m21:53:48.461607 [debug] [Thread-2 (]: Writing runtime sql for node "model.ecommerce_retention_analytics.stg_orders"
[0m21:53:48.463610 [debug] [Thread-3 (]: Writing runtime sql for node "model.ecommerce_retention_analytics.stg_users"
[0m21:53:48.464608 [debug] [Thread-1 (]: On model.ecommerce_retention_analytics.stg_order_items: /* {"app": "dbt", "dbt_version": "1.11.7", "profile_name": "ecommerce_profile", "target_name": "dev", "node_id": "model.ecommerce_retention_analytics.stg_order_items"} */


  create or replace view `project-505e76f5-40a4-4295-b57`.`ecom_staging`.`stg_order_items`
  OPTIONS()
  as with source as (
    select * from `project-505e76f5-40a4-4295-b57`.`ecom_raw`.`raw_order_items`
),

renamed as (
    select
        cast(order_id as string) as order_id,
        cast(product_id as string) as product_id,
        1 as quantity
    from source
)

select * from renamed;


[0m21:53:48.464608 [debug] [Thread-1 (]: Opening a new connection, currently in state init
[0m21:53:48.465607 [debug] [Thread-2 (]: On model.ecommerce_retention_analytics.stg_orders: /* {"app": "dbt", "dbt_version": "1.11.7", "profile_name": "ecommerce_profile", "target_name": "dev", "node_id": "model.ecommerce_retention_analytics.stg_orders"} */


  create or replace view `project-505e76f5-40a4-4295-b57`.`ecom_staging`.`stg_orders`
  OPTIONS()
  as with source as (
    select * from `project-505e76f5-40a4-4295-b57`.`ecom_raw`.`raw_orders`
),

renamed as (
    select
        cast(order_id as string) as order_id,
        cast(user_id as string) as user_id,
        cast(order_date as timestamp) as order_timestamp,
        lower(status) as order_status
    from source
)

select * from renamed;


[0m21:53:48.466609 [debug] [Thread-2 (]: Opening a new connection, currently in state init
[0m21:53:48.467609 [debug] [Thread-3 (]: On model.ecommerce_retention_analytics.stg_users: /* {"app": "dbt", "dbt_version": "1.11.7", "profile_name": "ecommerce_profile", "target_name": "dev", "node_id": "model.ecommerce_retention_analytics.stg_users"} */


  create or replace view `project-505e76f5-40a4-4295-b57`.`ecom_staging`.`stg_users`
  OPTIONS()
  as with source as (
    select * from `project-505e76f5-40a4-4295-b57`.`ecom_raw`.`raw_users`
),

renamed as (
    select
        cast(user_id as string) as user_id,
        cast(signup_date as timestamp) as signup_timestamp,
        upper(country) as country_code,
        lower(acquisition_channel) as acquisition_channel,
        cast(age as integer) as user_age
    from source
)

select * from renamed;


[0m21:53:48.469609 [debug] [Thread-3 (]: Opening a new connection, currently in state init
[0m21:53:49.530372 [debug] [Thread-3 (]: BigQuery adapter: https://console.cloud.google.com/bigquery?project=project-505e76f5-40a4-4295-b57&j=bq:EU:c0d05e73-c705-4ea9-8f69-e8dc4520a14a&page=queryresults
[0m21:53:49.947811 [debug] [Thread-3 (]: SQL status: OK in 0.417 seconds
[0m21:53:49.977378 [debug] [Thread-2 (]: BigQuery adapter: https://console.cloud.google.com/bigquery?project=project-505e76f5-40a4-4295-b57&j=bq:EU:dd77ae94-f716-4f21-b36c-300f3d01a2f4&page=queryresults
[0m21:53:49.999977 [debug] [Thread-3 (]: Sending event: {'category': 'dbt', 'action': 'run_model', 'label': 'af095e26-7d02-4ef1-97f9-b5c8e6e14e9b', 'context': [<snowplow_tracker.self_describing_json.SelfDescribingJson object at 0x0000016F32B14DD0>]}
[0m21:53:50.000987 [info ] [Thread-3 (]: 3 of 4 OK created sql view model ecom_staging.stg_users ........................ [[32mCREATE VIEW (0 processed)[0m in 1.57s]
[0m21:53:50.000987 [debug] [Thread-3 (]: Finished running node model.ecommerce_retention_analytics.stg_users
[0m21:53:50.220657 [debug] [Thread-1 (]: BigQuery adapter: https://console.cloud.google.com/bigquery?project=project-505e76f5-40a4-4295-b57&j=bq:EU:0fcc9440-4cb6-4e5c-8b17-e7283e62e014&page=queryresults
[0m21:53:50.354585 [debug] [Thread-2 (]: SQL status: OK in 0.376 seconds
[0m21:53:50.358578 [debug] [Thread-2 (]: Sending event: {'category': 'dbt', 'action': 'run_model', 'label': 'af095e26-7d02-4ef1-97f9-b5c8e6e14e9b', 'context': [<snowplow_tracker.self_describing_json.SelfDescribingJson object at 0x0000016F30E00110>]}
[0m21:53:50.358578 [info ] [Thread-2 (]: 2 of 4 OK created sql view model ecom_staging.stg_orders ....................... [[32mCREATE VIEW (0 processed)[0m in 1.93s]
[0m21:53:50.359577 [debug] [Thread-2 (]: Finished running node model.ecommerce_retention_analytics.stg_orders
[0m21:53:50.561058 [debug] [Thread-1 (]: SQL status: OK in 0.340 seconds
[0m21:53:50.565057 [debug] [Thread-1 (]: Sending event: {'category': 'dbt', 'action': 'run_model', 'label': 'af095e26-7d02-4ef1-97f9-b5c8e6e14e9b', 'context': [<snowplow_tracker.self_describing_json.SelfDescribingJson object at 0x0000016F328FFCB0>]}
[0m21:53:50.565057 [info ] [Thread-1 (]: 1 of 4 OK created sql view model ecom_staging.stg_order_items .................. [[32mCREATE VIEW (0 processed)[0m in 2.14s]
[0m21:53:50.566056 [debug] [Thread-1 (]: Finished running node model.ecommerce_retention_analytics.stg_order_items
[0m21:53:50.567056 [debug] [Thread-4 (]: Began running node model.ecommerce_retention_analytics.dim_customers
[0m21:53:50.567056 [info ] [Thread-4 (]: 4 of 4 START sql table model ecom_staging.dim_customers ........................ [RUN]
[0m21:53:50.567056 [debug] [Thread-4 (]: Acquiring new bigquery connection 'model.ecommerce_retention_analytics.dim_customers'
[0m21:53:50.568054 [debug] [Thread-4 (]: Began compiling node model.ecommerce_retention_analytics.dim_customers
[0m21:53:50.570054 [debug] [Thread-4 (]: Writing injected SQL for node "model.ecommerce_retention_analytics.dim_customers"
[0m21:53:50.571057 [debug] [Thread-4 (]: Began executing node model.ecommerce_retention_analytics.dim_customers
[0m21:53:50.591056 [debug] [Thread-4 (]: Writing runtime sql for node "model.ecommerce_retention_analytics.dim_customers"
[0m21:53:50.592056 [debug] [Thread-4 (]: On model.ecommerce_retention_analytics.dim_customers: /* {"app": "dbt", "dbt_version": "1.11.7", "profile_name": "ecommerce_profile", "target_name": "dev", "node_id": "model.ecommerce_retention_analytics.dim_customers"} */

  
    

    create or replace table `project-505e76f5-40a4-4295-b57`.`ecom_staging`.`dim_customers`
      
    
    

    
    OPTIONS()
    as (
      with users as (
    select * from `project-505e76f5-40a4-4295-b57`.`ecom_staging`.`stg_users`
),

orders as (
    select * from `project-505e76f5-40a4-4295-b57`.`ecom_staging`.`stg_orders`
),

order_items as (
    select * from `project-505e76f5-40a4-4295-b57`.`ecom_staging`.`stg_order_items`
),

customer_orders as (
    select
        o.user_id,
        count(distinct o.order_id) as total_orders,
        min(o.order_timestamp) as first_order_at,
        max(o.order_timestamp) as most_recent_order_at,
        sum(i.quantity * i.unit_price * (1 - i.discount_rate)) as lifetime_value_ltv
    from orders o
    left join order_items i on o.order_id = i.order_id
    where o.order_status = 'completed'
    group by 1
)

select
    u.user_id,
    u.country_code,
    u.acquisition_channel,
    u.user_age,
    coalesce(co.total_orders, 0) as total_orders,
    co.first_order_at,
    co.most_recent_order_at,
    coalesce(co.lifetime_value_ltv, 0) as lifetime_value_ltv,
    case 
        when co.most_recent_order_at < timestamp_sub(current_timestamp(), interval 180 day) then true 
        else false 
    end as is_churned
from users u
left join customer_orders co on u.user_id = co.user_id
    );
  
[0m21:53:50.592056 [debug] [Thread-4 (]: Opening a new connection, currently in state init
[0m21:53:51.756013 [debug] [Thread-4 (]: BigQuery adapter: https://console.cloud.google.com/bigquery?project=project-505e76f5-40a4-4295-b57&j=bq:EU:bbe1e912-aa73-403a-bc6d-f1ae6fcd29fc&page=queryresults
[0m21:53:51.940214 [error] [Thread-4 (]: BigQuery adapter: https://console.cloud.google.com/bigquery?project=project-505e76f5-40a4-4295-b57&j=bq:EU:bbe1e912-aa73-403a-bc6d-f1ae6fcd29fc&page=queryresults
[0m21:53:51.946362 [debug] [Thread-4 (]: Database Error in model dim_customers (models\marts\dim_customers.sql)
  Name unit_price not found inside i at [32:28]
  compiled code at target\run\ecommerce_retention_analytics\models\marts\dim_customers.sql
[0m21:53:51.947358 [debug] [Thread-4 (]: Sending event: {'category': 'dbt', 'action': 'run_model', 'label': 'af095e26-7d02-4ef1-97f9-b5c8e6e14e9b', 'context': [<snowplow_tracker.self_describing_json.SelfDescribingJson object at 0x0000016F32C35970>]}
[0m21:53:51.947358 [error] [Thread-4 (]: 4 of 4 ERROR creating sql table model ecom_staging.dim_customers ............... [[31mERROR[0m in 1.38s]
[0m21:53:51.948360 [debug] [Thread-4 (]: Finished running node model.ecommerce_retention_analytics.dim_customers
[0m21:53:51.949360 [debug] [Thread-7 (]: Marking all children of 'model.ecommerce_retention_analytics.dim_customers' to be skipped because of status 'error'.  Reason: Database Error in model dim_customers (models\marts\dim_customers.sql)
  Name unit_price not found inside i at [32:28]
  compiled code at target\run\ecommerce_retention_analytics\models\marts\dim_customers.sql.
[0m21:53:51.950555 [debug] [MainThread]: Opening a new connection, currently in state closed
[0m21:53:51.951562 [debug] [MainThread]: Connection 'master' was properly closed.
[0m21:53:51.952562 [debug] [MainThread]: Connection 'list_project-505e76f5-40a4-4295-b57' was properly closed.
[0m21:53:51.952562 [debug] [MainThread]: Connection 'list_project-505e76f5-40a4-4295-b57_ecom_staging' was properly closed.
[0m21:53:51.952562 [debug] [MainThread]: Connection 'model.ecommerce_retention_analytics.stg_order_items' was properly closed.
[0m21:53:51.953563 [debug] [MainThread]: Connection 'model.ecommerce_retention_analytics.stg_orders' was properly closed.
[0m21:53:51.953563 [debug] [MainThread]: Connection 'model.ecommerce_retention_analytics.stg_users' was properly closed.
[0m21:53:51.953563 [debug] [MainThread]: Connection 'model.ecommerce_retention_analytics.dim_customers' was properly closed.
[0m21:53:51.954561 [info ] [MainThread]: 
[0m21:53:51.954561 [info ] [MainThread]: Finished running 1 table model, 3 view models in 0 hours 0 minutes and 6.35 seconds (6.35s).
[0m21:53:51.955563 [debug] [MainThread]: Command end result
[0m21:53:51.975380 [debug] [MainThread]: Wrote artifact WritableManifest to C:\Users\ZELİHA TUTAR\OneDrive\Desktop\ecommerce-retention-analytics\target\manifest.json
[0m21:53:51.978681 [debug] [MainThread]: Wrote artifact SemanticManifest to C:\Users\ZELİHA TUTAR\OneDrive\Desktop\ecommerce-retention-analytics\target\semantic_manifest.json
[0m21:53:51.984686 [debug] [MainThread]: Wrote artifact RunExecutionResult to C:\Users\ZELİHA TUTAR\OneDrive\Desktop\ecommerce-retention-analytics\target\run_results.json
[0m21:53:51.985687 [info ] [MainThread]: 
[0m21:53:51.985687 [info ] [MainThread]: [31mCompleted with 1 error, 0 partial successes, and 0 warnings:[0m
[0m21:53:51.986686 [info ] [MainThread]: 
[0m21:53:51.986686 [error] [MainThread]: [31mFailure in model dim_customers (models\marts\dim_customers.sql)[0m
[0m21:53:51.987687 [error] [MainThread]:   Database Error in model dim_customers (models\marts\dim_customers.sql)
  Name unit_price not found inside i at [32:28]
  compiled code at target\run\ecommerce_retention_analytics\models\marts\dim_customers.sql
[0m21:53:51.987687 [info ] [MainThread]: 
[0m21:53:51.987687 [info ] [MainThread]:   compiled code at target\compiled\ecommerce_retention_analytics\models\marts\dim_customers.sql
[0m21:53:51.988687 [info ] [MainThread]: 
[0m21:53:51.988687 [info ] [MainThread]: Done. PASS=3 WARN=0 ERROR=1 SKIP=0 NO-OP=0 TOTAL=4
[0m21:53:51.989687 [debug] [MainThread]: Command `dbt run` failed at 21:53:51.989687 after 8.09 seconds
[0m21:53:51.989687 [debug] [MainThread]: Sending event: {'category': 'dbt', 'action': 'invocation', 'label': 'end', 'context': [<snowplow_tracker.self_describing_json.SelfDescribingJson object at 0x0000016F313FEF00>, <snowplow_tracker.self_describing_json.SelfDescribingJson object at 0x0000016F7FD664B0>, <snowplow_tracker.self_describing_json.SelfDescribingJson object at 0x0000016F7F5DC4D0>]}
[0m21:53:51.989687 [debug] [MainThread]: Flushing usage events
[0m21:53:52.923373 [debug] [MainThread]: An error was encountered while trying to flush usage events
[0m21:54:32.469682 [debug] [MainThread]: Sending event: {'category': 'dbt', 'action': 'invocation', 'label': 'start', 'context': [<snowplow_tracker.self_describing_json.SelfDescribingJson object at 0x000001E096A59EE0>, <snowplow_tracker.self_describing_json.SelfDescribingJson object at 0x000001E0999CC920>, <snowplow_tracker.self_describing_json.SelfDescribingJson object at 0x000001E0999CC860>]}


============================== 21:54:32.473679 | f848e17e-14b4-42cc-83e4-ec5ed9990e10 ==============================
[0m21:54:32.473679 [info ] [MainThread]: Running with dbt=1.11.7
[0m21:54:32.473679 [debug] [MainThread]: running dbt with arguments {'version_check': 'True', 'no_print': 'None', 'static_parser': 'True', 'target_path': 'None', 'warn_error_options': 'WarnErrorOptionsV2(error=[], warn=[], silence=[])', 'printer_width': '80', 'write_json': 'True', 'introspect': 'True', 'log_cache_events': 'False', 'empty': 'False', 'cache_selected_only': 'False', 'log_format': 'default', 'debug': 'False', 'fail_fast': 'False', 'partial_parse': 'True', 'send_anonymous_usage_stats': 'True', 'quiet': 'False', 'warn_error': 'None', 'profiles_dir': 'C:\\Users\\ZELİHA TUTAR\\.dbt', 'indirect_selection': 'eager', 'use_colors': 'True', 'invocation_command': 'dbt run', 'use_experimental_parser': 'False', 'log_path': 'C:\\Users\\ZELİHA TUTAR\\OneDrive\\Desktop\\ecommerce-retention-analytics\\logs'}
[0m21:54:33.443207 [debug] [MainThread]: Sending event: {'category': 'dbt', 'action': 'project_id', 'label': 'f848e17e-14b4-42cc-83e4-ec5ed9990e10', 'context': [<snowplow_tracker.self_describing_json.SelfDescribingJson object at 0x000001E0CA264E90>]}
[0m21:54:33.506206 [debug] [MainThread]: Sending event: {'category': 'dbt', 'action': 'adapter_info', 'label': 'f848e17e-14b4-42cc-83e4-ec5ed9990e10', 'context': [<snowplow_tracker.self_describing_json.SelfDescribingJson object at 0x000001E0C99261B0>]}
[0m21:54:33.507207 [info ] [MainThread]: Registered adapter: bigquery=1.11.1
[0m21:54:33.767308 [debug] [MainThread]: checksum: b80718358155fc17c3559352095564dd56ada1cc1a1c0ef2e62c857e71583775, vars: {}, profile: , target: , version: 1.11.7
[0m21:54:33.849028 [debug] [MainThread]: Partial parsing enabled: 0 files deleted, 0 files added, 1 files changed.
[0m21:54:33.850029 [debug] [MainThread]: Partial parsing: updated file: ecommerce_retention_analytics://models\staging\stg_order_items.sql
[0m21:54:34.064552 [debug] [MainThread]: Sending event: {'category': 'dbt', 'action': 'load_project', 'label': 'f848e17e-14b4-42cc-83e4-ec5ed9990e10', 'context': [<snowplow_tracker.self_describing_json.SelfDescribingJson object at 0x000001E0CC3F5460>]}
[0m21:54:34.108550 [debug] [MainThread]: Wrote artifact WritableManifest to C:\Users\ZELİHA TUTAR\OneDrive\Desktop\ecommerce-retention-analytics\target\manifest.json
[0m21:54:34.111555 [debug] [MainThread]: Wrote artifact SemanticManifest to C:\Users\ZELİHA TUTAR\OneDrive\Desktop\ecommerce-retention-analytics\target\semantic_manifest.json
[0m21:54:34.130867 [debug] [MainThread]: Sending event: {'category': 'dbt', 'action': 'resource_counts', 'label': 'f848e17e-14b4-42cc-83e4-ec5ed9990e10', 'context': [<snowplow_tracker.self_describing_json.SelfDescribingJson object at 0x000001E0CC3EC290>]}
[0m21:54:34.131878 [info ] [MainThread]: Found 4 models, 4 sources, 539 macros
[0m21:54:34.131878 [debug] [MainThread]: Sending event: {'category': 'dbt', 'action': 'runnable_timing', 'label': 'f848e17e-14b4-42cc-83e4-ec5ed9990e10', 'context': [<snowplow_tracker.self_describing_json.SelfDescribingJson object at 0x000001E0CC3F3050>]}
[0m21:54:34.132891 [info ] [MainThread]: 
[0m21:54:34.133890 [info ] [MainThread]: Concurrency: 4 threads (target='dev')
[0m21:54:34.133890 [info ] [MainThread]: 
[0m21:54:34.134886 [debug] [MainThread]: Acquiring new bigquery connection 'master'
[0m21:54:34.137885 [debug] [ThreadPool]: Acquiring new bigquery connection 'list_project-505e76f5-40a4-4295-b57'
[0m21:54:34.137885 [debug] [ThreadPool]: Opening a new connection, currently in state init
[0m21:54:35.978783 [debug] [ThreadPool]: Acquiring new bigquery connection 'list_project-505e76f5-40a4-4295-b57_ecom_staging'
[0m21:54:35.979785 [debug] [ThreadPool]: Opening a new connection, currently in state init
[0m21:54:36.583465 [debug] [MainThread]: Sending event: {'category': 'dbt', 'action': 'runnable_timing', 'label': 'f848e17e-14b4-42cc-83e4-ec5ed9990e10', 'context': [<snowplow_tracker.self_describing_json.SelfDescribingJson object at 0x000001E0CAAE0620>]}
[0m21:54:36.583465 [debug] [MainThread]: Opening a new connection, currently in state init
[0m21:54:36.586466 [debug] [Thread-1 (]: Began running node model.ecommerce_retention_analytics.stg_order_items
[0m21:54:36.587466 [debug] [Thread-2 (]: Began running node model.ecommerce_retention_analytics.stg_orders
[0m21:54:36.587466 [debug] [Thread-3 (]: Began running node model.ecommerce_retention_analytics.stg_users
[0m21:54:36.587466 [info ] [Thread-1 (]: 1 of 4 START sql view model ecom_staging.stg_order_items ....................... [RUN]
[0m21:54:36.588467 [info ] [Thread-2 (]: 2 of 4 START sql view model ecom_staging.stg_orders ............................ [RUN]
[0m21:54:36.588467 [info ] [Thread-3 (]: 3 of 4 START sql view model ecom_staging.stg_users ............................. [RUN]
[0m21:54:36.589466 [debug] [Thread-1 (]: Acquiring new bigquery connection 'model.ecommerce_retention_analytics.stg_order_items'
[0m21:54:36.590470 [debug] [Thread-2 (]: Acquiring new bigquery connection 'model.ecommerce_retention_analytics.stg_orders'
[0m21:54:36.590470 [debug] [Thread-3 (]: Acquiring new bigquery connection 'model.ecommerce_retention_analytics.stg_users'
[0m21:54:36.591467 [debug] [Thread-1 (]: Began compiling node model.ecommerce_retention_analytics.stg_order_items
[0m21:54:36.591467 [debug] [Thread-2 (]: Began compiling node model.ecommerce_retention_analytics.stg_orders
[0m21:54:36.591467 [debug] [Thread-3 (]: Began compiling node model.ecommerce_retention_analytics.stg_users
[0m21:54:36.596466 [debug] [Thread-1 (]: Writing injected SQL for node "model.ecommerce_retention_analytics.stg_order_items"
[0m21:54:36.598466 [debug] [Thread-2 (]: Writing injected SQL for node "model.ecommerce_retention_analytics.stg_orders"
[0m21:54:36.599467 [debug] [Thread-3 (]: Writing injected SQL for node "model.ecommerce_retention_analytics.stg_users"
[0m21:54:36.600467 [debug] [Thread-1 (]: Began executing node model.ecommerce_retention_analytics.stg_order_items
[0m21:54:36.622391 [debug] [Thread-3 (]: Began executing node model.ecommerce_retention_analytics.stg_users
[0m21:54:36.622391 [debug] [Thread-2 (]: Began executing node model.ecommerce_retention_analytics.stg_orders
[0m21:54:36.624397 [debug] [Thread-1 (]: Writing runtime sql for node "model.ecommerce_retention_analytics.stg_order_items"
[0m21:54:36.626398 [debug] [Thread-3 (]: Writing runtime sql for node "model.ecommerce_retention_analytics.stg_users"
[0m21:54:36.628401 [debug] [Thread-2 (]: Writing runtime sql for node "model.ecommerce_retention_analytics.stg_orders"
[0m21:54:36.630396 [debug] [Thread-3 (]: On model.ecommerce_retention_analytics.stg_users: /* {"app": "dbt", "dbt_version": "1.11.7", "profile_name": "ecommerce_profile", "target_name": "dev", "node_id": "model.ecommerce_retention_analytics.stg_users"} */


  create or replace view `project-505e76f5-40a4-4295-b57`.`ecom_staging`.`stg_users`
  OPTIONS()
  as with source as (
    select * from `project-505e76f5-40a4-4295-b57`.`ecom_raw`.`raw_users`
),

renamed as (
    select
        cast(user_id as string) as user_id,
        cast(signup_date as timestamp) as signup_timestamp,
        upper(country) as country_code,
        lower(acquisition_channel) as acquisition_channel,
        cast(age as integer) as user_age
    from source
)

select * from renamed;


[0m21:54:36.631402 [debug] [Thread-3 (]: Opening a new connection, currently in state init
[0m21:54:36.631402 [debug] [Thread-1 (]: On model.ecommerce_retention_analytics.stg_order_items: /* {"app": "dbt", "dbt_version": "1.11.7", "profile_name": "ecommerce_profile", "target_name": "dev", "node_id": "model.ecommerce_retention_analytics.stg_order_items"} */


  create or replace view `project-505e76f5-40a4-4295-b57`.`ecom_staging`.`stg_order_items`
  OPTIONS()
  as with source as (
    select * from `project-505e76f5-40a4-4295-b57`.`ecom_raw`.`raw_order_items`
),

renamed as (
    select
        cast(order_id as string) as order_id,
        cast(product_id as string) as product_id,
        1 as quantity,
        1.0 as unit_price
    from source
)

select * from renamed;


[0m21:54:36.631402 [debug] [Thread-2 (]: On model.ecommerce_retention_analytics.stg_orders: /* {"app": "dbt", "dbt_version": "1.11.7", "profile_name": "ecommerce_profile", "target_name": "dev", "node_id": "model.ecommerce_retention_analytics.stg_orders"} */


  create or replace view `project-505e76f5-40a4-4295-b57`.`ecom_staging`.`stg_orders`
  OPTIONS()
  as with source as (
    select * from `project-505e76f5-40a4-4295-b57`.`ecom_raw`.`raw_orders`
),

renamed as (
    select
        cast(order_id as string) as order_id,
        cast(user_id as string) as user_id,
        cast(order_date as timestamp) as order_timestamp,
        lower(status) as order_status
    from source
)

select * from renamed;


[0m21:54:36.633413 [debug] [Thread-1 (]: Opening a new connection, currently in state init
[0m21:54:36.634408 [debug] [Thread-2 (]: Opening a new connection, currently in state init
[0m21:54:37.661925 [debug] [Thread-2 (]: BigQuery adapter: https://console.cloud.google.com/bigquery?project=project-505e76f5-40a4-4295-b57&j=bq:EU:b1d60779-8e35-4ad8-9ee6-141330c158e5&page=queryresults
[0m21:54:38.253611 [debug] [Thread-2 (]: SQL status: OK in 0.591 seconds
[0m21:54:38.303609 [debug] [Thread-2 (]: Sending event: {'category': 'dbt', 'action': 'run_model', 'label': 'f848e17e-14b4-42cc-83e4-ec5ed9990e10', 'context': [<snowplow_tracker.self_describing_json.SelfDescribingJson object at 0x000001E09999A570>]}
[0m21:54:38.303609 [info ] [Thread-2 (]: 2 of 4 OK created sql view model ecom_staging.stg_orders ....................... [[32mCREATE VIEW (0 processed)[0m in 1.71s]
[0m21:54:38.304610 [debug] [Thread-2 (]: Finished running node model.ecommerce_retention_analytics.stg_orders
[0m21:54:39.293778 [debug] [Thread-3 (]: BigQuery adapter: https://console.cloud.google.com/bigquery?project=project-505e76f5-40a4-4295-b57&j=bq:EU:ac2328a3-dda2-4bfa-b2a9-77d6f63e67b6&page=queryresults
[0m21:54:39.368597 [debug] [Thread-1 (]: BigQuery adapter: https://console.cloud.google.com/bigquery?project=project-505e76f5-40a4-4295-b57&j=bq:EU:e3a30475-c1ea-42f0-b5eb-85741f2b344e&page=queryresults
[0m21:54:39.846822 [debug] [Thread-3 (]: SQL status: OK in 0.553 seconds
[0m21:54:39.850826 [debug] [Thread-3 (]: Sending event: {'category': 'dbt', 'action': 'run_model', 'label': 'f848e17e-14b4-42cc-83e4-ec5ed9990e10', 'context': [<snowplow_tracker.self_describing_json.SelfDescribingJson object at 0x000001E0CC5DD580>]}
[0m21:54:39.850826 [info ] [Thread-3 (]: 3 of 4 OK created sql view model ecom_staging.stg_users ........................ [[32mCREATE VIEW (0 processed)[0m in 3.26s]
[0m21:54:39.851819 [debug] [Thread-3 (]: Finished running node model.ecommerce_retention_analytics.stg_users
[0m21:54:39.911899 [debug] [Thread-1 (]: SQL status: OK in 0.542 seconds
[0m21:54:39.913898 [debug] [Thread-1 (]: Sending event: {'category': 'dbt', 'action': 'run_model', 'label': 'f848e17e-14b4-42cc-83e4-ec5ed9990e10', 'context': [<snowplow_tracker.self_describing_json.SelfDescribingJson object at 0x000001E0CC44B620>]}
[0m21:54:39.914898 [info ] [Thread-1 (]: 1 of 4 OK created sql view model ecom_staging.stg_order_items .................. [[32mCREATE VIEW (0 processed)[0m in 3.32s]
[0m21:54:39.915898 [debug] [Thread-1 (]: Finished running node model.ecommerce_retention_analytics.stg_order_items
[0m21:54:39.915898 [debug] [Thread-4 (]: Began running node model.ecommerce_retention_analytics.dim_customers
[0m21:54:39.916898 [info ] [Thread-4 (]: 4 of 4 START sql table model ecom_staging.dim_customers ........................ [RUN]
[0m21:54:39.917896 [debug] [Thread-4 (]: Acquiring new bigquery connection 'model.ecommerce_retention_analytics.dim_customers'
[0m21:54:39.917896 [debug] [Thread-4 (]: Began compiling node model.ecommerce_retention_analytics.dim_customers
[0m21:54:39.919897 [debug] [Thread-4 (]: Writing injected SQL for node "model.ecommerce_retention_analytics.dim_customers"
[0m21:54:39.920895 [debug] [Thread-4 (]: Began executing node model.ecommerce_retention_analytics.dim_customers
[0m21:54:39.941282 [debug] [Thread-4 (]: Writing runtime sql for node "model.ecommerce_retention_analytics.dim_customers"
[0m21:54:39.942279 [debug] [Thread-4 (]: On model.ecommerce_retention_analytics.dim_customers: /* {"app": "dbt", "dbt_version": "1.11.7", "profile_name": "ecommerce_profile", "target_name": "dev", "node_id": "model.ecommerce_retention_analytics.dim_customers"} */

  
    

    create or replace table `project-505e76f5-40a4-4295-b57`.`ecom_staging`.`dim_customers`
      
    
    

    
    OPTIONS()
    as (
      with users as (
    select * from `project-505e76f5-40a4-4295-b57`.`ecom_staging`.`stg_users`
),

orders as (
    select * from `project-505e76f5-40a4-4295-b57`.`ecom_staging`.`stg_orders`
),

order_items as (
    select * from `project-505e76f5-40a4-4295-b57`.`ecom_staging`.`stg_order_items`
),

customer_orders as (
    select
        o.user_id,
        count(distinct o.order_id) as total_orders,
        min(o.order_timestamp) as first_order_at,
        max(o.order_timestamp) as most_recent_order_at,
        sum(i.quantity * i.unit_price * (1 - i.discount_rate)) as lifetime_value_ltv
    from orders o
    left join order_items i on o.order_id = i.order_id
    where o.order_status = 'completed'
    group by 1
)

select
    u.user_id,
    u.country_code,
    u.acquisition_channel,
    u.user_age,
    coalesce(co.total_orders, 0) as total_orders,
    co.first_order_at,
    co.most_recent_order_at,
    coalesce(co.lifetime_value_ltv, 0) as lifetime_value_ltv,
    case 
        when co.most_recent_order_at < timestamp_sub(current_timestamp(), interval 180 day) then true 
        else false 
    end as is_churned
from users u
left join customer_orders co on u.user_id = co.user_id
    );
  
[0m21:54:39.943277 [debug] [Thread-4 (]: Opening a new connection, currently in state init
[0m21:54:41.142088 [debug] [Thread-4 (]: BigQuery adapter: https://console.cloud.google.com/bigquery?project=project-505e76f5-40a4-4295-b57&j=bq:EU:1ae0c336-1b60-4572-9615-22989ce87721&page=queryresults
[0m21:54:41.339231 [error] [Thread-4 (]: BigQuery adapter: https://console.cloud.google.com/bigquery?project=project-505e76f5-40a4-4295-b57&j=bq:EU:1ae0c336-1b60-4572-9615-22989ce87721&page=queryresults
[0m21:54:41.344712 [debug] [Thread-4 (]: Database Error in model dim_customers (models\marts\dim_customers.sql)
  Name discount_rate not found inside i at [32:48]
  compiled code at target\run\ecommerce_retention_analytics\models\marts\dim_customers.sql
[0m21:54:41.345723 [debug] [Thread-4 (]: Sending event: {'category': 'dbt', 'action': 'run_model', 'label': 'f848e17e-14b4-42cc-83e4-ec5ed9990e10', 'context': [<snowplow_tracker.self_describing_json.SelfDescribingJson object at 0x000001E0CC883D70>]}
[0m21:54:41.345723 [error] [Thread-4 (]: 4 of 4 ERROR creating sql table model ecom_staging.dim_customers ............... [[31mERROR[0m in 1.43s]
[0m21:54:41.346721 [debug] [Thread-4 (]: Finished running node model.ecommerce_retention_analytics.dim_customers
[0m21:54:41.347721 [debug] [Thread-7 (]: Marking all children of 'model.ecommerce_retention_analytics.dim_customers' to be skipped because of status 'error'.  Reason: Database Error in model dim_customers (models\marts\dim_customers.sql)
  Name discount_rate not found inside i at [32:48]
  compiled code at target\run\ecommerce_retention_analytics\models\marts\dim_customers.sql.
[0m21:54:41.349719 [debug] [MainThread]: Opening a new connection, currently in state closed
[0m21:54:41.350720 [debug] [MainThread]: Connection 'master' was properly closed.
[0m21:54:41.351720 [debug] [MainThread]: Connection 'list_project-505e76f5-40a4-4295-b57' was properly closed.
[0m21:54:41.351720 [debug] [MainThread]: Connection 'list_project-505e76f5-40a4-4295-b57_ecom_staging' was properly closed.
[0m21:54:41.351720 [debug] [MainThread]: Connection 'model.ecommerce_retention_analytics.stg_order_items' was properly closed.
[0m21:54:41.351720 [debug] [MainThread]: Connection 'model.ecommerce_retention_analytics.stg_orders' was properly closed.
[0m21:54:41.351720 [debug] [MainThread]: Connection 'model.ecommerce_retention_analytics.stg_users' was properly closed.
[0m21:54:41.352725 [debug] [MainThread]: Connection 'model.ecommerce_retention_analytics.dim_customers' was properly closed.
[0m21:54:41.352725 [info ] [MainThread]: 
[0m21:54:41.352725 [info ] [MainThread]: Finished running 1 table model, 3 view models in 0 hours 0 minutes and 7.22 seconds (7.22s).
[0m21:54:41.353719 [debug] [MainThread]: Command end result
[0m21:54:41.369719 [debug] [MainThread]: Wrote artifact WritableManifest to C:\Users\ZELİHA TUTAR\OneDrive\Desktop\ecommerce-retention-analytics\target\manifest.json
[0m21:54:41.371720 [debug] [MainThread]: Wrote artifact SemanticManifest to C:\Users\ZELİHA TUTAR\OneDrive\Desktop\ecommerce-retention-analytics\target\semantic_manifest.json
[0m21:54:41.376724 [debug] [MainThread]: Wrote artifact RunExecutionResult to C:\Users\ZELİHA TUTAR\OneDrive\Desktop\ecommerce-retention-analytics\target\run_results.json
[0m21:54:41.376724 [info ] [MainThread]: 
[0m21:54:41.377723 [info ] [MainThread]: [31mCompleted with 1 error, 0 partial successes, and 0 warnings:[0m
[0m21:54:41.377723 [info ] [MainThread]: 
[0m21:54:41.378719 [error] [MainThread]: [31mFailure in model dim_customers (models\marts\dim_customers.sql)[0m
[0m21:54:41.378719 [error] [MainThread]:   Database Error in model dim_customers (models\marts\dim_customers.sql)
  Name discount_rate not found inside i at [32:48]
  compiled code at target\run\ecommerce_retention_analytics\models\marts\dim_customers.sql
[0m21:54:41.378719 [info ] [MainThread]: 
[0m21:54:41.379720 [info ] [MainThread]:   compiled code at target\compiled\ecommerce_retention_analytics\models\marts\dim_customers.sql
[0m21:54:41.379720 [info ] [MainThread]: 
[0m21:54:41.379720 [info ] [MainThread]: Done. PASS=3 WARN=0 ERROR=1 SKIP=0 NO-OP=0 TOTAL=4
[0m21:54:41.380719 [debug] [MainThread]: Command `dbt run` failed at 21:54:41.380719 after 9.03 seconds
[0m21:54:41.380719 [debug] [MainThread]: Sending event: {'category': 'dbt', 'action': 'invocation', 'label': 'end', 'context': [<snowplow_tracker.self_describing_json.SelfDescribingJson object at 0x000001E096A59EE0>, <snowplow_tracker.self_describing_json.SelfDescribingJson object at 0x000001E09923B920>, <snowplow_tracker.self_describing_json.SelfDescribingJson object at 0x000001E0CC16C050>]}
[0m21:54:41.381720 [debug] [MainThread]: Flushing usage events
[0m21:54:42.375642 [debug] [MainThread]: An error was encountered while trying to flush usage events
[0m21:55:18.819448 [debug] [MainThread]: Sending event: {'category': 'dbt', 'action': 'invocation', 'label': 'start', 'context': [<snowplow_tracker.self_describing_json.SelfDescribingJson object at 0x00000249439A9DF0>, <snowplow_tracker.self_describing_json.SelfDescribingJson object at 0x00000249439A8530>, <snowplow_tracker.self_describing_json.SelfDescribingJson object at 0x0000024945DE5850>]}


============================== 21:55:18.823616 | 56c133ea-ee01-4ba1-9857-2ea7710e3761 ==============================
[0m21:55:18.823616 [info ] [MainThread]: Running with dbt=1.11.7
[0m21:55:18.823616 [debug] [MainThread]: running dbt with arguments {'static_parser': 'True', 'no_print': 'None', 'version_check': 'True', 'target_path': 'None', 'warn_error_options': 'WarnErrorOptionsV2(error=[], warn=[], silence=[])', 'printer_width': '80', 'write_json': 'True', 'empty': 'False', 'log_cache_events': 'False', 'introspect': 'True', 'cache_selected_only': 'False', 'fail_fast': 'False', 'debug': 'False', 'log_format': 'default', 'partial_parse': 'True', 'send_anonymous_usage_stats': 'True', 'quiet': 'False', 'warn_error': 'None', 'profiles_dir': 'C:\\Users\\ZELİHA TUTAR\\.dbt', 'invocation_command': 'dbt run', 'use_colors': 'True', 'indirect_selection': 'eager', 'use_experimental_parser': 'False', 'log_path': 'C:\\Users\\ZELİHA TUTAR\\OneDrive\\Desktop\\ecommerce-retention-analytics\\logs'}
[0m21:55:19.762713 [debug] [MainThread]: Sending event: {'category': 'dbt', 'action': 'project_id', 'label': '56c133ea-ee01-4ba1-9857-2ea7710e3761', 'context': [<snowplow_tracker.self_describing_json.SelfDescribingJson object at 0x00000249756A6E10>]}
[0m21:55:19.821712 [debug] [MainThread]: Sending event: {'category': 'dbt', 'action': 'adapter_info', 'label': '56c133ea-ee01-4ba1-9857-2ea7710e3761', 'context': [<snowplow_tracker.self_describing_json.SelfDescribingJson object at 0x00000249730FEFC0>]}
[0m21:55:19.822713 [info ] [MainThread]: Registered adapter: bigquery=1.11.1
[0m21:55:20.052664 [debug] [MainThread]: checksum: b80718358155fc17c3559352095564dd56ada1cc1a1c0ef2e62c857e71583775, vars: {}, profile: , target: , version: 1.11.7
[0m21:55:20.133577 [debug] [MainThread]: Partial parsing enabled: 0 files deleted, 0 files added, 1 files changed.
[0m21:55:20.133577 [debug] [MainThread]: Partial parsing: updated file: ecommerce_retention_analytics://models\staging\stg_order_items.sql
[0m21:55:20.352683 [debug] [MainThread]: Sending event: {'category': 'dbt', 'action': 'load_project', 'label': '56c133ea-ee01-4ba1-9857-2ea7710e3761', 'context': [<snowplow_tracker.self_describing_json.SelfDescribingJson object at 0x0000024977055490>]}
[0m21:55:20.398940 [debug] [MainThread]: Wrote artifact WritableManifest to C:\Users\ZELİHA TUTAR\OneDrive\Desktop\ecommerce-retention-analytics\target\manifest.json
[0m21:55:20.401936 [debug] [MainThread]: Wrote artifact SemanticManifest to C:\Users\ZELİHA TUTAR\OneDrive\Desktop\ecommerce-retention-analytics\target\semantic_manifest.json
[0m21:55:20.422940 [debug] [MainThread]: Sending event: {'category': 'dbt', 'action': 'resource_counts', 'label': '56c133ea-ee01-4ba1-9857-2ea7710e3761', 'context': [<snowplow_tracker.self_describing_json.SelfDescribingJson object at 0x00000249770342C0>]}
[0m21:55:20.422940 [info ] [MainThread]: Found 4 models, 4 sources, 539 macros
[0m21:55:20.423938 [debug] [MainThread]: Sending event: {'category': 'dbt', 'action': 'runnable_timing', 'label': '56c133ea-ee01-4ba1-9857-2ea7710e3761', 'context': [<snowplow_tracker.self_describing_json.SelfDescribingJson object at 0x0000024944606510>]}
[0m21:55:20.425938 [info ] [MainThread]: 
[0m21:55:20.425938 [info ] [MainThread]: Concurrency: 4 threads (target='dev')
[0m21:55:20.426938 [info ] [MainThread]: 
[0m21:55:20.426938 [debug] [MainThread]: Acquiring new bigquery connection 'master'
[0m21:55:20.429938 [debug] [ThreadPool]: Acquiring new bigquery connection 'list_project-505e76f5-40a4-4295-b57'
[0m21:55:20.430937 [debug] [ThreadPool]: Opening a new connection, currently in state init
[0m21:55:22.258997 [debug] [ThreadPool]: Acquiring new bigquery connection 'list_project-505e76f5-40a4-4295-b57_ecom_staging'
[0m21:55:22.258997 [debug] [ThreadPool]: Opening a new connection, currently in state init
[0m21:55:23.870579 [debug] [MainThread]: Sending event: {'category': 'dbt', 'action': 'runnable_timing', 'label': '56c133ea-ee01-4ba1-9857-2ea7710e3761', 'context': [<snowplow_tracker.self_describing_json.SelfDescribingJson object at 0x0000024976E61B80>]}
[0m21:55:23.871579 [debug] [MainThread]: Opening a new connection, currently in state init
[0m21:55:23.876580 [debug] [Thread-1 (]: Began running node model.ecommerce_retention_analytics.stg_order_items
[0m21:55:23.876580 [debug] [Thread-2 (]: Began running node model.ecommerce_retention_analytics.stg_orders
[0m21:55:23.877580 [debug] [Thread-3 (]: Began running node model.ecommerce_retention_analytics.stg_users
[0m21:55:23.877580 [info ] [Thread-1 (]: 1 of 4 START sql view model ecom_staging.stg_order_items ....................... [RUN]
[0m21:55:23.878580 [info ] [Thread-2 (]: 2 of 4 START sql view model ecom_staging.stg_orders ............................ [RUN]
[0m21:55:23.879579 [info ] [Thread-3 (]: 3 of 4 START sql view model ecom_staging.stg_users ............................. [RUN]
[0m21:55:23.879579 [debug] [Thread-1 (]: Acquiring new bigquery connection 'model.ecommerce_retention_analytics.stg_order_items'
[0m21:55:23.880579 [debug] [Thread-2 (]: Acquiring new bigquery connection 'model.ecommerce_retention_analytics.stg_orders'
[0m21:55:23.880579 [debug] [Thread-3 (]: Acquiring new bigquery connection 'model.ecommerce_retention_analytics.stg_users'
[0m21:55:23.880579 [debug] [Thread-1 (]: Began compiling node model.ecommerce_retention_analytics.stg_order_items
[0m21:55:23.881580 [debug] [Thread-2 (]: Began compiling node model.ecommerce_retention_analytics.stg_orders
[0m21:55:23.881580 [debug] [Thread-3 (]: Began compiling node model.ecommerce_retention_analytics.stg_users
[0m21:55:23.888579 [debug] [Thread-1 (]: Writing injected SQL for node "model.ecommerce_retention_analytics.stg_order_items"
[0m21:55:23.890577 [debug] [Thread-2 (]: Writing injected SQL for node "model.ecommerce_retention_analytics.stg_orders"
[0m21:55:23.893577 [debug] [Thread-3 (]: Writing injected SQL for node "model.ecommerce_retention_analytics.stg_users"
[0m21:55:23.895578 [debug] [Thread-3 (]: Began executing node model.ecommerce_retention_analytics.stg_users
[0m21:55:23.895578 [debug] [Thread-1 (]: Began executing node model.ecommerce_retention_analytics.stg_order_items
[0m21:55:23.917536 [debug] [Thread-3 (]: Writing runtime sql for node "model.ecommerce_retention_analytics.stg_users"
[0m21:55:23.917536 [debug] [Thread-2 (]: Began executing node model.ecommerce_retention_analytics.stg_orders
[0m21:55:23.919543 [debug] [Thread-1 (]: Writing runtime sql for node "model.ecommerce_retention_analytics.stg_order_items"
[0m21:55:23.923545 [debug] [Thread-2 (]: Writing runtime sql for node "model.ecommerce_retention_analytics.stg_orders"
[0m21:55:23.924545 [debug] [Thread-3 (]: On model.ecommerce_retention_analytics.stg_users: /* {"app": "dbt", "dbt_version": "1.11.7", "profile_name": "ecommerce_profile", "target_name": "dev", "node_id": "model.ecommerce_retention_analytics.stg_users"} */


  create or replace view `project-505e76f5-40a4-4295-b57`.`ecom_staging`.`stg_users`
  OPTIONS()
  as with source as (
    select * from `project-505e76f5-40a4-4295-b57`.`ecom_raw`.`raw_users`
),

renamed as (
    select
        cast(user_id as string) as user_id,
        cast(signup_date as timestamp) as signup_timestamp,
        upper(country) as country_code,
        lower(acquisition_channel) as acquisition_channel,
        cast(age as integer) as user_age
    from source
)

select * from renamed;


[0m21:55:23.924545 [debug] [Thread-3 (]: Opening a new connection, currently in state init
[0m21:55:23.926546 [debug] [Thread-1 (]: On model.ecommerce_retention_analytics.stg_order_items: /* {"app": "dbt", "dbt_version": "1.11.7", "profile_name": "ecommerce_profile", "target_name": "dev", "node_id": "model.ecommerce_retention_analytics.stg_order_items"} */


  create or replace view `project-505e76f5-40a4-4295-b57`.`ecom_staging`.`stg_order_items`
  OPTIONS()
  as with source as (
    select * from `project-505e76f5-40a4-4295-b57`.`ecom_raw`.`raw_order_items`
),

renamed as (
    select
        cast(order_id as string) as order_id,
        cast(product_id as string) as product_id,
        1 as quantity,
        1.0 as unit_price,
        0.0 as discount_rate
    from source
)

select * from renamed;


[0m21:55:23.926546 [debug] [Thread-2 (]: On model.ecommerce_retention_analytics.stg_orders: /* {"app": "dbt", "dbt_version": "1.11.7", "profile_name": "ecommerce_profile", "target_name": "dev", "node_id": "model.ecommerce_retention_analytics.stg_orders"} */


  create or replace view `project-505e76f5-40a4-4295-b57`.`ecom_staging`.`stg_orders`
  OPTIONS()
  as with source as (
    select * from `project-505e76f5-40a4-4295-b57`.`ecom_raw`.`raw_orders`
),

renamed as (
    select
        cast(order_id as string) as order_id,
        cast(user_id as string) as user_id,
        cast(order_date as timestamp) as order_timestamp,
        lower(status) as order_status
    from source
)

select * from renamed;


[0m21:55:23.927545 [debug] [Thread-1 (]: Opening a new connection, currently in state init
[0m21:55:23.928545 [debug] [Thread-2 (]: Opening a new connection, currently in state init
[0m21:55:24.995569 [debug] [Thread-3 (]: BigQuery adapter: https://console.cloud.google.com/bigquery?project=project-505e76f5-40a4-4295-b57&j=bq:EU:0d351f60-8c09-4eda-b040-7a26f9bfdc47&page=queryresults
[0m21:55:25.445844 [debug] [Thread-3 (]: SQL status: OK in 0.450 seconds
[0m21:55:25.497161 [debug] [Thread-3 (]: Sending event: {'category': 'dbt', 'action': 'run_model', 'label': '56c133ea-ee01-4ba1-9857-2ea7710e3761', 'context': [<snowplow_tracker.self_describing_json.SelfDescribingJson object at 0x00000249756A7F20>]}
[0m21:55:25.498169 [info ] [Thread-3 (]: 3 of 4 OK created sql view model ecom_staging.stg_users ........................ [[32mCREATE VIEW (0 processed)[0m in 1.61s]
[0m21:55:25.498169 [debug] [Thread-3 (]: Finished running node model.ecommerce_retention_analytics.stg_users
[0m21:55:25.541891 [debug] [Thread-1 (]: BigQuery adapter: https://console.cloud.google.com/bigquery?project=project-505e76f5-40a4-4295-b57&j=bq:EU:a7b12a19-a55f-41c4-8b2d-0f04b2b9a9f2&page=queryresults
[0m21:55:25.707638 [debug] [Thread-2 (]: BigQuery adapter: https://console.cloud.google.com/bigquery?project=project-505e76f5-40a4-4295-b57&j=bq:EU:b730ddc2-1c15-4c3e-ac0d-d3e7aa879686&page=queryresults
[0m21:55:26.044287 [debug] [Thread-1 (]: SQL status: OK in 0.502 seconds
[0m21:55:26.046662 [debug] [Thread-1 (]: Sending event: {'category': 'dbt', 'action': 'run_model', 'label': '56c133ea-ee01-4ba1-9857-2ea7710e3761', 'context': [<snowplow_tracker.self_describing_json.SelfDescribingJson object at 0x000002497723C800>]}
[0m21:55:26.047661 [info ] [Thread-1 (]: 1 of 4 OK created sql view model ecom_staging.stg_order_items .................. [[32mCREATE VIEW (0 processed)[0m in 2.17s]
[0m21:55:26.048664 [debug] [Thread-1 (]: Finished running node model.ecommerce_retention_analytics.stg_order_items
[0m21:55:26.074373 [debug] [Thread-2 (]: SQL status: OK in 0.366 seconds
[0m21:55:26.077371 [debug] [Thread-2 (]: Sending event: {'category': 'dbt', 'action': 'run_model', 'label': '56c133ea-ee01-4ba1-9857-2ea7710e3761', 'context': [<snowplow_tracker.self_describing_json.SelfDescribingJson object at 0x00000249774C7080>]}
[0m21:55:26.077371 [info ] [Thread-2 (]: 2 of 4 OK created sql view model ecom_staging.stg_orders ....................... [[32mCREATE VIEW (0 processed)[0m in 2.20s]
[0m21:55:26.078371 [debug] [Thread-2 (]: Finished running node model.ecommerce_retention_analytics.stg_orders
[0m21:55:26.078371 [debug] [Thread-4 (]: Began running node model.ecommerce_retention_analytics.dim_customers
[0m21:55:26.079374 [info ] [Thread-4 (]: 4 of 4 START sql table model ecom_staging.dim_customers ........................ [RUN]
[0m21:55:26.079374 [debug] [Thread-4 (]: Acquiring new bigquery connection 'model.ecommerce_retention_analytics.dim_customers'
[0m21:55:26.079374 [debug] [Thread-4 (]: Began compiling node model.ecommerce_retention_analytics.dim_customers
[0m21:55:26.082372 [debug] [Thread-4 (]: Writing injected SQL for node "model.ecommerce_retention_analytics.dim_customers"
[0m21:55:26.083373 [debug] [Thread-4 (]: Began executing node model.ecommerce_retention_analytics.dim_customers
[0m21:55:26.102373 [debug] [Thread-4 (]: Writing runtime sql for node "model.ecommerce_retention_analytics.dim_customers"
[0m21:55:26.104372 [debug] [Thread-4 (]: On model.ecommerce_retention_analytics.dim_customers: /* {"app": "dbt", "dbt_version": "1.11.7", "profile_name": "ecommerce_profile", "target_name": "dev", "node_id": "model.ecommerce_retention_analytics.dim_customers"} */

  
    

    create or replace table `project-505e76f5-40a4-4295-b57`.`ecom_staging`.`dim_customers`
      
    
    

    
    OPTIONS()
    as (
      with users as (
    select * from `project-505e76f5-40a4-4295-b57`.`ecom_staging`.`stg_users`
),

orders as (
    select * from `project-505e76f5-40a4-4295-b57`.`ecom_staging`.`stg_orders`
),

order_items as (
    select * from `project-505e76f5-40a4-4295-b57`.`ecom_staging`.`stg_order_items`
),

customer_orders as (
    select
        o.user_id,
        count(distinct o.order_id) as total_orders,
        min(o.order_timestamp) as first_order_at,
        max(o.order_timestamp) as most_recent_order_at,
        sum(i.quantity * i.unit_price * (1 - i.discount_rate)) as lifetime_value_ltv
    from orders o
    left join order_items i on o.order_id = i.order_id
    where o.order_status = 'completed'
    group by 1
)

select
    u.user_id,
    u.country_code,
    u.acquisition_channel,
    u.user_age,
    coalesce(co.total_orders, 0) as total_orders,
    co.first_order_at,
    co.most_recent_order_at,
    coalesce(co.lifetime_value_ltv, 0) as lifetime_value_ltv,
    case 
        when co.most_recent_order_at < timestamp_sub(current_timestamp(), interval 180 day) then true 
        else false 
    end as is_churned
from users u
left join customer_orders co on u.user_id = co.user_id
    );
  
[0m21:55:26.105372 [debug] [Thread-4 (]: Opening a new connection, currently in state init
[0m21:55:27.257061 [debug] [Thread-4 (]: BigQuery adapter: https://console.cloud.google.com/bigquery?project=project-505e76f5-40a4-4295-b57&j=bq:EU:b062c2cf-3a8d-4714-86a6-50657c4df451&page=queryresults
[0m21:55:28.673164 [debug] [Thread-4 (]: SQL status: OK in 1.416 seconds
[0m21:55:28.909358 [debug] [Thread-4 (]: Sending event: {'category': 'dbt', 'action': 'run_model', 'label': '56c133ea-ee01-4ba1-9857-2ea7710e3761', 'context': [<snowplow_tracker.self_describing_json.SelfDescribingJson object at 0x0000024976E80830>]}
[0m21:55:28.910359 [info ] [Thread-4 (]: 4 of 4 OK created sql table model ecom_staging.dim_customers ................... [[32mCREATE TABLE (1.0k rows, 334.4 KiB processed)[0m in 2.83s]
[0m21:55:28.910359 [debug] [Thread-4 (]: Finished running node model.ecommerce_retention_analytics.dim_customers
[0m21:55:28.912356 [debug] [MainThread]: Opening a new connection, currently in state closed
[0m21:55:28.912356 [debug] [MainThread]: Connection 'master' was properly closed.
[0m21:55:28.913356 [debug] [MainThread]: Connection 'list_project-505e76f5-40a4-4295-b57' was properly closed.
[0m21:55:28.913356 [debug] [MainThread]: Connection 'list_project-505e76f5-40a4-4295-b57_ecom_staging' was properly closed.
[0m21:55:28.913356 [debug] [MainThread]: Connection 'model.ecommerce_retention_analytics.stg_order_items' was properly closed.
[0m21:55:28.913356 [debug] [MainThread]: Connection 'model.ecommerce_retention_analytics.stg_orders' was properly closed.
[0m21:55:28.914356 [debug] [MainThread]: Connection 'model.ecommerce_retention_analytics.stg_users' was properly closed.
[0m21:55:28.914356 [debug] [MainThread]: Connection 'model.ecommerce_retention_analytics.dim_customers' was properly closed.
[0m21:55:28.914356 [info ] [MainThread]: 
[0m21:55:28.914356 [info ] [MainThread]: Finished running 1 table model, 3 view models in 0 hours 0 minutes and 8.49 seconds (8.49s).
[0m21:55:28.915355 [debug] [MainThread]: Command end result
[0m21:55:28.930357 [debug] [MainThread]: Wrote artifact WritableManifest to C:\Users\ZELİHA TUTAR\OneDrive\Desktop\ecommerce-retention-analytics\target\manifest.json
[0m21:55:28.932842 [debug] [MainThread]: Wrote artifact SemanticManifest to C:\Users\ZELİHA TUTAR\OneDrive\Desktop\ecommerce-retention-analytics\target\semantic_manifest.json
[0m21:55:28.939323 [debug] [MainThread]: Wrote artifact RunExecutionResult to C:\Users\ZELİHA TUTAR\OneDrive\Desktop\ecommerce-retention-analytics\target\run_results.json
[0m21:55:28.939323 [info ] [MainThread]: 
[0m21:55:28.939323 [info ] [MainThread]: [32mCompleted successfully[0m
[0m21:55:28.940323 [info ] [MainThread]: 
[0m21:55:28.940323 [info ] [MainThread]: Done. PASS=4 WARN=0 ERROR=0 SKIP=0 NO-OP=0 TOTAL=4
[0m21:55:28.941323 [debug] [MainThread]: Command `dbt run` succeeded at 21:55:28.941323 after 10.23 seconds
[0m21:55:28.941323 [debug] [MainThread]: Sending event: {'category': 'dbt', 'action': 'invocation', 'label': 'end', 'context': [<snowplow_tracker.self_describing_json.SelfDescribingJson object at 0x0000024944CF2E10>, <snowplow_tracker.self_describing_json.SelfDescribingJson object at 0x0000024944CF18E0>, <snowplow_tracker.self_describing_json.SelfDescribingJson object at 0x000002497715CB30>]}
[0m21:55:28.941323 [debug] [MainThread]: Flushing usage events
[0m21:55:29.812629 [debug] [MainThread]: An error was encountered while trying to flush usage events
[0m21:56:47.175069 [debug] [MainThread]: Sending event: {'category': 'dbt', 'action': 'invocation', 'label': 'start', 'context': [<snowplow_tracker.self_describing_json.SelfDescribingJson object at 0x0000020974D7F440>, <snowplow_tracker.self_describing_json.SelfDescribingJson object at 0x00000209782B51C0>, <snowplow_tracker.self_describing_json.SelfDescribingJson object at 0x00000209775C5310>]}


============================== 21:56:47.178073 | 1c6eaefd-0c62-47b6-a970-ef91a6830738 ==============================
[0m21:56:47.178073 [info ] [MainThread]: Running with dbt=1.11.7
[0m21:56:47.179070 [debug] [MainThread]: running dbt with arguments {'version_check': 'True', 'no_print': 'None', 'static_parser': 'True', 'warn_error_options': 'WarnErrorOptionsV2(error=[], warn=[], silence=[])', 'target_path': 'None', 'printer_width': '80', 'write_json': 'True', 'empty': 'None', 'log_cache_events': 'False', 'introspect': 'True', 'cache_selected_only': 'False', 'log_format': 'default', 'debug': 'False', 'fail_fast': 'False', 'partial_parse': 'True', 'send_anonymous_usage_stats': 'True', 'quiet': 'False', 'warn_error': 'None', 'profiles_dir': 'C:\\Users\\ZELİHA TUTAR\\.dbt', 'invocation_command': 'dbt test', 'use_colors': 'True', 'indirect_selection': 'eager', 'use_experimental_parser': 'False', 'log_path': 'C:\\Users\\ZELİHA TUTAR\\OneDrive\\Desktop\\ecommerce-retention-analytics\\logs'}
[0m21:56:48.116002 [debug] [MainThread]: Sending event: {'category': 'dbt', 'action': 'project_id', 'label': '1c6eaefd-0c62-47b6-a970-ef91a6830738', 'context': [<snowplow_tracker.self_describing_json.SelfDescribingJson object at 0x0000020929A13E00>]}
[0m21:56:48.176002 [debug] [MainThread]: Sending event: {'category': 'dbt', 'action': 'adapter_info', 'label': '1c6eaefd-0c62-47b6-a970-ef91a6830738', 'context': [<snowplow_tracker.self_describing_json.SelfDescribingJson object at 0x000002097FB4E1B0>]}
[0m21:56:48.177002 [info ] [MainThread]: Registered adapter: bigquery=1.11.1
[0m21:56:48.417517 [debug] [MainThread]: checksum: b80718358155fc17c3559352095564dd56ada1cc1a1c0ef2e62c857e71583775, vars: {}, profile: , target: , version: 1.11.7
[0m21:56:48.506888 [debug] [MainThread]: Partial parsing enabled: 0 files deleted, 1 files added, 0 files changed.
[0m21:56:48.506888 [debug] [MainThread]: Partial parsing: added file: ecommerce_retention_analytics://models\staging\schema.yml
[0m21:56:48.724485 [debug] [MainThread]: Sending event: {'category': 'dbt', 'action': 'load_project', 'label': '1c6eaefd-0c62-47b6-a970-ef91a6830738', 'context': [<snowplow_tracker.self_describing_json.SelfDescribingJson object at 0x000002092B1915E0>]}
[0m21:56:48.778812 [debug] [MainThread]: Wrote artifact WritableManifest to C:\Users\ZELİHA TUTAR\OneDrive\Desktop\ecommerce-retention-analytics\target\manifest.json
[0m21:56:48.780810 [debug] [MainThread]: Wrote artifact SemanticManifest to C:\Users\ZELİHA TUTAR\OneDrive\Desktop\ecommerce-retention-analytics\target\semantic_manifest.json
[0m21:56:48.812066 [debug] [MainThread]: Sending event: {'category': 'dbt', 'action': 'resource_counts', 'label': '1c6eaefd-0c62-47b6-a970-ef91a6830738', 'context': [<snowplow_tracker.self_describing_json.SelfDescribingJson object at 0x000002092B1F78C0>]}
[0m21:56:48.812066 [info ] [MainThread]: Found 4 models, 6 data tests, 4 sources, 539 macros
[0m21:56:48.813071 [debug] [MainThread]: Sending event: {'category': 'dbt', 'action': 'runnable_timing', 'label': '1c6eaefd-0c62-47b6-a970-ef91a6830738', 'context': [<snowplow_tracker.self_describing_json.SelfDescribingJson object at 0x000002092B347EC0>]}
[0m21:56:48.815073 [info ] [MainThread]: 
[0m21:56:48.815073 [info ] [MainThread]: Concurrency: 4 threads (target='dev')
[0m21:56:48.816071 [info ] [MainThread]: 
[0m21:56:48.816071 [debug] [MainThread]: Acquiring new bigquery connection 'master'
[0m21:56:48.819072 [debug] [ThreadPool]: Acquiring new bigquery connection 'list_project-505e76f5-40a4-4295-b57_ecom_staging'
[0m21:56:48.819072 [debug] [ThreadPool]: Opening a new connection, currently in state init
[0m21:56:52.055008 [debug] [MainThread]: Sending event: {'category': 'dbt', 'action': 'runnable_timing', 'label': '1c6eaefd-0c62-47b6-a970-ef91a6830738', 'context': [<snowplow_tracker.self_describing_json.SelfDescribingJson object at 0x000002092B262A50>]}
[0m21:56:52.056009 [debug] [MainThread]: Opening a new connection, currently in state init
[0m21:56:52.061700 [debug] [Thread-1 (]: Began running node test.ecommerce_retention_analytics.not_null_dim_customers_customer_id.dd91cd1c8d
[0m21:56:52.061700 [debug] [Thread-2 (]: Began running node test.ecommerce_retention_analytics.not_null_stg_orders_order_id.81cfe2fe64
[0m21:56:52.062862 [debug] [Thread-3 (]: Began running node test.ecommerce_retention_analytics.not_null_stg_users_user_id.980dfc1b77
[0m21:56:52.062862 [debug] [Thread-4 (]: Began running node test.ecommerce_retention_analytics.unique_dim_customers_customer_id.15c9f1e2fd
[0m21:56:52.061700 [info ] [Thread-1 (]: 1 of 6 START test not_null_dim_customers_customer_id ........................... [RUN]
[0m21:56:52.063864 [info ] [Thread-2 (]: 2 of 6 START test not_null_stg_orders_order_id ................................. [RUN]
[0m21:56:52.063864 [info ] [Thread-3 (]: 3 of 6 START test not_null_stg_users_user_id ................................... [RUN]
[0m21:56:52.065862 [debug] [Thread-1 (]: Acquiring new bigquery connection 'test.ecommerce_retention_analytics.not_null_dim_customers_customer_id.dd91cd1c8d'
[0m21:56:52.064865 [info ] [Thread-4 (]: 4 of 6 START test unique_dim_customers_customer_id ............................. [RUN]
[0m21:56:52.065862 [debug] [Thread-2 (]: Acquiring new bigquery connection 'test.ecommerce_retention_analytics.not_null_stg_orders_order_id.81cfe2fe64'
[0m21:56:52.066864 [debug] [Thread-3 (]: Acquiring new bigquery connection 'test.ecommerce_retention_analytics.not_null_stg_users_user_id.980dfc1b77'
[0m21:56:52.066864 [debug] [Thread-1 (]: Began compiling node test.ecommerce_retention_analytics.not_null_dim_customers_customer_id.dd91cd1c8d
[0m21:56:52.066864 [debug] [Thread-4 (]: Acquiring new bigquery connection 'test.ecommerce_retention_analytics.unique_dim_customers_customer_id.15c9f1e2fd'
[0m21:56:52.068363 [debug] [Thread-2 (]: Began compiling node test.ecommerce_retention_analytics.not_null_stg_orders_order_id.81cfe2fe64
[0m21:56:52.068363 [debug] [Thread-3 (]: Began compiling node test.ecommerce_retention_analytics.not_null_stg_users_user_id.980dfc1b77
[0m21:56:52.083369 [debug] [Thread-1 (]: Writing injected SQL for node "test.ecommerce_retention_analytics.not_null_dim_customers_customer_id.dd91cd1c8d"
[0m21:56:52.084368 [debug] [Thread-4 (]: Began compiling node test.ecommerce_retention_analytics.unique_dim_customers_customer_id.15c9f1e2fd
[0m21:56:52.087728 [debug] [Thread-2 (]: Writing injected SQL for node "test.ecommerce_retention_analytics.not_null_stg_orders_order_id.81cfe2fe64"
[0m21:56:52.090730 [debug] [Thread-3 (]: Writing injected SQL for node "test.ecommerce_retention_analytics.not_null_stg_users_user_id.980dfc1b77"
[0m21:56:52.098400 [debug] [Thread-4 (]: Writing injected SQL for node "test.ecommerce_retention_analytics.unique_dim_customers_customer_id.15c9f1e2fd"
[0m21:56:52.099398 [debug] [Thread-1 (]: Began executing node test.ecommerce_retention_analytics.not_null_dim_customers_customer_id.dd91cd1c8d
[0m21:56:52.121126 [debug] [Thread-1 (]: Writing runtime sql for node "test.ecommerce_retention_analytics.not_null_dim_customers_customer_id.dd91cd1c8d"
[0m21:56:52.122126 [debug] [Thread-2 (]: Began executing node test.ecommerce_retention_analytics.not_null_stg_orders_order_id.81cfe2fe64
[0m21:56:52.122126 [debug] [Thread-4 (]: Began executing node test.ecommerce_retention_analytics.unique_dim_customers_customer_id.15c9f1e2fd
[0m21:56:52.123124 [debug] [Thread-3 (]: Began executing node test.ecommerce_retention_analytics.not_null_stg_users_user_id.980dfc1b77
[0m21:56:52.125274 [debug] [Thread-2 (]: Writing runtime sql for node "test.ecommerce_retention_analytics.not_null_stg_orders_order_id.81cfe2fe64"
[0m21:56:52.127273 [debug] [Thread-4 (]: Writing runtime sql for node "test.ecommerce_retention_analytics.unique_dim_customers_customer_id.15c9f1e2fd"
[0m21:56:52.129273 [debug] [Thread-3 (]: Writing runtime sql for node "test.ecommerce_retention_analytics.not_null_stg_users_user_id.980dfc1b77"
[0m21:56:52.130274 [debug] [Thread-1 (]: On test.ecommerce_retention_analytics.not_null_dim_customers_customer_id.dd91cd1c8d: /* {"app": "dbt", "dbt_version": "1.11.7", "profile_name": "ecommerce_profile", "target_name": "dev", "node_id": "test.ecommerce_retention_analytics.not_null_dim_customers_customer_id.dd91cd1c8d"} */

    
    select
      count(*) as failures,
      count(*) != 0 as should_warn,
      count(*) != 0 as should_error
    from (
      
    
  
    
    



select customer_id
from `project-505e76f5-40a4-4295-b57`.`ecom_staging`.`dim_customers`
where customer_id is null



  
  
      
    ) dbt_internal_test
[0m21:56:52.131272 [debug] [Thread-1 (]: Opening a new connection, currently in state init
[0m21:56:52.132392 [debug] [Thread-2 (]: On test.ecommerce_retention_analytics.not_null_stg_orders_order_id.81cfe2fe64: /* {"app": "dbt", "dbt_version": "1.11.7", "profile_name": "ecommerce_profile", "target_name": "dev", "node_id": "test.ecommerce_retention_analytics.not_null_stg_orders_order_id.81cfe2fe64"} */

    
    select
      count(*) as failures,
      count(*) != 0 as should_warn,
      count(*) != 0 as should_error
    from (
      
    
  
    
    



select order_id
from `project-505e76f5-40a4-4295-b57`.`ecom_staging`.`stg_orders`
where order_id is null



  
  
      
    ) dbt_internal_test
[0m21:56:52.133401 [debug] [Thread-2 (]: Opening a new connection, currently in state init
[0m21:56:52.134404 [debug] [Thread-4 (]: On test.ecommerce_retention_analytics.unique_dim_customers_customer_id.15c9f1e2fd: /* {"app": "dbt", "dbt_version": "1.11.7", "profile_name": "ecommerce_profile", "target_name": "dev", "node_id": "test.ecommerce_retention_analytics.unique_dim_customers_customer_id.15c9f1e2fd"} */

    
    select
      count(*) as failures,
      count(*) != 0 as should_warn,
      count(*) != 0 as should_error
    from (
      
    
  
    
    

with dbt_test__target as (

  select customer_id as unique_field
  from `project-505e76f5-40a4-4295-b57`.`ecom_staging`.`dim_customers`
  where customer_id is not null

)

select
    unique_field,
    count(*) as n_records

from dbt_test__target
group by unique_field
having count(*) > 1



  
  
      
    ) dbt_internal_test
[0m21:56:52.134404 [debug] [Thread-3 (]: On test.ecommerce_retention_analytics.not_null_stg_users_user_id.980dfc1b77: /* {"app": "dbt", "dbt_version": "1.11.7", "profile_name": "ecommerce_profile", "target_name": "dev", "node_id": "test.ecommerce_retention_analytics.not_null_stg_users_user_id.980dfc1b77"} */

    
    select
      count(*) as failures,
      count(*) != 0 as should_warn,
      count(*) != 0 as should_error
    from (
      
    
  
    
    



select user_id
from `project-505e76f5-40a4-4295-b57`.`ecom_staging`.`stg_users`
where user_id is null



  
  
      
    ) dbt_internal_test
[0m21:56:52.136399 [debug] [Thread-4 (]: Opening a new connection, currently in state init
[0m21:56:52.137398 [debug] [Thread-3 (]: Opening a new connection, currently in state init
[0m21:56:53.081680 [debug] [Thread-1 (]: BigQuery adapter: https://console.cloud.google.com/bigquery?project=project-505e76f5-40a4-4295-b57&j=bq:EU:d44f63fd-f75b-43e1-b810-c60b510cad55&page=queryresults
[0m21:56:53.081680 [error] [Thread-1 (]: BigQuery adapter: https://console.cloud.google.com/bigquery?project=project-505e76f5-40a4-4295-b57&j=bq:EU:d44f63fd-f75b-43e1-b810-c60b510cad55&page=queryresults
[0m21:56:53.098679 [debug] [Thread-1 (]: Database Error in test not_null_dim_customers_customer_id (models\staging\schema.yml)
  Unrecognized name: customer_id; Did you mean user_id? at [19:7]
  compiled code at target\run\ecommerce_retention_analytics\models\staging\schema.yml\not_null_dim_customers_customer_id.sql
[0m21:56:53.098679 [error] [Thread-1 (]: 1 of 6 ERROR not_null_dim_customers_customer_id ................................ [[31mERROR[0m in 1.03s]
[0m21:56:53.099680 [debug] [Thread-1 (]: Finished running node test.ecommerce_retention_analytics.not_null_dim_customers_customer_id.dd91cd1c8d
[0m21:56:53.099680 [debug] [Thread-1 (]: Began running node test.ecommerce_retention_analytics.unique_stg_orders_order_id.e3b841c71a
[0m21:56:53.099680 [info ] [Thread-1 (]: 5 of 6 START test unique_stg_orders_order_id ................................... [RUN]
[0m21:56:53.100681 [debug] [Thread-7 (]: Marking all children of 'test.ecommerce_retention_analytics.not_null_dim_customers_customer_id.dd91cd1c8d' to be skipped because of status 'error'.  Reason: Database Error in test not_null_dim_customers_customer_id (models\staging\schema.yml)
  Unrecognized name: customer_id; Did you mean user_id? at [19:7]
  compiled code at target\run\ecommerce_retention_analytics\models\staging\schema.yml\not_null_dim_customers_customer_id.sql.
[0m21:56:53.100681 [debug] [Thread-1 (]: Re-using an available connection from the pool (formerly test.ecommerce_retention_analytics.not_null_dim_customers_customer_id.dd91cd1c8d, now test.ecommerce_retention_analytics.unique_stg_orders_order_id.e3b841c71a)
[0m21:56:53.101684 [debug] [Thread-1 (]: Began compiling node test.ecommerce_retention_analytics.unique_stg_orders_order_id.e3b841c71a
[0m21:56:53.105694 [debug] [Thread-1 (]: Writing injected SQL for node "test.ecommerce_retention_analytics.unique_stg_orders_order_id.e3b841c71a"
[0m21:56:53.106699 [debug] [Thread-4 (]: BigQuery adapter: https://console.cloud.google.com/bigquery?project=project-505e76f5-40a4-4295-b57&j=bq:EU:f1e0a36c-7bd2-4887-8c1e-f832989e87ae&page=queryresults
[0m21:56:53.107707 [debug] [Thread-1 (]: Began executing node test.ecommerce_retention_analytics.unique_stg_orders_order_id.e3b841c71a
[0m21:56:53.107707 [error] [Thread-4 (]: BigQuery adapter: https://console.cloud.google.com/bigquery?project=project-505e76f5-40a4-4295-b57&j=bq:EU:f1e0a36c-7bd2-4887-8c1e-f832989e87ae&page=queryresults
[0m21:56:53.110138 [debug] [Thread-1 (]: Writing runtime sql for node "test.ecommerce_retention_analytics.unique_stg_orders_order_id.e3b841c71a"
[0m21:56:53.113140 [debug] [Thread-4 (]: Database Error in test unique_dim_customers_customer_id (models\staging\schema.yml)
  Unrecognized name: customer_id; Did you mean user_id? at [19:9]
  compiled code at target\run\ecommerce_retention_analytics\models\staging\schema.yml\unique_dim_customers_customer_id.sql
[0m21:56:53.114140 [debug] [Thread-1 (]: On test.ecommerce_retention_analytics.unique_stg_orders_order_id.e3b841c71a: /* {"app": "dbt", "dbt_version": "1.11.7", "profile_name": "ecommerce_profile", "target_name": "dev", "node_id": "test.ecommerce_retention_analytics.unique_stg_orders_order_id.e3b841c71a"} */

    
    select
      count(*) as failures,
      count(*) != 0 as should_warn,
      count(*) != 0 as should_error
    from (
      
    
  
    
    

with dbt_test__target as (

  select order_id as unique_field
  from `project-505e76f5-40a4-4295-b57`.`ecom_staging`.`stg_orders`
  where order_id is not null

)

select
    unique_field,
    count(*) as n_records

from dbt_test__target
group by unique_field
having count(*) > 1



  
  
      
    ) dbt_internal_test
[0m21:56:53.115137 [error] [Thread-4 (]: 4 of 6 ERROR unique_dim_customers_customer_id .................................. [[31mERROR[0m in 1.05s]
[0m21:56:53.115137 [debug] [Thread-1 (]: Opening a new connection, currently in state closed
[0m21:56:53.116365 [debug] [Thread-4 (]: Finished running node test.ecommerce_retention_analytics.unique_dim_customers_customer_id.15c9f1e2fd
[0m21:56:53.117371 [debug] [Thread-4 (]: Began running node test.ecommerce_retention_analytics.unique_stg_users_user_id.c2ff477e6b
[0m21:56:53.118371 [debug] [Thread-7 (]: Marking all children of 'test.ecommerce_retention_analytics.unique_dim_customers_customer_id.15c9f1e2fd' to be skipped because of status 'error'.  Reason: Database Error in test unique_dim_customers_customer_id (models\staging\schema.yml)
  Unrecognized name: customer_id; Did you mean user_id? at [19:9]
  compiled code at target\run\ecommerce_retention_analytics\models\staging\schema.yml\unique_dim_customers_customer_id.sql.
[0m21:56:53.118371 [info ] [Thread-4 (]: 6 of 6 START test unique_stg_users_user_id ..................................... [RUN]
[0m21:56:53.119370 [debug] [Thread-4 (]: Re-using an available connection from the pool (formerly test.ecommerce_retention_analytics.unique_dim_customers_customer_id.15c9f1e2fd, now test.ecommerce_retention_analytics.unique_stg_users_user_id.c2ff477e6b)
[0m21:56:53.119370 [debug] [Thread-4 (]: Began compiling node test.ecommerce_retention_analytics.unique_stg_users_user_id.c2ff477e6b
[0m21:56:53.122376 [debug] [Thread-4 (]: Writing injected SQL for node "test.ecommerce_retention_analytics.unique_stg_users_user_id.c2ff477e6b"
[0m21:56:53.123374 [debug] [Thread-4 (]: Began executing node test.ecommerce_retention_analytics.unique_stg_users_user_id.c2ff477e6b
[0m21:56:53.125377 [debug] [Thread-4 (]: Writing runtime sql for node "test.ecommerce_retention_analytics.unique_stg_users_user_id.c2ff477e6b"
[0m21:56:53.126371 [debug] [Thread-4 (]: On test.ecommerce_retention_analytics.unique_stg_users_user_id.c2ff477e6b: /* {"app": "dbt", "dbt_version": "1.11.7", "profile_name": "ecommerce_profile", "target_name": "dev", "node_id": "test.ecommerce_retention_analytics.unique_stg_users_user_id.c2ff477e6b"} */

    
    select
      count(*) as failures,
      count(*) != 0 as should_warn,
      count(*) != 0 as should_error
    from (
      
    
  
    
    

with dbt_test__target as (

  select user_id as unique_field
  from `project-505e76f5-40a4-4295-b57`.`ecom_staging`.`stg_users`
  where user_id is not null

)

select
    unique_field,
    count(*) as n_records

from dbt_test__target
group by unique_field
having count(*) > 1



  
  
      
    ) dbt_internal_test
[0m21:56:53.126371 [debug] [Thread-4 (]: Opening a new connection, currently in state closed
[0m21:56:53.421971 [debug] [Thread-3 (]: BigQuery adapter: https://console.cloud.google.com/bigquery?project=project-505e76f5-40a4-4295-b57&j=bq:EU:267dee5a-5e10-4703-950a-48adc671d5ec&page=queryresults
[0m21:56:53.441987 [debug] [Thread-2 (]: BigQuery adapter: https://console.cloud.google.com/bigquery?project=project-505e76f5-40a4-4295-b57&j=bq:EU:c90a186f-93d7-44e4-818c-0cc4f8be77da&page=queryresults
[0m21:56:53.644970 [debug] [Thread-2 (]: SQL status: OK in 0.202 seconds
[0m21:56:53.665971 [debug] [Thread-3 (]: SQL status: OK in 0.244 seconds
[0m21:56:54.094538 [info ] [Thread-3 (]: 3 of 6 PASS not_null_stg_users_user_id ......................................... [[32mPASS[0m in 2.03s]
[0m21:56:54.095524 [info ] [Thread-2 (]: 2 of 6 PASS not_null_stg_orders_order_id ....................................... [[32mPASS[0m in 2.03s]
[0m21:56:54.096524 [debug] [Thread-3 (]: Finished running node test.ecommerce_retention_analytics.not_null_stg_users_user_id.980dfc1b77
[0m21:56:54.096524 [debug] [Thread-2 (]: Finished running node test.ecommerce_retention_analytics.not_null_stg_orders_order_id.81cfe2fe64
[0m21:56:54.188504 [debug] [Thread-4 (]: BigQuery adapter: https://console.cloud.google.com/bigquery?project=project-505e76f5-40a4-4295-b57&j=bq:EU:ec50bb96-a244-4f16-8e48-380e058901e2&page=queryresults
[0m21:56:54.365760 [debug] [Thread-1 (]: BigQuery adapter: https://console.cloud.google.com/bigquery?project=project-505e76f5-40a4-4295-b57&j=bq:EU:04c38781-40f4-4c30-b540-f90aebaff937&page=queryresults
[0m21:56:54.377755 [debug] [Thread-4 (]: SQL status: OK in 0.188 seconds
[0m21:56:54.624204 [debug] [Thread-1 (]: SQL status: OK in 0.257 seconds
[0m21:56:54.790896 [info ] [Thread-4 (]: 6 of 6 PASS unique_stg_users_user_id ........................................... [[32mPASS[0m in 1.67s]
[0m21:56:54.790896 [debug] [Thread-4 (]: Finished running node test.ecommerce_retention_analytics.unique_stg_users_user_id.c2ff477e6b
[0m21:56:55.079769 [info ] [Thread-1 (]: 5 of 6 PASS unique_stg_orders_order_id ......................................... [[32mPASS[0m in 1.98s]
[0m21:56:55.080769 [debug] [Thread-1 (]: Finished running node test.ecommerce_retention_analytics.unique_stg_orders_order_id.e3b841c71a
[0m21:56:55.082769 [debug] [MainThread]: Opening a new connection, currently in state closed
[0m21:56:55.082769 [debug] [MainThread]: Connection 'master' was properly closed.
[0m21:56:55.083897 [debug] [MainThread]: Connection 'list_project-505e76f5-40a4-4295-b57_ecom_staging' was properly closed.
[0m21:56:55.083897 [debug] [MainThread]: Connection 'test.ecommerce_retention_analytics.unique_stg_orders_order_id.e3b841c71a' was properly closed.
[0m21:56:55.083897 [debug] [MainThread]: Connection 'test.ecommerce_retention_analytics.not_null_stg_orders_order_id.81cfe2fe64' was properly closed.
[0m21:56:55.084903 [debug] [MainThread]: Connection 'test.ecommerce_retention_analytics.not_null_stg_users_user_id.980dfc1b77' was properly closed.
[0m21:56:55.084903 [debug] [MainThread]: Connection 'test.ecommerce_retention_analytics.unique_stg_users_user_id.c2ff477e6b' was properly closed.
[0m21:56:55.085902 [info ] [MainThread]: 
[0m21:56:55.085902 [info ] [MainThread]: Finished running 6 data tests in 0 hours 0 minutes and 6.27 seconds (6.27s).
[0m21:56:55.086908 [debug] [MainThread]: Command end result
[0m21:56:55.107974 [debug] [MainThread]: Wrote artifact WritableManifest to C:\Users\ZELİHA TUTAR\OneDrive\Desktop\ecommerce-retention-analytics\target\manifest.json
[0m21:56:55.110973 [debug] [MainThread]: Wrote artifact SemanticManifest to C:\Users\ZELİHA TUTAR\OneDrive\Desktop\ecommerce-retention-analytics\target\semantic_manifest.json
[0m21:56:55.115974 [debug] [MainThread]: Wrote artifact RunExecutionResult to C:\Users\ZELİHA TUTAR\OneDrive\Desktop\ecommerce-retention-analytics\target\run_results.json
[0m21:56:55.117365 [info ] [MainThread]: 
[0m21:56:55.117365 [info ] [MainThread]: [31mCompleted with 2 errors, 0 partial successes, and 0 warnings:[0m
[0m21:56:55.118374 [info ] [MainThread]: 
[0m21:56:55.118374 [error] [MainThread]: [31mFailure in test not_null_dim_customers_customer_id (models\staging\schema.yml)[0m
[0m21:56:55.118374 [error] [MainThread]:   Database Error in test not_null_dim_customers_customer_id (models\staging\schema.yml)
  Unrecognized name: customer_id; Did you mean user_id? at [19:7]
  compiled code at target\run\ecommerce_retention_analytics\models\staging\schema.yml\not_null_dim_customers_customer_id.sql
[0m21:56:55.119742 [info ] [MainThread]: 
[0m21:56:55.120749 [info ] [MainThread]:   compiled code at target\compiled\ecommerce_retention_analytics\models\staging\schema.yml\not_null_dim_customers_customer_id.sql
[0m21:56:55.120749 [info ] [MainThread]: 
[0m21:56:55.120749 [error] [MainThread]: [31mFailure in test unique_dim_customers_customer_id (models\staging\schema.yml)[0m
[0m21:56:55.121747 [error] [MainThread]:   Database Error in test unique_dim_customers_customer_id (models\staging\schema.yml)
  Unrecognized name: customer_id; Did you mean user_id? at [19:9]
  compiled code at target\run\ecommerce_retention_analytics\models\staging\schema.yml\unique_dim_customers_customer_id.sql
[0m21:56:55.121747 [info ] [MainThread]: 
[0m21:56:55.122750 [info ] [MainThread]:   compiled code at target\compiled\ecommerce_retention_analytics\models\staging\schema.yml\unique_dim_customers_customer_id.sql
[0m21:56:55.122750 [info ] [MainThread]: 
[0m21:56:55.122750 [info ] [MainThread]: Done. PASS=4 WARN=0 ERROR=2 SKIP=0 NO-OP=0 TOTAL=6
[0m21:56:55.123750 [debug] [MainThread]: Command `dbt test` failed at 21:56:55.123750 after 8.06 seconds
[0m21:56:55.124751 [debug] [MainThread]: Sending event: {'category': 'dbt', 'action': 'invocation', 'label': 'end', 'context': [<snowplow_tracker.self_describing_json.SelfDescribingJson object at 0x000002097A003DA0>, <snowplow_tracker.self_describing_json.SelfDescribingJson object at 0x000002097836F740>, <snowplow_tracker.self_describing_json.SelfDescribingJson object at 0x000002097836EC30>]}
[0m21:56:55.124751 [debug] [MainThread]: Flushing usage events
[0m21:56:55.960234 [debug] [MainThread]: An error was encountered while trying to flush usage events
[0m21:57:39.909925 [debug] [MainThread]: Sending event: {'category': 'dbt', 'action': 'invocation', 'label': 'start', 'context': [<snowplow_tracker.self_describing_json.SelfDescribingJson object at 0x0000013F5FD41E80>, <snowplow_tracker.self_describing_json.SelfDescribingJson object at 0x0000013F64031730>, <snowplow_tracker.self_describing_json.SelfDescribingJson object at 0x0000013F64031FA0>]}


============================== 21:57:39.913925 | 255faa01-182f-4767-8b90-be0dcec176c6 ==============================
[0m21:57:39.913925 [info ] [MainThread]: Running with dbt=1.11.7
[0m21:57:39.914926 [debug] [MainThread]: running dbt with arguments {'static_parser': 'True', 'no_print': 'None', 'version_check': 'True', 'warn_error_options': 'WarnErrorOptionsV2(error=[], warn=[], silence=[])', 'target_path': 'None', 'printer_width': '80', 'write_json': 'True', 'introspect': 'True', 'log_cache_events': 'False', 'empty': 'None', 'cache_selected_only': 'False', 'log_format': 'default', 'debug': 'False', 'fail_fast': 'False', 'profiles_dir': 'C:\\Users\\ZELİHA TUTAR\\.dbt', 'send_anonymous_usage_stats': 'True', 'quiet': 'False', 'warn_error': 'None', 'partial_parse': 'True', 'use_colors': 'True', 'invocation_command': 'dbt test', 'indirect_selection': 'eager', 'use_experimental_parser': 'False', 'log_path': 'C:\\Users\\ZELİHA TUTAR\\OneDrive\\Desktop\\ecommerce-retention-analytics\\logs'}
[0m21:57:40.845914 [debug] [MainThread]: Sending event: {'category': 'dbt', 'action': 'project_id', 'label': '255faa01-182f-4767-8b90-be0dcec176c6', 'context': [<snowplow_tracker.self_describing_json.SelfDescribingJson object at 0x0000013F63461A00>]}
[0m21:57:40.902917 [debug] [MainThread]: Sending event: {'category': 'dbt', 'action': 'adapter_info', 'label': '255faa01-182f-4767-8b90-be0dcec176c6', 'context': [<snowplow_tracker.self_describing_json.SelfDescribingJson object at 0x0000013F63F667E0>]}
[0m21:57:40.903914 [info ] [MainThread]: Registered adapter: bigquery=1.11.1
[0m21:57:41.135918 [debug] [MainThread]: checksum: b80718358155fc17c3559352095564dd56ada1cc1a1c0ef2e62c857e71583775, vars: {}, profile: , target: , version: 1.11.7
[0m21:57:41.230915 [debug] [MainThread]: Partial parsing enabled: 0 files deleted, 0 files added, 1 files changed.
[0m21:57:41.231917 [debug] [MainThread]: Partial parsing: updated file: ecommerce_retention_analytics://models\staging\schema.yml
[0m21:57:41.591996 [debug] [MainThread]: Sending event: {'category': 'dbt', 'action': 'load_project', 'label': '255faa01-182f-4767-8b90-be0dcec176c6', 'context': [<snowplow_tracker.self_describing_json.SelfDescribingJson object at 0x0000013F1664F620>]}
[0m21:57:41.645994 [debug] [MainThread]: Wrote artifact WritableManifest to C:\Users\ZELİHA TUTAR\OneDrive\Desktop\ecommerce-retention-analytics\target\manifest.json
[0m21:57:41.647994 [debug] [MainThread]: Wrote artifact SemanticManifest to C:\Users\ZELİHA TUTAR\OneDrive\Desktop\ecommerce-retention-analytics\target\semantic_manifest.json
[0m21:57:41.674995 [debug] [MainThread]: Sending event: {'category': 'dbt', 'action': 'resource_counts', 'label': '255faa01-182f-4767-8b90-be0dcec176c6', 'context': [<snowplow_tracker.self_describing_json.SelfDescribingJson object at 0x0000013F1685BB90>]}
[0m21:57:41.674995 [info ] [MainThread]: Found 4 models, 6 data tests, 4 sources, 539 macros
[0m21:57:41.676001 [debug] [MainThread]: Sending event: {'category': 'dbt', 'action': 'runnable_timing', 'label': '255faa01-182f-4767-8b90-be0dcec176c6', 'context': [<snowplow_tracker.self_describing_json.SelfDescribingJson object at 0x0000013F16319EB0>]}
[0m21:57:41.677001 [info ] [MainThread]: 
[0m21:57:41.677992 [info ] [MainThread]: Concurrency: 4 threads (target='dev')
[0m21:57:41.677992 [info ] [MainThread]: 
[0m21:57:41.677992 [debug] [MainThread]: Acquiring new bigquery connection 'master'
[0m21:57:41.680995 [debug] [ThreadPool]: Acquiring new bigquery connection 'list_project-505e76f5-40a4-4295-b57_ecom_staging'
[0m21:57:41.681994 [debug] [ThreadPool]: Opening a new connection, currently in state init
[0m21:57:43.428460 [debug] [MainThread]: Sending event: {'category': 'dbt', 'action': 'runnable_timing', 'label': '255faa01-182f-4767-8b90-be0dcec176c6', 'context': [<snowplow_tracker.self_describing_json.SelfDescribingJson object at 0x0000013F166C1D90>]}
[0m21:57:43.429677 [debug] [MainThread]: Opening a new connection, currently in state init
[0m21:57:43.434116 [debug] [Thread-1 (]: Began running node test.ecommerce_retention_analytics.not_null_dim_customers_user_id.d6a844546c
[0m21:57:43.435116 [debug] [Thread-2 (]: Began running node test.ecommerce_retention_analytics.not_null_stg_orders_order_id.81cfe2fe64
[0m21:57:43.435116 [debug] [Thread-3 (]: Began running node test.ecommerce_retention_analytics.not_null_stg_users_user_id.980dfc1b77
[0m21:57:43.435116 [debug] [Thread-4 (]: Began running node test.ecommerce_retention_analytics.unique_dim_customers_user_id.a4ad18eff3
[0m21:57:43.436116 [info ] [Thread-1 (]: 1 of 6 START test not_null_dim_customers_user_id ............................... [RUN]
[0m21:57:43.436116 [info ] [Thread-2 (]: 2 of 6 START test not_null_stg_orders_order_id ................................. [RUN]
[0m21:57:43.436116 [info ] [Thread-3 (]: 3 of 6 START test not_null_stg_users_user_id ................................... [RUN]
[0m21:57:43.437116 [info ] [Thread-4 (]: 4 of 6 START test unique_dim_customers_user_id ................................. [RUN]
[0m21:57:43.437116 [debug] [Thread-1 (]: Acquiring new bigquery connection 'test.ecommerce_retention_analytics.not_null_dim_customers_user_id.d6a844546c'
[0m21:57:43.438116 [debug] [Thread-2 (]: Acquiring new bigquery connection 'test.ecommerce_retention_analytics.not_null_stg_orders_order_id.81cfe2fe64'
[0m21:57:43.438116 [debug] [Thread-3 (]: Acquiring new bigquery connection 'test.ecommerce_retention_analytics.not_null_stg_users_user_id.980dfc1b77'
[0m21:57:43.438116 [debug] [Thread-4 (]: Acquiring new bigquery connection 'test.ecommerce_retention_analytics.unique_dim_customers_user_id.a4ad18eff3'
[0m21:57:43.439121 [debug] [Thread-1 (]: Began compiling node test.ecommerce_retention_analytics.not_null_dim_customers_user_id.d6a844546c
[0m21:57:43.439121 [debug] [Thread-2 (]: Began compiling node test.ecommerce_retention_analytics.not_null_stg_orders_order_id.81cfe2fe64
[0m21:57:43.439121 [debug] [Thread-3 (]: Began compiling node test.ecommerce_retention_analytics.not_null_stg_users_user_id.980dfc1b77
[0m21:57:43.439121 [debug] [Thread-4 (]: Began compiling node test.ecommerce_retention_analytics.unique_dim_customers_user_id.a4ad18eff3
[0m21:57:43.452401 [debug] [Thread-1 (]: Writing injected SQL for node "test.ecommerce_retention_analytics.not_null_dim_customers_user_id.d6a844546c"
[0m21:57:43.456400 [debug] [Thread-2 (]: Writing injected SQL for node "test.ecommerce_retention_analytics.not_null_stg_orders_order_id.81cfe2fe64"
[0m21:57:43.459403 [debug] [Thread-3 (]: Writing injected SQL for node "test.ecommerce_retention_analytics.not_null_stg_users_user_id.980dfc1b77"
[0m21:57:43.464400 [debug] [Thread-4 (]: Writing injected SQL for node "test.ecommerce_retention_analytics.unique_dim_customers_user_id.a4ad18eff3"
[0m21:57:43.465401 [debug] [Thread-1 (]: Began executing node test.ecommerce_retention_analytics.not_null_dim_customers_user_id.d6a844546c
[0m21:57:43.480607 [debug] [Thread-1 (]: Writing runtime sql for node "test.ecommerce_retention_analytics.not_null_dim_customers_user_id.d6a844546c"
[0m21:57:43.481607 [debug] [Thread-3 (]: Began executing node test.ecommerce_retention_analytics.not_null_stg_users_user_id.980dfc1b77
[0m21:57:43.481607 [debug] [Thread-4 (]: Began executing node test.ecommerce_retention_analytics.unique_dim_customers_user_id.a4ad18eff3
[0m21:57:43.481607 [debug] [Thread-2 (]: Began executing node test.ecommerce_retention_analytics.not_null_stg_orders_order_id.81cfe2fe64
[0m21:57:43.484103 [debug] [Thread-3 (]: Writing runtime sql for node "test.ecommerce_retention_analytics.not_null_stg_users_user_id.980dfc1b77"
[0m21:57:43.486099 [debug] [Thread-4 (]: Writing runtime sql for node "test.ecommerce_retention_analytics.unique_dim_customers_user_id.a4ad18eff3"
[0m21:57:43.486099 [debug] [Thread-1 (]: On test.ecommerce_retention_analytics.not_null_dim_customers_user_id.d6a844546c: /* {"app": "dbt", "dbt_version": "1.11.7", "profile_name": "ecommerce_profile", "target_name": "dev", "node_id": "test.ecommerce_retention_analytics.not_null_dim_customers_user_id.d6a844546c"} */

    
    select
      count(*) as failures,
      count(*) != 0 as should_warn,
      count(*) != 0 as should_error
    from (
      
    
  
    
    



select user_id
from `project-505e76f5-40a4-4295-b57`.`ecom_staging`.`dim_customers`
where user_id is null



  
  
      
    ) dbt_internal_test
[0m21:57:43.488101 [debug] [Thread-2 (]: Writing runtime sql for node "test.ecommerce_retention_analytics.not_null_stg_orders_order_id.81cfe2fe64"
[0m21:57:43.489098 [debug] [Thread-1 (]: Opening a new connection, currently in state init
[0m21:57:43.489098 [debug] [Thread-3 (]: On test.ecommerce_retention_analytics.not_null_stg_users_user_id.980dfc1b77: /* {"app": "dbt", "dbt_version": "1.11.7", "profile_name": "ecommerce_profile", "target_name": "dev", "node_id": "test.ecommerce_retention_analytics.not_null_stg_users_user_id.980dfc1b77"} */

    
    select
      count(*) as failures,
      count(*) != 0 as should_warn,
      count(*) != 0 as should_error
    from (
      
    
  
    
    



select user_id
from `project-505e76f5-40a4-4295-b57`.`ecom_staging`.`stg_users`
where user_id is null



  
  
      
    ) dbt_internal_test
[0m21:57:43.490246 [debug] [Thread-4 (]: On test.ecommerce_retention_analytics.unique_dim_customers_user_id.a4ad18eff3: /* {"app": "dbt", "dbt_version": "1.11.7", "profile_name": "ecommerce_profile", "target_name": "dev", "node_id": "test.ecommerce_retention_analytics.unique_dim_customers_user_id.a4ad18eff3"} */

    
    select
      count(*) as failures,
      count(*) != 0 as should_warn,
      count(*) != 0 as should_error
    from (
      
    
  
    
    

with dbt_test__target as (

  select user_id as unique_field
  from `project-505e76f5-40a4-4295-b57`.`ecom_staging`.`dim_customers`
  where user_id is not null

)

select
    unique_field,
    count(*) as n_records

from dbt_test__target
group by unique_field
having count(*) > 1



  
  
      
    ) dbt_internal_test
[0m21:57:43.491464 [debug] [Thread-3 (]: Opening a new connection, currently in state init
[0m21:57:43.491464 [debug] [Thread-2 (]: On test.ecommerce_retention_analytics.not_null_stg_orders_order_id.81cfe2fe64: /* {"app": "dbt", "dbt_version": "1.11.7", "profile_name": "ecommerce_profile", "target_name": "dev", "node_id": "test.ecommerce_retention_analytics.not_null_stg_orders_order_id.81cfe2fe64"} */

    
    select
      count(*) as failures,
      count(*) != 0 as should_warn,
      count(*) != 0 as should_error
    from (
      
    
  
    
    



select order_id
from `project-505e76f5-40a4-4295-b57`.`ecom_staging`.`stg_orders`
where order_id is null



  
  
      
    ) dbt_internal_test
[0m21:57:43.492900 [debug] [Thread-4 (]: Opening a new connection, currently in state init
[0m21:57:43.493962 [debug] [Thread-2 (]: Opening a new connection, currently in state init
[0m21:57:44.640617 [debug] [Thread-1 (]: BigQuery adapter: https://console.cloud.google.com/bigquery?project=project-505e76f5-40a4-4295-b57&j=bq:EU:15f6ad56-92a0-44d2-8351-aba65f67040f&page=queryresults
[0m21:57:44.642616 [debug] [Thread-4 (]: BigQuery adapter: https://console.cloud.google.com/bigquery?project=project-505e76f5-40a4-4295-b57&j=bq:EU:6bb15d6a-6d95-4715-8d4a-d4a2649375d1&page=queryresults
[0m21:57:44.676617 [debug] [Thread-3 (]: BigQuery adapter: https://console.cloud.google.com/bigquery?project=project-505e76f5-40a4-4295-b57&j=bq:EU:1c964fb8-a9ac-4591-862b-1a1e1ede3f91&page=queryresults
[0m21:57:44.696617 [debug] [Thread-2 (]: BigQuery adapter: https://console.cloud.google.com/bigquery?project=project-505e76f5-40a4-4295-b57&j=bq:EU:96edeed8-2146-4ae5-9bf7-600f25e67835&page=queryresults
[0m21:57:44.852617 [debug] [Thread-2 (]: SQL status: OK in 0.155 seconds
[0m21:57:44.861617 [debug] [Thread-1 (]: SQL status: OK in 0.221 seconds
[0m21:57:44.862617 [debug] [Thread-3 (]: SQL status: OK in 0.186 seconds
[0m21:57:44.871617 [debug] [Thread-4 (]: SQL status: OK in 0.228 seconds
[0m21:57:45.221578 [info ] [Thread-3 (]: 3 of 6 PASS not_null_stg_users_user_id ......................................... [[32mPASS[0m in 1.78s]
[0m21:57:45.222577 [debug] [Thread-3 (]: Finished running node test.ecommerce_retention_analytics.not_null_stg_users_user_id.980dfc1b77
[0m21:57:45.222577 [debug] [Thread-3 (]: Began running node test.ecommerce_retention_analytics.unique_stg_orders_order_id.e3b841c71a
[0m21:57:45.223576 [info ] [Thread-3 (]: 5 of 6 START test unique_stg_orders_order_id ................................... [RUN]
[0m21:57:45.223576 [debug] [Thread-3 (]: Re-using an available connection from the pool (formerly test.ecommerce_retention_analytics.not_null_stg_users_user_id.980dfc1b77, now test.ecommerce_retention_analytics.unique_stg_orders_order_id.e3b841c71a)
[0m21:57:45.224587 [debug] [Thread-3 (]: Began compiling node test.ecommerce_retention_analytics.unique_stg_orders_order_id.e3b841c71a
[0m21:57:45.227578 [debug] [Thread-3 (]: Writing injected SQL for node "test.ecommerce_retention_analytics.unique_stg_orders_order_id.e3b841c71a"
[0m21:57:45.228577 [debug] [Thread-3 (]: Began executing node test.ecommerce_retention_analytics.unique_stg_orders_order_id.e3b841c71a
[0m21:57:45.230579 [debug] [Thread-3 (]: Writing runtime sql for node "test.ecommerce_retention_analytics.unique_stg_orders_order_id.e3b841c71a"
[0m21:57:45.231578 [debug] [Thread-3 (]: On test.ecommerce_retention_analytics.unique_stg_orders_order_id.e3b841c71a: /* {"app": "dbt", "dbt_version": "1.11.7", "profile_name": "ecommerce_profile", "target_name": "dev", "node_id": "test.ecommerce_retention_analytics.unique_stg_orders_order_id.e3b841c71a"} */

    
    select
      count(*) as failures,
      count(*) != 0 as should_warn,
      count(*) != 0 as should_error
    from (
      
    
  
    
    

with dbt_test__target as (

  select order_id as unique_field
  from `project-505e76f5-40a4-4295-b57`.`ecom_staging`.`stg_orders`
  where order_id is not null

)

select
    unique_field,
    count(*) as n_records

from dbt_test__target
group by unique_field
having count(*) > 1



  
  
      
    ) dbt_internal_test
[0m21:57:45.232576 [debug] [Thread-3 (]: Opening a new connection, currently in state closed
[0m21:57:45.315680 [info ] [Thread-4 (]: 4 of 6 PASS unique_dim_customers_user_id ....................................... [[32mPASS[0m in 1.88s]
[0m21:57:45.316679 [debug] [Thread-4 (]: Finished running node test.ecommerce_retention_analytics.unique_dim_customers_user_id.a4ad18eff3
[0m21:57:45.316679 [debug] [Thread-4 (]: Began running node test.ecommerce_retention_analytics.unique_stg_users_user_id.c2ff477e6b
[0m21:57:45.317678 [info ] [Thread-4 (]: 6 of 6 START test unique_stg_users_user_id ..................................... [RUN]
[0m21:57:45.317678 [debug] [Thread-4 (]: Re-using an available connection from the pool (formerly test.ecommerce_retention_analytics.unique_dim_customers_user_id.a4ad18eff3, now test.ecommerce_retention_analytics.unique_stg_users_user_id.c2ff477e6b)
[0m21:57:45.318677 [debug] [Thread-4 (]: Began compiling node test.ecommerce_retention_analytics.unique_stg_users_user_id.c2ff477e6b
[0m21:57:45.321679 [debug] [Thread-4 (]: Writing injected SQL for node "test.ecommerce_retention_analytics.unique_stg_users_user_id.c2ff477e6b"
[0m21:57:45.322677 [debug] [Thread-4 (]: Began executing node test.ecommerce_retention_analytics.unique_stg_users_user_id.c2ff477e6b
[0m21:57:45.325678 [debug] [Thread-4 (]: Writing runtime sql for node "test.ecommerce_retention_analytics.unique_stg_users_user_id.c2ff477e6b"
[0m21:57:45.326678 [debug] [Thread-4 (]: On test.ecommerce_retention_analytics.unique_stg_users_user_id.c2ff477e6b: /* {"app": "dbt", "dbt_version": "1.11.7", "profile_name": "ecommerce_profile", "target_name": "dev", "node_id": "test.ecommerce_retention_analytics.unique_stg_users_user_id.c2ff477e6b"} */

    
    select
      count(*) as failures,
      count(*) != 0 as should_warn,
      count(*) != 0 as should_error
    from (
      
    
  
    
    

with dbt_test__target as (

  select user_id as unique_field
  from `project-505e76f5-40a4-4295-b57`.`ecom_staging`.`stg_users`
  where user_id is not null

)

select
    unique_field,
    count(*) as n_records

from dbt_test__target
group by unique_field
having count(*) > 1



  
  
      
    ) dbt_internal_test
[0m21:57:45.326678 [debug] [Thread-4 (]: Opening a new connection, currently in state closed
[0m21:57:45.412680 [info ] [Thread-1 (]: 1 of 6 PASS not_null_dim_customers_user_id ..................................... [[32mPASS[0m in 1.98s]
[0m21:57:45.413680 [debug] [Thread-1 (]: Finished running node test.ecommerce_retention_analytics.not_null_dim_customers_user_id.d6a844546c
[0m21:57:45.452953 [info ] [Thread-2 (]: 2 of 6 PASS not_null_stg_orders_order_id ....................................... [[32mPASS[0m in 2.02s]
[0m21:57:45.453953 [debug] [Thread-2 (]: Finished running node test.ecommerce_retention_analytics.not_null_stg_orders_order_id.81cfe2fe64
[0m21:57:46.229420 [debug] [Thread-3 (]: BigQuery adapter: https://console.cloud.google.com/bigquery?project=project-505e76f5-40a4-4295-b57&j=bq:EU:d0771fe8-fc47-4a72-9df3-2ed70f9f0d65&page=queryresults
[0m21:57:46.356945 [debug] [Thread-3 (]: SQL status: OK in 0.127 seconds
[0m21:57:46.385132 [debug] [Thread-4 (]: BigQuery adapter: https://console.cloud.google.com/bigquery?project=project-505e76f5-40a4-4295-b57&j=bq:EU:3431239a-b033-436f-a447-a97894d92906&page=queryresults
[0m21:57:46.573034 [debug] [Thread-4 (]: SQL status: OK in 0.188 seconds
[0m21:57:46.754724 [info ] [Thread-3 (]: 5 of 6 PASS unique_stg_orders_order_id ......................................... [[32mPASS[0m in 1.53s]
[0m21:57:46.755722 [debug] [Thread-3 (]: Finished running node test.ecommerce_retention_analytics.unique_stg_orders_order_id.e3b841c71a
[0m21:57:47.088689 [info ] [Thread-4 (]: 6 of 6 PASS unique_stg_users_user_id ........................................... [[32mPASS[0m in 1.77s]
[0m21:57:47.089685 [debug] [Thread-4 (]: Finished running node test.ecommerce_retention_analytics.unique_stg_users_user_id.c2ff477e6b
[0m21:57:47.091679 [debug] [MainThread]: Opening a new connection, currently in state closed
[0m21:57:47.092684 [debug] [MainThread]: Connection 'master' was properly closed.
[0m21:57:47.093726 [debug] [MainThread]: Connection 'list_project-505e76f5-40a4-4295-b57_ecom_staging' was properly closed.
[0m21:57:47.093726 [debug] [MainThread]: Connection 'test.ecommerce_retention_analytics.not_null_dim_customers_user_id.d6a844546c' was properly closed.
[0m21:57:47.093726 [debug] [MainThread]: Connection 'test.ecommerce_retention_analytics.not_null_stg_orders_order_id.81cfe2fe64' was properly closed.
[0m21:57:47.093726 [debug] [MainThread]: Connection 'test.ecommerce_retention_analytics.unique_stg_orders_order_id.e3b841c71a' was properly closed.
[0m21:57:47.094735 [debug] [MainThread]: Connection 'test.ecommerce_retention_analytics.unique_stg_users_user_id.c2ff477e6b' was properly closed.
[0m21:57:47.094735 [info ] [MainThread]: 
[0m21:57:47.094735 [info ] [MainThread]: Finished running 6 data tests in 0 hours 0 minutes and 5.42 seconds (5.42s).
[0m21:57:47.095733 [debug] [MainThread]: Command end result
[0m21:57:47.209762 [debug] [MainThread]: Wrote artifact WritableManifest to C:\Users\ZELİHA TUTAR\OneDrive\Desktop\ecommerce-retention-analytics\target\manifest.json
[0m21:57:47.212763 [debug] [MainThread]: Wrote artifact SemanticManifest to C:\Users\ZELİHA TUTAR\OneDrive\Desktop\ecommerce-retention-analytics\target\semantic_manifest.json
[0m21:57:47.217778 [debug] [MainThread]: Wrote artifact RunExecutionResult to C:\Users\ZELİHA TUTAR\OneDrive\Desktop\ecommerce-retention-analytics\target\run_results.json
[0m21:57:47.217778 [info ] [MainThread]: 
[0m21:57:47.218911 [info ] [MainThread]: [32mCompleted successfully[0m
[0m21:57:47.218911 [info ] [MainThread]: 
[0m21:57:47.219916 [info ] [MainThread]: Done. PASS=6 WARN=0 ERROR=0 SKIP=0 NO-OP=0 TOTAL=6
[0m21:57:47.219916 [debug] [MainThread]: Command `dbt test` succeeded at 21:57:47.219916 after 7.42 seconds
[0m21:57:47.220925 [debug] [MainThread]: Sending event: {'category': 'dbt', 'action': 'invocation', 'label': 'end', 'context': [<snowplow_tracker.self_describing_json.SelfDescribingJson object at 0x0000013F13B3ACF0>, <snowplow_tracker.self_describing_json.SelfDescribingJson object at 0x0000013F13D18890>, <snowplow_tracker.self_describing_json.SelfDescribingJson object at 0x0000013F144B0A70>]}
[0m21:57:47.220925 [debug] [MainThread]: Flushing usage events
[0m21:57:47.997695 [debug] [MainThread]: An error was encountered while trying to flush usage events
[0m21:58:25.806524 [debug] [MainThread]: Sending event: {'category': 'dbt', 'action': 'invocation', 'label': 'start', 'context': [<snowplow_tracker.self_describing_json.SelfDescribingJson object at 0x000001FD59449E50>, <snowplow_tracker.self_describing_json.SelfDescribingJson object at 0x000001FD56509E50>, <snowplow_tracker.self_describing_json.SelfDescribingJson object at 0x000001FD592CDDF0>]}


============================== 21:58:25.809526 | 3626fc01-0f82-4545-aa5e-daa1f5c29c7e ==============================
[0m21:58:25.809526 [info ] [MainThread]: Running with dbt=1.11.7
[0m21:58:25.810525 [debug] [MainThread]: running dbt with arguments {'static_parser': 'True', 'no_print': 'None', 'version_check': 'True', 'target_path': 'None', 'warn_error_options': 'WarnErrorOptionsV2(error=[], warn=[], silence=[])', 'printer_width': '80', 'write_json': 'True', 'introspect': 'True', 'log_cache_events': 'False', 'empty': 'None', 'cache_selected_only': 'False', 'fail_fast': 'False', 'debug': 'False', 'log_format': 'default', 'partial_parse': 'True', 'send_anonymous_usage_stats': 'True', 'quiet': 'False', 'warn_error': 'None', 'profiles_dir': 'C:\\Users\\ZELİHA TUTAR\\.dbt', 'indirect_selection': 'eager', 'invocation_command': 'dbt docs generate', 'use_colors': 'True', 'use_experimental_parser': 'False', 'log_path': 'C:\\Users\\ZELİHA TUTAR\\OneDrive\\Desktop\\ecommerce-retention-analytics\\logs'}
[0m21:58:26.767197 [debug] [MainThread]: Sending event: {'category': 'dbt', 'action': 'project_id', 'label': '3626fc01-0f82-4545-aa5e-daa1f5c29c7e', 'context': [<snowplow_tracker.self_describing_json.SelfDescribingJson object at 0x000001FD58D42030>]}
[0m21:58:26.826197 [debug] [MainThread]: Sending event: {'category': 'dbt', 'action': 'adapter_info', 'label': '3626fc01-0f82-4545-aa5e-daa1f5c29c7e', 'context': [<snowplow_tracker.self_describing_json.SelfDescribingJson object at 0x000001FD58D9DAF0>]}
[0m21:58:26.827198 [info ] [MainThread]: Registered adapter: bigquery=1.11.1
[0m21:58:27.062699 [debug] [MainThread]: checksum: b80718358155fc17c3559352095564dd56ada1cc1a1c0ef2e62c857e71583775, vars: {}, profile: , target: , version: 1.11.7
[0m21:58:27.156185 [debug] [MainThread]: Partial parsing enabled: 0 files deleted, 0 files added, 0 files changed.
[0m21:58:27.157187 [debug] [MainThread]: Nothing changed, skipping partial parsing.
[0m21:58:27.157187 [debug] [MainThread]: Partial parsing enabled, no changes found, skipping parsing
[0m21:58:27.186188 [debug] [MainThread]: Sending event: {'category': 'dbt', 'action': 'load_project', 'label': '3626fc01-0f82-4545-aa5e-daa1f5c29c7e', 'context': [<snowplow_tracker.self_describing_json.SelfDescribingJson object at 0x000001FD0AA7CA10>]}
[0m21:58:27.208962 [debug] [MainThread]: Sending event: {'category': 'dbt', 'action': 'resource_counts', 'label': '3626fc01-0f82-4545-aa5e-daa1f5c29c7e', 'context': [<snowplow_tracker.self_describing_json.SelfDescribingJson object at 0x000001FD0BD26BA0>]}
[0m21:58:27.208962 [info ] [MainThread]: Found 4 models, 6 data tests, 4 sources, 539 macros
[0m21:58:27.209965 [debug] [MainThread]: Sending event: {'category': 'dbt', 'action': 'runnable_timing', 'label': '3626fc01-0f82-4545-aa5e-daa1f5c29c7e', 'context': [<snowplow_tracker.self_describing_json.SelfDescribingJson object at 0x000001FD0A4E4890>]}
[0m21:58:27.211962 [info ] [MainThread]: 
[0m21:58:27.211962 [info ] [MainThread]: Concurrency: 4 threads (target='dev')
[0m21:58:27.212961 [info ] [MainThread]: 
[0m21:58:27.212961 [debug] [MainThread]: Acquiring new bigquery connection 'master'
[0m21:58:27.217245 [debug] [ThreadPool]: Acquiring new bigquery connection 'list_project-505e76f5-40a4-4295-b57_ecom_staging'
[0m21:58:27.217245 [debug] [ThreadPool]: Opening a new connection, currently in state init
[0m21:58:29.069560 [debug] [MainThread]: Sending event: {'category': 'dbt', 'action': 'runnable_timing', 'label': '3626fc01-0f82-4545-aa5e-daa1f5c29c7e', 'context': [<snowplow_tracker.self_describing_json.SelfDescribingJson object at 0x000001FD0A8005F0>]}
[0m21:58:29.070557 [debug] [MainThread]: Opening a new connection, currently in state init
[0m21:58:29.073557 [debug] [Thread-1 (]: Began running node model.ecommerce_retention_analytics.stg_order_items
[0m21:58:29.074558 [debug] [Thread-2 (]: Began running node model.ecommerce_retention_analytics.stg_orders
[0m21:58:29.074558 [debug] [Thread-3 (]: Began running node model.ecommerce_retention_analytics.stg_users
[0m21:58:29.075557 [debug] [Thread-1 (]: Acquiring new bigquery connection 'model.ecommerce_retention_analytics.stg_order_items'
[0m21:58:29.075557 [debug] [Thread-2 (]: Acquiring new bigquery connection 'model.ecommerce_retention_analytics.stg_orders'
[0m21:58:29.075557 [debug] [Thread-3 (]: Acquiring new bigquery connection 'model.ecommerce_retention_analytics.stg_users'
[0m21:58:29.076558 [debug] [Thread-1 (]: Began compiling node model.ecommerce_retention_analytics.stg_order_items
[0m21:58:29.076558 [debug] [Thread-2 (]: Began compiling node model.ecommerce_retention_analytics.stg_orders
[0m21:58:29.076558 [debug] [Thread-3 (]: Began compiling node model.ecommerce_retention_analytics.stg_users
[0m21:58:29.082558 [debug] [Thread-1 (]: Writing injected SQL for node "model.ecommerce_retention_analytics.stg_order_items"
[0m21:58:29.084561 [debug] [Thread-2 (]: Writing injected SQL for node "model.ecommerce_retention_analytics.stg_orders"
[0m21:58:29.086558 [debug] [Thread-3 (]: Writing injected SQL for node "model.ecommerce_retention_analytics.stg_users"
[0m21:58:29.087556 [debug] [Thread-1 (]: Began executing node model.ecommerce_retention_analytics.stg_order_items
[0m21:58:29.088560 [debug] [Thread-1 (]: Opening a new connection, currently in state init
[0m21:58:29.089559 [debug] [Thread-1 (]: Finished running node model.ecommerce_retention_analytics.stg_order_items
[0m21:58:29.089559 [debug] [Thread-3 (]: Began executing node model.ecommerce_retention_analytics.stg_users
[0m21:58:29.089559 [debug] [Thread-2 (]: Began executing node model.ecommerce_retention_analytics.stg_orders
[0m21:58:29.090565 [debug] [Thread-3 (]: Opening a new connection, currently in state init
[0m21:58:29.090565 [debug] [Thread-2 (]: Opening a new connection, currently in state init
[0m21:58:29.091561 [debug] [Thread-3 (]: Finished running node model.ecommerce_retention_analytics.stg_users
[0m21:58:29.092558 [debug] [Thread-2 (]: Finished running node model.ecommerce_retention_analytics.stg_orders
[0m21:58:29.092558 [debug] [Thread-4 (]: Began running node test.ecommerce_retention_analytics.not_null_stg_users_user_id.980dfc1b77
[0m21:58:29.093557 [debug] [Thread-2 (]: Began running node test.ecommerce_retention_analytics.unique_stg_users_user_id.c2ff477e6b
[0m21:58:29.093557 [debug] [Thread-3 (]: Began running node model.ecommerce_retention_analytics.dim_customers
[0m21:58:29.093557 [debug] [Thread-4 (]: Acquiring new bigquery connection 'test.ecommerce_retention_analytics.not_null_stg_users_user_id.980dfc1b77'
[0m21:58:29.094556 [debug] [Thread-1 (]: Began running node test.ecommerce_retention_analytics.not_null_stg_orders_order_id.81cfe2fe64
[0m21:58:29.094556 [debug] [Thread-2 (]: Re-using an available connection from the pool (formerly model.ecommerce_retention_analytics.stg_orders, now test.ecommerce_retention_analytics.unique_stg_users_user_id.c2ff477e6b)
[0m21:58:29.094556 [debug] [Thread-3 (]: Re-using an available connection from the pool (formerly model.ecommerce_retention_analytics.stg_users, now model.ecommerce_retention_analytics.dim_customers)
[0m21:58:29.095557 [debug] [Thread-4 (]: Began compiling node test.ecommerce_retention_analytics.not_null_stg_users_user_id.980dfc1b77
[0m21:58:29.095557 [debug] [Thread-1 (]: Re-using an available connection from the pool (formerly model.ecommerce_retention_analytics.stg_order_items, now test.ecommerce_retention_analytics.not_null_stg_orders_order_id.81cfe2fe64)
[0m21:58:29.095557 [debug] [Thread-2 (]: Began compiling node test.ecommerce_retention_analytics.unique_stg_users_user_id.c2ff477e6b
[0m21:58:29.096560 [debug] [Thread-3 (]: Began compiling node model.ecommerce_retention_analytics.dim_customers
[0m21:58:29.104559 [debug] [Thread-4 (]: Writing injected SQL for node "test.ecommerce_retention_analytics.not_null_stg_users_user_id.980dfc1b77"
[0m21:58:29.104559 [debug] [Thread-1 (]: Began compiling node test.ecommerce_retention_analytics.not_null_stg_orders_order_id.81cfe2fe64
[0m21:58:29.108558 [debug] [Thread-2 (]: Writing injected SQL for node "test.ecommerce_retention_analytics.unique_stg_users_user_id.c2ff477e6b"
[0m21:58:29.110557 [debug] [Thread-3 (]: Writing injected SQL for node "model.ecommerce_retention_analytics.dim_customers"
[0m21:58:29.113557 [debug] [Thread-1 (]: Writing injected SQL for node "test.ecommerce_retention_analytics.not_null_stg_orders_order_id.81cfe2fe64"
[0m21:58:29.114561 [debug] [Thread-4 (]: Began executing node test.ecommerce_retention_analytics.not_null_stg_users_user_id.980dfc1b77
[0m21:58:29.115753 [debug] [Thread-2 (]: Began executing node test.ecommerce_retention_analytics.unique_stg_users_user_id.c2ff477e6b
[0m21:58:29.115753 [debug] [Thread-4 (]: Opening a new connection, currently in state init
[0m21:58:29.115753 [debug] [Thread-1 (]: Began executing node test.ecommerce_retention_analytics.not_null_stg_orders_order_id.81cfe2fe64
[0m21:58:29.115753 [debug] [Thread-2 (]: Opening a new connection, currently in state closed
[0m21:58:29.117165 [debug] [Thread-3 (]: Began executing node model.ecommerce_retention_analytics.dim_customers
[0m21:58:29.118171 [debug] [Thread-4 (]: Finished running node test.ecommerce_retention_analytics.not_null_stg_users_user_id.980dfc1b77
[0m21:58:29.118171 [debug] [Thread-1 (]: Opening a new connection, currently in state closed
[0m21:58:29.119170 [debug] [Thread-2 (]: Finished running node test.ecommerce_retention_analytics.unique_stg_users_user_id.c2ff477e6b
[0m21:58:29.119170 [debug] [Thread-3 (]: Opening a new connection, currently in state closed
[0m21:58:29.119170 [debug] [Thread-4 (]: Began running node test.ecommerce_retention_analytics.unique_stg_orders_order_id.e3b841c71a
[0m21:58:29.120170 [debug] [Thread-1 (]: Finished running node test.ecommerce_retention_analytics.not_null_stg_orders_order_id.81cfe2fe64
[0m21:58:29.121170 [debug] [Thread-3 (]: Finished running node model.ecommerce_retention_analytics.dim_customers
[0m21:58:29.121170 [debug] [Thread-4 (]: Re-using an available connection from the pool (formerly test.ecommerce_retention_analytics.not_null_stg_users_user_id.980dfc1b77, now test.ecommerce_retention_analytics.unique_stg_orders_order_id.e3b841c71a)
[0m21:58:29.121170 [debug] [Thread-2 (]: Began running node test.ecommerce_retention_analytics.not_null_dim_customers_user_id.d6a844546c
[0m21:58:29.122322 [debug] [Thread-1 (]: Began running node test.ecommerce_retention_analytics.unique_dim_customers_user_id.a4ad18eff3
[0m21:58:29.122322 [debug] [Thread-4 (]: Began compiling node test.ecommerce_retention_analytics.unique_stg_orders_order_id.e3b841c71a
[0m21:58:29.122322 [debug] [Thread-2 (]: Re-using an available connection from the pool (formerly test.ecommerce_retention_analytics.unique_stg_users_user_id.c2ff477e6b, now test.ecommerce_retention_analytics.not_null_dim_customers_user_id.d6a844546c)
[0m21:58:29.122322 [debug] [Thread-1 (]: Re-using an available connection from the pool (formerly test.ecommerce_retention_analytics.not_null_stg_orders_order_id.81cfe2fe64, now test.ecommerce_retention_analytics.unique_dim_customers_user_id.a4ad18eff3)
[0m21:58:29.125330 [debug] [Thread-4 (]: Writing injected SQL for node "test.ecommerce_retention_analytics.unique_stg_orders_order_id.e3b841c71a"
[0m21:58:29.126325 [debug] [Thread-2 (]: Began compiling node test.ecommerce_retention_analytics.not_null_dim_customers_user_id.d6a844546c
[0m21:58:29.126325 [debug] [Thread-1 (]: Began compiling node test.ecommerce_retention_analytics.unique_dim_customers_user_id.a4ad18eff3
[0m21:58:29.128328 [debug] [Thread-2 (]: Writing injected SQL for node "test.ecommerce_retention_analytics.not_null_dim_customers_user_id.d6a844546c"
[0m21:58:29.131328 [debug] [Thread-1 (]: Writing injected SQL for node "test.ecommerce_retention_analytics.unique_dim_customers_user_id.a4ad18eff3"
[0m21:58:29.131328 [debug] [Thread-4 (]: Began executing node test.ecommerce_retention_analytics.unique_stg_orders_order_id.e3b841c71a
[0m21:58:29.132327 [debug] [Thread-4 (]: Opening a new connection, currently in state closed
[0m21:58:29.133332 [debug] [Thread-2 (]: Began executing node test.ecommerce_retention_analytics.not_null_dim_customers_user_id.d6a844546c
[0m21:58:29.134329 [debug] [Thread-4 (]: Finished running node test.ecommerce_retention_analytics.unique_stg_orders_order_id.e3b841c71a
[0m21:58:29.134329 [debug] [Thread-1 (]: Began executing node test.ecommerce_retention_analytics.unique_dim_customers_user_id.a4ad18eff3
[0m21:58:29.135335 [debug] [Thread-2 (]: Opening a new connection, currently in state closed
[0m21:58:29.135335 [debug] [Thread-1 (]: Opening a new connection, currently in state closed
[0m21:58:29.136330 [debug] [Thread-2 (]: Finished running node test.ecommerce_retention_analytics.not_null_dim_customers_user_id.d6a844546c
[0m21:58:29.136330 [debug] [Thread-1 (]: Finished running node test.ecommerce_retention_analytics.unique_dim_customers_user_id.a4ad18eff3
[0m21:58:29.137328 [debug] [MainThread]: Connection 'master' was properly closed.
[0m21:58:29.138328 [debug] [MainThread]: Connection 'list_project-505e76f5-40a4-4295-b57_ecom_staging' was properly closed.
[0m21:58:29.138328 [debug] [MainThread]: Connection 'test.ecommerce_retention_analytics.unique_dim_customers_user_id.a4ad18eff3' was properly closed.
[0m21:58:29.138328 [debug] [MainThread]: Connection 'test.ecommerce_retention_analytics.not_null_dim_customers_user_id.d6a844546c' was properly closed.
[0m21:58:29.138328 [debug] [MainThread]: Connection 'model.ecommerce_retention_analytics.dim_customers' was properly closed.
[0m21:58:29.139328 [debug] [MainThread]: Connection 'test.ecommerce_retention_analytics.unique_stg_orders_order_id.e3b841c71a' was properly closed.
[0m21:58:29.140326 [debug] [MainThread]: Command end result
[0m21:58:29.196327 [debug] [MainThread]: Wrote artifact WritableManifest to C:\Users\ZELİHA TUTAR\OneDrive\Desktop\ecommerce-retention-analytics\target\manifest.json
[0m21:58:29.197328 [debug] [MainThread]: Wrote artifact SemanticManifest to C:\Users\ZELİHA TUTAR\OneDrive\Desktop\ecommerce-retention-analytics\target\semantic_manifest.json
[0m21:58:29.202328 [debug] [MainThread]: Wrote artifact RunExecutionResult to C:\Users\ZELİHA TUTAR\OneDrive\Desktop\ecommerce-retention-analytics\target\run_results.json
[0m21:58:33.886407 [debug] [MainThread]: Acquiring new bigquery connection 'generate_catalog'
[0m21:58:33.887494 [info ] [MainThread]: Building catalog
[0m21:58:33.891513 [debug] [ThreadPool]: Acquiring new bigquery connection 'project-505e76f5-40a4-4295-b57.information_schema'
[0m21:58:33.903500 [debug] [ThreadPool]: On project-505e76f5-40a4-4295-b57.information_schema: /* {"app": "dbt", "dbt_version": "1.11.7", "profile_name": "ecommerce_profile", "target_name": "dev", "connection_name": "project-505e76f5-40a4-4295-b57.information_schema"} */

    with
                table_shards_stage as (
    select
        tables.project_id as table_catalog,
        tables.dataset_id as table_schema,
        coalesce(REGEXP_EXTRACT(tables.table_id, '^(.+)[0-9]{8}$'), tables.table_id) as table_name,
        tables.table_id as shard_name,
        REGEXP_EXTRACT(tables.table_id, '^.+([0-9]{8})$') as shard_index,
        REGEXP_CONTAINS(tables.table_id, '^.+[0-9]{8}$') and tables.type = 1 as is_date_shard,
        case
            when materialized_views.table_name is not null then 'materialized view'
            when tables.type = 1 then 'table'
            when tables.type = 2 then 'view'
            else 'external'
        end as table_type,
        tables.type = 1 as is_table,
        JSON_VALUE(table_description.option_value) as table_comment,
        tables.size_bytes,
        tables.row_count
    from `project-505e76f5-40a4-4295-b57`.`ecom_staging`.__TABLES__ tables
    left join `project-505e76f5-40a4-4295-b57`.`ecom_staging`.INFORMATION_SCHEMA.MATERIALIZED_VIEWS materialized_views
        on materialized_views.table_catalog = tables.project_id
        and materialized_views.table_schema = tables.dataset_id
        and materialized_views.table_name = tables.table_id
    left join `project-505e76f5-40a4-4295-b57`.`ecom_staging`.INFORMATION_SCHEMA.TABLE_OPTIONS table_description
        on table_description.table_catalog = tables.project_id
        and table_description.table_schema = tables.dataset_id
        and table_description.table_name = tables.table_id
        and table_description.option_name = 'description'
),
                table_shards as (
                    select * from table_shards_stage
                    where ((
                                upper(table_schema) = upper('ecom_staging')
                            and upper(table_name) = upper('stg_order_items')
                            ) or (
                                upper(table_schema) = upper('ecom_staging')
                            and upper(table_name) = upper('stg_orders')
                            ) or (
                                upper(table_schema) = upper('ecom_staging')
                            and upper(table_name) = upper('stg_users')
                            ) or (
                                upper(table_schema) = upper('ecom_staging')
                            and upper(table_name) = upper('dim_customers')
                            ))
                ),
                tables as (
    select distinct
        table_catalog,
        table_schema,
        table_name,
        is_date_shard,
        table_type,
        is_table,
        table_comment
    from table_shards
),
                table_stats as (
    select
        table_catalog,
        table_schema,
        table_name,
        max(shard_name) as latest_shard_name,
        min(shard_index) as shard_min,
        max(shard_index) as shard_max,
        count(shard_index) as shard_count,
        sum(size_bytes) as size_bytes,
        sum(row_count) as row_count
    from table_shards
    group by 1, 2, 3
),

                columns as (
    select
        columns.table_catalog,
        columns.table_schema,
        columns.table_name as shard_name,
        coalesce(paths.field_path, '<unknown>') as column_name,
        -- invent a row number to account for nested fields
        -- BQ does not treat these nested properties as independent fields
        row_number() over (
            partition by
                columns.table_catalog,
                columns.table_schema,
                columns.table_name
            order by
                columns.ordinal_position,
                paths.field_path
        ) as column_index,
        coalesce(paths.data_type, '<unknown>') as column_type,
        paths.description as column_comment,
        case when columns.is_partitioning_column = 'YES' then 1 else 0 end as is_partitioning_column,
        case when columns.is_partitioning_column = 'YES' then paths.field_path end as partition_column,
        case when columns.clustering_ordinal_position is not null then 1 else 0 end as is_clustering_column,
        case when columns.clustering_ordinal_position is not null then paths.field_path end as cluster_column,
        columns.clustering_ordinal_position
    from `project-505e76f5-40a4-4295-b57`.`ecom_staging`.INFORMATION_SCHEMA.COLUMNS columns
    join `project-505e76f5-40a4-4295-b57`.`ecom_staging`.INFORMATION_SCHEMA.COLUMN_FIELD_PATHS paths
        on paths.table_catalog = columns.table_catalog
        and paths.table_schema = columns.table_schema
        and paths.table_name = columns.table_name
        and paths.column_name = columns.column_name
    where columns.ordinal_position is not null
),
                column_stats as (
    select
        table_catalog,
        table_schema,
        shard_name,
        max(is_partitioning_column) = 1 as is_partitioned,
        max(partition_column) as partition_column,
        max(is_clustering_column) = 1 as is_clustered,
        array_to_string(
            array_agg(
                cluster_column ignore nulls
                order by clustering_ordinal_position
            ), ', '
        ) as clustering_columns
    from columns
    group by 1, 2, 3
)

            
    select
        tables.table_catalog as table_database,
        tables.table_schema,
        case
            when tables.is_date_shard then concat(tables.table_name, '*')
            else tables.table_name
        end as table_name,
        tables.table_type,
        tables.table_comment,
        -- coalesce column metadata fields to ensure they are non-null for catalog generation
        -- external table columns are not present in COLUMN_FIELD_PATHS
        coalesce(columns.column_name, '<unknown>') as column_name,
        coalesce(columns.column_index, 1) as column_index,
        coalesce(columns.column_type, '<unknown>') as column_type,
        coalesce(columns.column_comment, '') as column_comment,

        'Shard count' as `stats__date_shards__label`,
        table_stats.shard_count as `stats__date_shards__value`,
        'The number of date shards in this table' as `stats__date_shards__description`,
        tables.is_date_shard as `stats__date_shards__include`,

        'Shard (min)' as `stats__date_shard_min__label`,
        table_stats.shard_min as `stats__date_shard_min__value`,
        'The first date shard in this table' as `stats__date_shard_min__description`,
        tables.is_date_shard as `stats__date_shard_min__include`,

        'Shard (max)' as `stats__date_shard_max__label`,
        table_stats.shard_max as `stats__date_shard_max__value`,
        'The last date shard in this table' as `stats__date_shard_max__description`,
        tables.is_date_shard as `stats__date_shard_max__include`,

        '# Rows' as `stats__num_rows__label`,
        table_stats.row_count as `stats__num_rows__value`,
        'Approximate count of rows in this table' as `stats__num_rows__description`,
        tables.is_table as `stats__num_rows__include`,

        'Approximate Size' as `stats__num_bytes__label`,
        table_stats.size_bytes as `stats__num_bytes__value`,
        'Approximate size of table as reported by BigQuery' as `stats__num_bytes__description`,
        tables.is_table as `stats__num_bytes__include`,

        'Partitioned By' as `stats__partitioning_type__label`,
        column_stats.partition_column as `stats__partitioning_type__value`,
        'The partitioning column for this table' as `stats__partitioning_type__description`,
        column_stats.is_partitioned as `stats__partitioning_type__include`,

        'Clustered By' as `stats__clustering_fields__label`,
        column_stats.clustering_columns as `stats__clustering_fields__value`,
        'The clustering columns for this table' as `stats__clustering_fields__description`,
        column_stats.is_clustered as `stats__clustering_fields__include`

    from tables
    join table_stats
        on table_stats.table_catalog = tables.table_catalog
        and table_stats.table_schema = tables.table_schema
        and table_stats.table_name = tables.table_name
    left join column_stats
        on column_stats.table_catalog = tables.table_catalog
        and column_stats.table_schema = tables.table_schema
        and column_stats.shard_name = table_stats.latest_shard_name
    left join columns
        on columns.table_catalog = tables.table_catalog
        and columns.table_schema = tables.table_schema
        and columns.shard_name = table_stats.latest_shard_name

  
[0m21:58:33.904501 [debug] [ThreadPool]: Acquiring new bigquery connection 'project-505e76f5-40a4-4295-b57.information_schema'
[0m21:58:33.904501 [debug] [ThreadPool]: Opening a new connection, currently in state init
[0m21:58:33.906501 [debug] [ThreadPool]: On project-505e76f5-40a4-4295-b57.information_schema: /* {"app": "dbt", "dbt_version": "1.11.7", "profile_name": "ecommerce_profile", "target_name": "dev", "connection_name": "project-505e76f5-40a4-4295-b57.information_schema"} */

    with
                table_shards_stage as (
    select
        tables.project_id as table_catalog,
        tables.dataset_id as table_schema,
        coalesce(REGEXP_EXTRACT(tables.table_id, '^(.+)[0-9]{8}$'), tables.table_id) as table_name,
        tables.table_id as shard_name,
        REGEXP_EXTRACT(tables.table_id, '^.+([0-9]{8})$') as shard_index,
        REGEXP_CONTAINS(tables.table_id, '^.+[0-9]{8}$') and tables.type = 1 as is_date_shard,
        case
            when materialized_views.table_name is not null then 'materialized view'
            when tables.type = 1 then 'table'
            when tables.type = 2 then 'view'
            else 'external'
        end as table_type,
        tables.type = 1 as is_table,
        JSON_VALUE(table_description.option_value) as table_comment,
        tables.size_bytes,
        tables.row_count
    from `project-505e76f5-40a4-4295-b57`.`ecom_raw`.__TABLES__ tables
    left join `project-505e76f5-40a4-4295-b57`.`ecom_raw`.INFORMATION_SCHEMA.MATERIALIZED_VIEWS materialized_views
        on materialized_views.table_catalog = tables.project_id
        and materialized_views.table_schema = tables.dataset_id
        and materialized_views.table_name = tables.table_id
    left join `project-505e76f5-40a4-4295-b57`.`ecom_raw`.INFORMATION_SCHEMA.TABLE_OPTIONS table_description
        on table_description.table_catalog = tables.project_id
        and table_description.table_schema = tables.dataset_id
        and table_description.table_name = tables.table_id
        and table_description.option_name = 'description'
),
                table_shards as (
                    select * from table_shards_stage
                    where ((
                                upper(table_schema) = upper('ecom_raw')
                            and upper(table_name) = upper('raw_orders')
                            ) or (
                                upper(table_schema) = upper('ecom_raw')
                            and upper(table_name) = upper('raw_users')
                            ) or (
                                upper(table_schema) = upper('ecom_raw')
                            and upper(table_name) = upper('raw_products')
                            ) or (
                                upper(table_schema) = upper('ecom_raw')
                            and upper(table_name) = upper('raw_order_items')
                            ))
                ),
                tables as (
    select distinct
        table_catalog,
        table_schema,
        table_name,
        is_date_shard,
        table_type,
        is_table,
        table_comment
    from table_shards
),
                table_stats as (
    select
        table_catalog,
        table_schema,
        table_name,
        max(shard_name) as latest_shard_name,
        min(shard_index) as shard_min,
        max(shard_index) as shard_max,
        count(shard_index) as shard_count,
        sum(size_bytes) as size_bytes,
        sum(row_count) as row_count
    from table_shards
    group by 1, 2, 3
),

                columns as (
    select
        columns.table_catalog,
        columns.table_schema,
        columns.table_name as shard_name,
        coalesce(paths.field_path, '<unknown>') as column_name,
        -- invent a row number to account for nested fields
        -- BQ does not treat these nested properties as independent fields
        row_number() over (
            partition by
                columns.table_catalog,
                columns.table_schema,
                columns.table_name
            order by
                columns.ordinal_position,
                paths.field_path
        ) as column_index,
        coalesce(paths.data_type, '<unknown>') as column_type,
        paths.description as column_comment,
        case when columns.is_partitioning_column = 'YES' then 1 else 0 end as is_partitioning_column,
        case when columns.is_partitioning_column = 'YES' then paths.field_path end as partition_column,
        case when columns.clustering_ordinal_position is not null then 1 else 0 end as is_clustering_column,
        case when columns.clustering_ordinal_position is not null then paths.field_path end as cluster_column,
        columns.clustering_ordinal_position
    from `project-505e76f5-40a4-4295-b57`.`ecom_raw`.INFORMATION_SCHEMA.COLUMNS columns
    join `project-505e76f5-40a4-4295-b57`.`ecom_raw`.INFORMATION_SCHEMA.COLUMN_FIELD_PATHS paths
        on paths.table_catalog = columns.table_catalog
        and paths.table_schema = columns.table_schema
        and paths.table_name = columns.table_name
        and paths.column_name = columns.column_name
    where columns.ordinal_position is not null
),
                column_stats as (
    select
        table_catalog,
        table_schema,
        shard_name,
        max(is_partitioning_column) = 1 as is_partitioned,
        max(partition_column) as partition_column,
        max(is_clustering_column) = 1 as is_clustered,
        array_to_string(
            array_agg(
                cluster_column ignore nulls
                order by clustering_ordinal_position
            ), ', '
        ) as clustering_columns
    from columns
    group by 1, 2, 3
)

            
    select
        tables.table_catalog as table_database,
        tables.table_schema,
        case
            when tables.is_date_shard then concat(tables.table_name, '*')
            else tables.table_name
        end as table_name,
        tables.table_type,
        tables.table_comment,
        -- coalesce column metadata fields to ensure they are non-null for catalog generation
        -- external table columns are not present in COLUMN_FIELD_PATHS
        coalesce(columns.column_name, '<unknown>') as column_name,
        coalesce(columns.column_index, 1) as column_index,
        coalesce(columns.column_type, '<unknown>') as column_type,
        coalesce(columns.column_comment, '') as column_comment,

        'Shard count' as `stats__date_shards__label`,
        table_stats.shard_count as `stats__date_shards__value`,
        'The number of date shards in this table' as `stats__date_shards__description`,
        tables.is_date_shard as `stats__date_shards__include`,

        'Shard (min)' as `stats__date_shard_min__label`,
        table_stats.shard_min as `stats__date_shard_min__value`,
        'The first date shard in this table' as `stats__date_shard_min__description`,
        tables.is_date_shard as `stats__date_shard_min__include`,

        'Shard (max)' as `stats__date_shard_max__label`,
        table_stats.shard_max as `stats__date_shard_max__value`,
        'The last date shard in this table' as `stats__date_shard_max__description`,
        tables.is_date_shard as `stats__date_shard_max__include`,

        '# Rows' as `stats__num_rows__label`,
        table_stats.row_count as `stats__num_rows__value`,
        'Approximate count of rows in this table' as `stats__num_rows__description`,
        tables.is_table as `stats__num_rows__include`,

        'Approximate Size' as `stats__num_bytes__label`,
        table_stats.size_bytes as `stats__num_bytes__value`,
        'Approximate size of table as reported by BigQuery' as `stats__num_bytes__description`,
        tables.is_table as `stats__num_bytes__include`,

        'Partitioned By' as `stats__partitioning_type__label`,
        column_stats.partition_column as `stats__partitioning_type__value`,
        'The partitioning column for this table' as `stats__partitioning_type__description`,
        column_stats.is_partitioned as `stats__partitioning_type__include`,

        'Clustered By' as `stats__clustering_fields__label`,
        column_stats.clustering_columns as `stats__clustering_fields__value`,
        'The clustering columns for this table' as `stats__clustering_fields__description`,
        column_stats.is_clustered as `stats__clustering_fields__include`

    from tables
    join table_stats
        on table_stats.table_catalog = tables.table_catalog
        and table_stats.table_schema = tables.table_schema
        and table_stats.table_name = tables.table_name
    left join column_stats
        on column_stats.table_catalog = tables.table_catalog
        and column_stats.table_schema = tables.table_schema
        and column_stats.shard_name = table_stats.latest_shard_name
    left join columns
        on columns.table_catalog = tables.table_catalog
        and columns.table_schema = tables.table_schema
        and columns.shard_name = table_stats.latest_shard_name

  
[0m21:58:33.909500 [debug] [ThreadPool]: Opening a new connection, currently in state init
[0m21:58:34.881717 [debug] [ThreadPool]: BigQuery adapter: https://console.cloud.google.com/bigquery?project=project-505e76f5-40a4-4295-b57&j=bq:EU:e2255211-33bd-42d4-a0ce-e267d86c82f1&page=queryresults
[0m21:58:34.894713 [debug] [ThreadPool]: BigQuery adapter: https://console.cloud.google.com/bigquery?project=project-505e76f5-40a4-4295-b57&j=bq:EU:1c007232-af3f-4f11-bf1e-7a0f7485704a&page=queryresults
[0m21:58:35.992095 [debug] [ThreadPool]: SQL status: OK in 1.096 seconds
[0m21:58:36.549494 [debug] [ThreadPool]: SQL status: OK in 1.668 seconds
[0m21:58:37.002849 [debug] [MainThread]: Opening a new connection, currently in state init
[0m21:58:37.013848 [debug] [MainThread]: Wrote artifact CatalogArtifact to C:\Users\ZELİHA TUTAR\OneDrive\Desktop\ecommerce-retention-analytics\target\catalog.json
[0m21:58:37.035087 [debug] [MainThread]: Wrote artifact WritableManifest to C:\Users\ZELİHA TUTAR\OneDrive\Desktop\ecommerce-retention-analytics\target\manifest.json
[0m21:58:37.038086 [debug] [MainThread]: Wrote artifact SemanticManifest to C:\Users\ZELİHA TUTAR\OneDrive\Desktop\ecommerce-retention-analytics\target\semantic_manifest.json
[0m21:58:37.038086 [info ] [MainThread]: Catalog written to C:\Users\ZELİHA TUTAR\OneDrive\Desktop\ecommerce-retention-analytics\target\catalog.json
[0m21:58:37.039088 [debug] [MainThread]: Command `dbt docs generate` succeeded at 21:58:37.039088 after 11.33 seconds
[0m21:58:37.039088 [debug] [MainThread]: Connection 'generate_catalog' was properly closed.
[0m21:58:37.040087 [debug] [MainThread]: Connection 'project-505e76f5-40a4-4295-b57.information_schema' was properly closed.
[0m21:58:37.040087 [debug] [MainThread]: Connection 'project-505e76f5-40a4-4295-b57.information_schema' was properly closed.
[0m21:58:37.040087 [debug] [MainThread]: Sending event: {'category': 'dbt', 'action': 'invocation', 'label': 'end', 'context': [<snowplow_tracker.self_describing_json.SelfDescribingJson object at 0x000001FD5940D250>, <snowplow_tracker.self_describing_json.SelfDescribingJson object at 0x000001FD59449E50>, <snowplow_tracker.self_describing_json.SelfDescribingJson object at 0x000001FD5944A7B0>]}
[0m21:58:37.040087 [debug] [MainThread]: Flushing usage events
[0m21:58:38.060877 [debug] [MainThread]: An error was encountered while trying to flush usage events
[0m21:59:05.695036 [debug] [MainThread]: Sending event: {'category': 'dbt', 'action': 'invocation', 'label': 'start', 'context': [<snowplow_tracker.self_describing_json.SelfDescribingJson object at 0x0000027B30A0F530>, <snowplow_tracker.self_describing_json.SelfDescribingJson object at 0x0000027B364F64E0>, <snowplow_tracker.self_describing_json.SelfDescribingJson object at 0x0000027B36773860>]}


============================== 21:59:05.699038 | 47f348e4-acf1-436a-9af4-d1b5db66d3f0 ==============================
[0m21:59:05.699038 [info ] [MainThread]: Running with dbt=1.11.7
[0m21:59:05.699038 [debug] [MainThread]: running dbt with arguments {'static_parser': 'True', 'no_print': 'None', 'version_check': 'True', 'warn_error_options': 'WarnErrorOptionsV2(error=[], warn=[], silence=[])', 'target_path': 'None', 'printer_width': '80', 'write_json': 'True', 'introspect': 'True', 'log_cache_events': 'False', 'empty': 'None', 'cache_selected_only': 'False', 'fail_fast': 'False', 'debug': 'False', 'log_format': 'default', 'partial_parse': 'True', 'send_anonymous_usage_stats': 'True', 'quiet': 'False', 'warn_error': 'None', 'profiles_dir': 'C:\\Users\\ZELİHA TUTAR\\.dbt', 'use_colors': 'True', 'indirect_selection': 'eager', 'invocation_command': 'dbt docs serve', 'use_experimental_parser': 'False', 'log_path': 'C:\\Users\\ZELİHA TUTAR\\OneDrive\\Desktop\\ecommerce-retention-analytics\\logs'}
[0m21:59:06.669644 [debug] [MainThread]: Sending event: {'category': 'dbt', 'action': 'project_id', 'label': '47f348e4-acf1-436a-9af4-d1b5db66d3f0', 'context': [<snowplow_tracker.self_describing_json.SelfDescribingJson object at 0x0000027B38057EF0>]}
[0m21:59:06.731646 [debug] [MainThread]: Sending event: {'category': 'dbt', 'action': 'adapter_info', 'label': '47f348e4-acf1-436a-9af4-d1b5db66d3f0', 'context': [<snowplow_tracker.self_describing_json.SelfDescribingJson object at 0x0000027B367101D0>]}
